{"options":{"check_for_updates":true,"comment":null,"compat_foreach":false,"compat_metadata":false,"compat_prototypes":false,"compat_wrappedjsobject":false,"compatopts_for_requires":true,"noframes":null,"override":{"merge_connects":true,"merge_excludes":true,"merge_includes":true,"merge_matches":true,"orig_connects":["azkou.cn","idey.cn","baidu.com","baiduyun.wiki","*","baidupcs.com"],"orig_excludes":["*://login.taobao.com/*","*://pages.tmall.com/*","*://uland.taobao.com"],"orig_includes":[],"orig_matches":["*://item.taobao.com/*","*://yun.baidu.com/share/*","*://*detail.tmall.com/*","*://pan.baidu.com/share/*","*://*detail.tmall.hk/*","*://*.taobao.com/*","*://yun.baidu.com/s/*","*://*.tmall.com/*","*://pan.baidu.com/s/*","*://*.tmall.hk/*","*://yun.baidu.com/disk/home*","*://*.liangxinyao.com/*","*://pan.baidu.com/disk/home*","*://*.taobao.com/*","*://*.tmall.com/*","*://*.tmall.hk/*","*://*.jd.com/*","*://*.jd.hk/*","*://*.yiyaojd.com/*","*://*.liangxinyao.com/*"],"orig_noframes":null,"orig_run_at":"document-body","use_blockers":[],"use_connects":[],"use_excludes":[],"use_includes":[],"use_matches":[]},"run_at":null},"settings":{"enabled":false,"position":47},"meta":{"name":"(最新完美版)百度网盘下载助手","uuid":"9618d48a-92e0-46ad-be26-dd5876fd3c8f","modified":1633691635494}}