{"options":{"check_for_updates":true,"comment":null,"compat_foreach":false,"compat_metadata":false,"compat_prototypes":false,"compat_wrappedjsobject":false,"compatopts_for_requires":true,"noframes":null,"override":{"merge_connects":true,"merge_excludes":true,"merge_includes":true,"merge_matches":true,"orig_connects":[],"orig_excludes":[],"orig_includes":[],"orig_matches":["https://yz.chsi.com.cn/zsml/queryAction.do","https://yz.chsi.com.cn/sch/**","http://www.chinadegrees.cn/xwyyjsjyxx/xkpgjg/","http://www.cdgdc.edu.cn/xwyyjsjyxx/xkpgjg/"],"orig_noframes":null,"orig_run_at":"document-idle","use_blockers":[],"use_connects":[],"use_excludes":[],"use_includes":[],"use_matches":[]},"run_at":null},"settings":{"enabled":true,"position":10},"meta":{"name":"985/211/双一流提示","uuid":"a5856300-654a-4508-8719-d850e7cc1897","modified":1633691635467}}