{"options":{"check_for_updates":true,"comment":null,"compat_foreach":false,"compat_metadata":false,"compat_prototypes":false,"compat_wrappedjsobject":false,"compatopts_for_requires":true,"noframes":null,"override":{"merge_connects":true,"merge_excludes":true,"merge_includes":true,"merge_matches":true,"orig_connects":["baidu.com","google.com","google.com.hk","google.com.jp","bing.com","duckduckgo.com","dogedoge.com","so.com"],"orig_excludes":["*://*.google*/sorry*","https://zhidao.baidu.com/*","https://*.zhidao.baidu.com/*","https://www.baidu.com/img/*"],"orig_includes":["*://ipv6.baidu.com/*","*://www.baidu.com/*","*://www1.baidu.com/*","*://m.baidu.com/*","*://xueshu.baidu.com/s*","*://www.so.com/s?*","*://*.bing.com/*","*://encrypted.google.*/search*","*://*.google*/search*","*://*.google*/webhp*","*://*.zhihu.com/*","*://*duckduckgo.com/*","*://*.dogedoge.com/*"],"orig_matches":[],"orig_noframes":null,"orig_run_at":"document-start","use_blockers":[],"use_connects":[],"use_excludes":[],"use_includes":[],"use_matches":[]},"run_at":null},"settings":{"enabled":true,"position":16},"meta":{"name":"AC-baidu-重定向优化百度搜狗谷歌必应搜索_favicon_双列","uuid":"94459aeb-4c79-47f0-af81-dc9dd4d124c0","modified":1633691635473}}