{"options":{"check_for_updates":true,"comment":null,"compat_foreach":false,"compat_metadata":false,"compat_prototypes":false,"compat_wrappedjsobject":false,"compatopts_for_requires":true,"noframes":null,"override":{"merge_connects":true,"merge_excludes":true,"merge_includes":true,"merge_matches":true,"orig_connects":["www.nekostu.top","localhost"],"orig_excludes":[],"orig_includes":[],"orig_matches":["https://www.bilibili.com/bangumi/*","http://www.yhdm.so/search/*"],"orig_noframes":null,"orig_run_at":"document-idle","use_blockers":[],"use_connects":[],"use_excludes":[],"use_includes":[],"use_matches":[]},"run_at":null},"settings":{"enabled":true,"position":33},"meta":{"name":"b站番剧播放页内跳转樱花搜索","uuid":"4dab7d68-f7b7-4d15-8466-3fd7b15f224e","modified":1633691635481}}