{"options":{"check_for_updates":true,"comment":null,"compat_foreach":false,"compat_metadata":false,"compat_prototypes":false,"compat_wrappedjsobject":false,"compatopts_for_requires":true,"noframes":null,"override":{"merge_connects":true,"merge_excludes":true,"merge_includes":true,"merge_matches":true,"orig_connects":[],"orig_excludes":[],"orig_includes":["*://medium.com/*","*://twitter.com/*","*://mobile.twitter.com/*","*://weibo.com/*","*://*.weibo.com/*","*://*.vmgirls.com/*","*://wallpaperhub.app/*","*://*.bing.com/*","*://*.msn.cn/*"],"orig_matches":[],"orig_noframes":true,"orig_run_at":"document-idle","use_blockers":[],"use_connects":[],"use_excludes":[],"use_includes":[],"use_matches":[]},"run_at":null},"settings":{"enabled":true,"position":3},"meta":{"name":"Download Original Picture","uuid":"094f2d84-f2a9-4e0e-93bb-e5a44634b479","modified":1633691635454}}