{"options":{"check_for_updates":true,"comment":null,"compat_foreach":false,"compat_metadata":false,"compat_prototypes":false,"compat_wrappedjsobject":false,"compatopts_for_requires":true,"noframes":null,"override":{"merge_connects":true,"merge_excludes":true,"merge_includes":true,"merge_matches":true,"orig_connects":["greasyfork.org","sleazyfork.org"],"orig_excludes":[],"orig_includes":["http*://greasyfork.org/*","http*://www.greasyfork.org/*","http*://sleazyfork.org/*","http*://www.sleazyfork.org/*"],"orig_matches":[],"orig_noframes":null,"orig_run_at":"document-idle","use_blockers":[],"use_connects":[],"use_excludes":[],"use_includes":[],"use_matches":[]},"run_at":null},"settings":{"enabled":true,"position":29},"meta":{"name":"Greasyfork Search with Sleazyfork Results include","uuid":"bd910c4b-f9f4-4f6f-8ac9-81c4b07fa614","modified":1633691635480}}