{"options":{"check_for_updates":true,"comment":null,"compat_foreach":false,"compat_metadata":false,"compat_prototypes":false,"compat_wrappedjsobject":false,"compatopts_for_requires":true,"noframes":null,"override":{"merge_connects":true,"merge_excludes":true,"merge_includes":true,"merge_matches":true,"orig_connects":["www.google.com","www.google.com.hk","www.google.co.jp","ipv4.google.com","image.baidu.com","www.tineye.com"],"orig_excludes":["http://www.toodledo.com/tasks/*","http*://maps.google.com*/*","*://www.google.*/_/chrome/newtab*"],"orig_includes":["http://*","https://*"],"orig_matches":[],"orig_noframes":null,"orig_run_at":"document-end","use_blockers":[],"use_connects":[],"use_excludes":[],"use_includes":[],"use_matches":[]},"run_at":null},"settings":{"enabled":true,"position":6},"meta":{"name":"Picviewer CE+","uuid":"834e08ff-ba90-4596-a9ad-b77237e1b3c4","modified":1633691635461}}