{"options":{"check_for_updates":true,"comment":null,"compat_foreach":false,"compat_metadata":false,"compat_prototypes":false,"compat_wrappedjsobject":false,"compatopts_for_requires":true,"noframes":null,"override":{"merge_connects":true,"merge_excludes":true,"merge_includes":true,"merge_matches":true,"orig_connects":["zhihu.com","baidu.com","baiducontent.com","dadiyouhui02.cn","*"],"orig_excludes":[],"orig_includes":[],"orig_matches":["*://*.baidu.com/*","*://*.google.com/*","*://*.bing.com/*","*://*.so.com/*","*://*.zhihu.com/*","*://*.douban.com/*","*://*twitter.com/*","*://*youtube.com/*","*://*/*"],"orig_noframes":true,"orig_run_at":"document-idle","use_blockers":[],"use_connects":[],"use_excludes":[],"use_includes":[],"use_matches":[]},"run_at":null},"settings":{"enabled":true,"position":19},"meta":{"name":"【屏蔽广告】屏蔽谷歌广告、百度广告、知乎广告、隐藏谷歌和百度搜索增强百度搜索结果的各种广告等等（过滤所有采用谷歌联盟和百度联盟等广告联盟的广告）","uuid":"d87669ac-d69f-4ed7-8b75-3c7329e4615d","modified":1633691635475}}