{"options":{"check_for_updates":true,"comment":null,"compat_foreach":false,"compat_metadata":false,"compat_prototypes":false,"compat_wrappedjsobject":false,"compatopts_for_requires":true,"noframes":null,"override":{"merge_connects":true,"merge_excludes":true,"merge_includes":true,"merge_matches":true,"orig_connects":[],"orig_excludes":[],"orig_includes":[],"orig_matches":["http://ext.chrome.360.cn/*","https://ext.chrome.360.cn/*"],"orig_noframes":null,"orig_run_at":"body-start","use_blockers":[],"use_connects":[],"use_excludes":[],"use_includes":[],"use_matches":[]},"run_at":null},"settings":{"enabled":true,"position":24},"meta":{"name":"去除360极速扩展中心限制","uuid":"dd4cdd85-fc34-4913-8362-38c25ebefd88","modified":1633691635478}}