{"options":{"check_for_updates":true,"comment":null,"compat_foreach":false,"compat_metadata":false,"compat_prototypes":false,"compat_wrappedjsobject":false,"compatopts_for_requires":true,"noframes":null,"override":{"merge_connects":true,"merge_excludes":true,"merge_includes":true,"merge_matches":true,"orig_connects":["biliplus.com"],"orig_excludes":[],"orig_includes":[],"orig_matches":["https://space.bilibili.com/*"],"orig_noframes":null,"orig_run_at":"document-idle","use_blockers":[],"use_connects":[],"use_excludes":[],"use_includes":[],"use_matches":[]},"run_at":null},"settings":{"enabled":true,"position":22},"meta":{"name":"哔哩哔哩(B站|Bilibili)收藏夹Fix","uuid":"6730b86b-2de5-47bf-93fa-0a5bfae7bbda","modified":1633691635476}}