{"options":{"check_for_updates":true,"comment":null,"compat_foreach":false,"compat_metadata":false,"compat_prototypes":false,"compat_wrappedjsobject":false,"compatopts_for_requires":true,"noframes":null,"override":{"merge_connects":true,"merge_excludes":true,"merge_includes":true,"merge_matches":true,"orig_connects":["api.gocos.cn"],"orig_excludes":[],"orig_includes":[],"orig_matches":["*://static.qspfw.moe.gov.cn/xf2021/learn-practice.html*","*://static.qspfw.moe.gov.cn/xf2021/learn_exam.html*"],"orig_noframes":null,"orig_run_at":"document-end","use_blockers":[],"use_connects":[],"use_excludes":[],"use_includes":[],"use_matches":[]},"run_at":null},"settings":{"enabled":true,"position":25},"meta":{"name":"普法网（宪法小卫士）课后练习、考试自动答题","uuid":"12967b16-0cee-4305-b13a-50b07f040929","modified":1633691635478}}