{"options":{"check_for_updates":true,"comment":null,"compat_foreach":false,"compat_metadata":false,"compat_prototypes":false,"compat_wrappedjsobject":false,"compatopts_for_requires":true,"noframes":null,"override":{"merge_connects":true,"merge_excludes":true,"merge_includes":true,"merge_matches":true,"orig_connects":["cx.icodef.com"],"orig_excludes":[],"orig_includes":[],"orig_matches":["*://*.zhihuishu.com/*"],"orig_noframes":null,"orig_run_at":"document-end","use_blockers":[],"use_connects":[],"use_excludes":[],"use_includes":[],"use_matches":[]},"run_at":null},"settings":{"enabled":false,"position":37},"meta":{"name":"智慧树知到网课助手(支持图片题)(可作业)(可考试)","uuid":"e421dd4a-8ff5-4eab-998c-0e8efb1f5145","modified":1633691635484}}