{"options":{"check_for_updates":true,"comment":null,"compat_foreach":false,"compat_metadata":false,"compat_prototypes":false,"compat_wrappedjsobject":false,"compatopts_for_requires":true,"noframes":null,"override":{"merge_connects":true,"merge_excludes":true,"merge_includes":true,"merge_matches":true,"orig_connects":[],"orig_excludes":[],"orig_includes":[],"orig_matches":["*://pan.baidu.com/disk/*","*://pan.baidu.com/mbox/*","*://pan.baidu.com/play/*","*://yun.baidu.com/disk/*","*://yun.baidu.com/mbox/*","*://yun.baidu.com/play/*","*://pan.baidu.com/s/*","*://yun.baidu.com/s/*","*://pan.baidu.com/share/*","*://yun.baidu.com/share/*"],"orig_noframes":null,"orig_run_at":"document-idle","use_blockers":[],"use_connects":[],"use_excludes":[],"use_includes":[],"use_matches":[]},"run_at":null},"settings":{"enabled":true,"position":14},"meta":{"name":"百度云去广告，快捷键倍速，免VIP解锁倍速、画质！全网独家！","uuid":"a99f7164-fd88-457f-95da-a3c182da1053","modified":1633691635470}}