{"options":{"check_for_updates":true,"comment":null,"compat_foreach":false,"compat_metadata":false,"compat_prototypes":false,"compat_wrappedjsobject":false,"compatopts_for_requires":true,"noframes":null,"override":{"merge_connects":true,"merge_excludes":true,"merge_includes":true,"merge_matches":true,"orig_connects":["agefans.tv"],"orig_excludes":["https://*.12315.cn","http*://*.pcs.baidu.com/*","http*://*.baidupcs.com/*","http*://*:8666/file/*","http*://*.baidu.com/file/*","http*://index.baidu.com/*","http*://*.gov/*","http*://*.gov.cn/*","http*://*.taobao.com/*","http*://*.tmall.com/*","http*://*.alimama.com/*","http*://*.jd.com/*","http*://*.zol.com.cn/*","http*://*.ctrip.com/*","http*://*.evernote.com/*","http*://*.yinxiang.com/*","http*://mail.*","http*://ping.*","http*://inbox.google.com/*","/^https?://(localhost|10\\.|192\\.|127\\.)/","/https?://www.baidu.com/(?:s|baidu)\\?/","http*://www.zhihu.com/question/*/answers/created","https://caiyun.feixin.10086.cn/portal/index.jsp#myfile*"],"orig_includes":["http://*","https://*"],"orig_matches":[],"orig_noframes":true,"orig_run_at":"document-idle","use_blockers":[],"use_connects":[],"use_excludes":[],"use_includes":[],"use_matches":[]},"run_at":null},"settings":{"enabled":false,"position":13},"meta":{"name":"网盘自动填写访问码【威力加强版】","uuid":"851026b9-f9be-4c6c-8ec0-6829df0a2a9c","modified":1633691635469}}