{"options":{"check_for_updates":true,"comment":null,"compat_foreach":false,"compat_metadata":false,"compat_prototypes":false,"compat_wrappedjsobject":false,"compatopts_for_requires":true,"noframes":null,"override":{"merge_connects":true,"merge_excludes":true,"merge_includes":true,"merge_matches":true,"orig_connects":["*"],"orig_excludes":[],"orig_includes":["https://movie.douban.com/*","https://music.douban.com/*","https://book.douban.com/*","https://bangumi.moe/search/title*","https://desitorrents.tv/*","http://www.dingzi66.com/q*","http://www.x5v.net/*"],"orig_matches":[],"orig_noframes":null,"orig_run_at":"document-end","use_blockers":[],"use_connects":[],"use_excludes":[],"use_includes":[],"use_matches":[]},"run_at":null},"settings":{"enabled":true,"position":2},"meta":{"name":"豆瓣资源下载大师：1秒搞定豆瓣电影|音乐|图书下载","uuid":"fcad8174-b400-4718-856d-a64f8b2f3eeb","modified":1633691635453}}