{"options":{"check_for_updates":true,"comment":null,"compat_foreach":false,"compat_metadata":false,"compat_prototypes":false,"compat_wrappedjsobject":false,"compatopts_for_requires":true,"noframes":null,"override":{"merge_connects":true,"merge_excludes":true,"merge_includes":true,"merge_matches":true,"orig_connects":["api.muketool.com","api2.muketool.com"],"orig_excludes":[],"orig_includes":[],"orig_matches":["*://*.chaoxing.com/*","*://*.edu.cn/*","*://*.nbdlib.cn/*","*://*.hnsyu.net/*"],"orig_noframes":null,"orig_run_at":"document-end","use_blockers":[],"use_connects":[],"use_excludes":[],"use_includes":[],"use_matches":[]},"run_at":null},"settings":{"enabled":true,"position":42},"meta":{"name":"超星学习通网课助手|内置题库，自动搜题|视频挂机播放、任务切换【✨聚合题库✨】","uuid":"0520388e-ce16-4f1b-bb9f-e7f90e131338","modified":1633691635487}}