{"options":{"check_for_updates":true,"comment":null,"compat_foreach":false,"compat_metadata":false,"compat_prototypes":false,"compat_wrappedjsobject":false,"compatopts_for_requires":true,"noframes":null,"override":{"merge_connects":true,"merge_excludes":true,"merge_includes":true,"merge_matches":true,"orig_connects":["forestpolice.org"],"orig_excludes":[],"orig_includes":[],"orig_matches":["*://*.chaoxing.com/*","*://*.edu.cn/*"],"orig_noframes":null,"orig_run_at":"document-end","use_blockers":[],"use_connects":[],"use_excludes":[],"use_includes":[],"use_matches":[]},"run_at":null},"settings":{"enabled":false,"position":39},"meta":{"name":"超星网课助手","uuid":"5a5b5f32-01f9-4341-844d-1d59ca79679f","modified":1633691635485}}