{"options":{"check_for_updates":true,"comment":null,"compat_foreach":false,"compat_metadata":false,"compat_prototypes":false,"compat_wrappedjsobject":false,"compatopts_for_requires":true,"noframes":null,"override":{"merge_connects":true,"merge_excludes":true,"merge_includes":true,"merge_matches":true,"orig_connects":[],"orig_excludes":["*://www.kdocs.cn/p/*","*://docs.google.com/document/d/*","*://www.notion.so/*","*://www.wolai.com/*","*://yiqixie.qingque.cn/d/home/*","*://www.yuque.com/*/edit","*://*.cqaso.com/*","*://mail.*"],"orig_includes":["*"],"orig_matches":[],"orig_noframes":true,"orig_run_at":"document-body","use_blockers":[],"use_connects":[],"use_excludes":[],"use_includes":[],"use_matches":[]},"run_at":null},"settings":{"enabled":true,"position":46},"meta":{"name":"链接助手","uuid":"f6fc1c34-6d8e-412e-9a6f-bcffca8ef00d","modified":1633691635493}}