{"options":{"check_for_updates":true,"comment":null,"compat_foreach":false,"compat_metadata":false,"compat_prototypes":false,"compat_wrappedjsobject":false,"compatopts_for_requires":true,"noframes":null,"override":{"merge_connects":true,"merge_excludes":true,"merge_includes":true,"merge_matches":true,"orig_connects":[],"orig_excludes":["https://www.baidu.com/*","https://tieba.baidu.com/*"],"orig_includes":[],"orig_matches":["https://*.csdn.net/*","*://*.github.io/*","*://*.xz577.com/*","*://*.javascriptcn.com/*","*://*.baidu.com/*","*://*.iteye.com/*","*://*.720ui.com/*","*://www.wukong.com/question/*","*://cloud.tencent.com/*","*://m.leju.com/*","*://*.didispace.com/*","*://*.sina.cn/*","*://*.toutiao.com/*","*://3g.163.com/*","*://*.*.163.com/news/*","*://*.inews.qq.com/*","*://*.elecfans.com/*","*://inews.qq.com/*","*://xw.qq.com/*","*://blog.51cto.com/*","*://*.zhihu.com/question/*","*://*.guokr.com/*","*://*.awesomes.cn/*","*://*.javazhiyin.com/*","*://m.hupu.com/bbs/*","*://wap.peopleapp.com/article/*","*://jingyan.baidu.com/article/*","*://*.ifeng.com/c/*","*://*.360doc.com/content/*","*://www.hi-linux.com/posts/*"],"orig_noframes":null,"orig_run_at":"document-idle","use_blockers":[],"use_connects":[],"use_excludes":[],"use_includes":[],"use_matches":[]},"run_at":null},"settings":{"enabled":true,"position":21},"meta":{"name":"阅读全文、自动展开全文、自动移除万恶弹框","uuid":"e4a529a6-bd3e-4d19-8765-da1dbbc8e5dc","modified":1633691635476}}