{"options":{"check_for_updates":true,"comment":null,"compat_foreach":false,"compat_metadata":false,"compat_prototypes":false,"compat_wrappedjsobject":false,"compatopts_for_requires":true,"noframes":null,"override":{"merge_connects":true,"merge_excludes":true,"merge_includes":true,"merge_matches":true,"orig_connects":[],"orig_excludes":[],"orig_includes":[],"orig_matches":["*://cloud.189.cn/web/share?code=*","*://cloud.189.cn/web/main/file/folder/*","*://cloud.189.cn/web/main/recentlyUploaded*"],"orig_noframes":true,"orig_run_at":"document-end","use_blockers":[],"use_connects":[],"use_excludes":[],"use_includes":[],"use_matches":[]},"run_at":null},"settings":{"enabled":true,"position":45},"meta":{"name":"雷利子","uuid":"e6f7c194-413c-4412-b47b-938afb13cf52","modified":1633691635492}}