{"options":{"check_for_updates":true,"comment":null,"compat_foreach":false,"compat_metadata":false,"compat_prototypes":false,"compat_wrappedjsobject":false,"compatopts_for_requires":true,"noframes":null,"override":{"merge_connects":true,"merge_excludes":true,"merge_includes":true,"merge_matches":true,"orig_connects":["api.muketool.com","api2.muketool.com"],"orig_excludes":[],"orig_includes":[],"orig_matches":["*://*.zhihuishu.com/*"],"orig_noframes":null,"orig_run_at":"document-end","use_blockers":[],"use_connects":[],"use_excludes":[],"use_includes":[],"use_matches":[]},"run_at":null},"settings":{"enabled":true,"position":40},"meta":{"name":"🎈智慧树知到网课助手|🎈自带搜题、独家题库|🎈视频挂机播放、自动作业、任务切换|♏♈MukeTool团队重制版","uuid":"5e34c72c-bfbe-4bd5-a446-7b78ccf98f62","modified":1633691635486}}