{"options":{"check_for_updates":true,"comment":null,"compat_foreach":false,"compat_metadata":false,"compat_prototypes":false,"compat_wrappedjsobject":false,"compatopts_for_requires":true,"noframes":null,"override":{"merge_connects":true,"merge_excludes":true,"merge_includes":true,"merge_matches":true,"orig_connects":["api.muketool.com","api2.muketool.com"],"orig_excludes":[],"orig_includes":[],"orig_matches":["*://*.chaoxing.com/exam/test/reVersionTestStartNew*","*://*.edu.cn/exam/test/reVersionTestStartNew*","*://*.nbdlib.cn/exam/test/reVersionTestStartNew*","*://*.hnsyu.net/exam/test/reVersionTestStartNew*"],"orig_noframes":null,"orig_run_at":"document-end","use_blockers":[],"use_connects":[],"use_excludes":[],"use_includes":[],"use_matches":[]},"run_at":null},"settings":{"enabled":true,"position":41},"meta":{"name":"🎈超星学习通助手考试专用版|🎈定制题库、答案秒出|♏♈MukeTool重制版","uuid":"877a94e5-9fff-4451-9b01-c9108976a8c2","modified":1633691635487}}