{"options":{"check_for_updates":true,"comment":null,"compat_foreach":false,"compat_metadata":false,"compat_prototypes":false,"compat_wrappedjsobject":false,"compatopts_for_requires":true,"noframes":null,"override":{"merge_connects":true,"merge_excludes":true,"merge_includes":true,"merge_matches":true,"orig_connects":["static.doc88.com"],"orig_excludes":[],"orig_includes":["*://wenku.baidu.com/view/*","*://wenku.baidu.com/link*","*://www.51test.net/show/*","*://www.xuexi.la/*","*://www.xuexila.com/*","*://www.cspengbo.com/*","*://*.doc88.com/*","*://segmentfault.com/*","*://wk.baidu.com/view/*","*://leetcode-cn.com/problems/*","*://www.zhihu.com/*","*://z.30edu.com.cn/*","*://docs.qq.com/doc/*","*://boke112.com/post/*","*://www.yuque.com/*","*://www.commandlinux.com/*","*://*.diyifanwen.com/*","*://*.mbalib.com/*","*://*.cnitpm.com/*","*://bbs.mihoyo.com/ys/obc/*","*://www.ruiwen.com/*","*://www.uemeds.cn/*","*://www.oh100.com/*","*://www.aiyuke.com/news/*","*://www.fwsir.com/*","*://www.wenxm.cn/*","*://www.unjs.com/*"],"orig_matches":[],"orig_noframes":null,"orig_run_at":"document-end","use_blockers":[],"use_connects":[],"use_excludes":[],"use_includes":[],"use_matches":[]},"run_at":null},"settings":{"enabled":true,"position":20},"meta":{"name":"🔥🔥🔥文本选中复制🔥🔥🔥","uuid":"f380d34d-20cb-43c5-873d-6161f891a26d","modified":1633691635475}}