{"CPU 超频设置":[{"ComponentID":151,"ComponentKey":"0A0027000012","Settings":[]}],"Relive 设置":[{"ComponentID":59,"ComponentKey":"0A0027000012","Settings":[]}],"SystemDetails":{"CNVerson":"22.40.51.01","DisplayIDs":[{"Index":0,"Key":"228558633"}],"DynamicPowerSlider":"FALSE","GPUIDs":[{"AutoDefault":1,"Index":512,"Key":"1636C319511D72C3017.010.000.015","OD8AdvancedControl":0,"ODNComponentControl":0}],"GUID":"0A0027000012","View":"FALSE"},"全局设置":[{"ComponentID":4,"ComponentKey":"0A0027000012","Settings":[]},{"ComponentID":7,"ComponentKey":"1636C319511D72C3017.010.000.015","Settings":[{"Name":"ASE","Value":"0"},{"Name":"MVPU","Value":""},{"Name":"Tessellation","Value":"64"},{"Name":"TFQ","Value":"1"},{"Name":"TurboSync","Value":"0"},{"Name":"AntiAlias","Value":"1"},{"Name":"AntiAliasSamples","Value":"0"},{"Name":"AnisoType","Value":"0"},{"Name":"Tessellation_OPTION","Value":"0"},{"Name":"MLF","Value":"0"},{"Name":"EnableTripleBuffering","Value":"0"},{"Name":"EQAA","Value":"0"},{"Name":"ShaderCache","Value":"1"},{"Name":"AnisoDegree","Value":"0"},{"Name":"SurfaceFormatReplacements","Value":"1"},{"Name":"ASD","Value":"0"},{"Name":"ASTT","Value":"0"},{"Name":"GameMode","Value":""},{"Name":"VSyncControl","Value":"1"},{"ID":0,"Name":"Radeon™ Anti-Lag","Value":0},{"ID":1,"Name":"Radeon™ Chill","SubSettings":[{"Name":"Toggle","Value":"1"},{"Name":"Min FPS","Value":"75"},{"Name":"Max FPS","Value":"140"}],"Value":""},{"ID":2,"Name":"Radeon™ Boost","State":0,"Value":50},{"ID":3,"Name":"Radeon™ 图片锐化","State":1,"Value":80},{"ID":7,"Name":"帧数目标控制","State":0,"Value":60}]}],"向导配置文件设置":[{"ComponentID":143,"ComponentKey":"0A0027000012","Settings":[{"ID":0,"Name":"向导配置文件","Value":3},{"ID":1,"Name":"自动启用节能","Value":0}]}],"性能设置":[{"ComponentID":157,"ComponentKey":"0A0027000012","Settings":[]},{"ComponentID":90,"ComponentKey":"0A0027000012","Settings":[{"ID":3,"Name":"性能记录位置","Value":"D:\\AMD"},{"ID":4,"Name":"采样间隔","Value":200},{"ID":8,"Name":"FPS","Value":1},{"ID":18,"Name":"CPU UTIL","Value":1},{"ID":19,"Name":"RAM 使用率","Value":1},{"ID":31,"Name":"CPU 频率","Value":1},{"ID":32,"Name":"CPU 电压","Value":1},{"ID":33,"Name":"CPU 温度","Value":1},{"ID":34,"Name":"CPU 功率","Value":1},{"ID":35,"Name":"CPU EDC","Value":1},{"ID":36,"Name":"CPU TDC","Value":1},{"ID":5,"Name":"在记录期间隐藏指标叠加","Value":1},{"ID":6,"Name":"显示在视频/直播输出中","Value":0},{"ID":1,"Name":"显示指标叠加","State":0,"Value":""},{"ID":21,"Name":"位置","Value":1},{"ID":23,"Name":"定位","Value":"40,40"},{"ID":30,"Name":"TransparencyWA","Value":1},{"ID":22,"Name":"透明度","Value":30},{"ID":25,"Name":"大小","Value":2},{"ID":26,"Name":"列","Value":1},{"ID":27,"Name":"文本颜色","Value":0},{"ID":28,"Name":"自定义文本颜色","Value":"#F8FFFF"},{"ID":29,"Name":"显示图形仪表","Value":0}]},{"ComponentID":90,"ComponentKey":"1636C319511D72C3017.010.000.015","Settings":[{"ID":9,"Name":"GPU UTIL","Value":1},{"ID":10,"Name":"GPU SCLK","Value":1},{"ID":11,"Name":"GPU MCLK","Value":1},{"ID":12,"Name":"GPU TEMP","Value":1},{"ID":15,"Name":"GPU PWR","Value":1},{"ID":17,"Name":"GPU VRAM","Value":1}]}],"显示器":[{"ComponentID":152,"ComponentKey":"228558633","Settings":[{"ID":14,"Name":"显示色彩增强","Value":0},{"ID":19,"Name":"显示动态对比度","Value":5},{"ID":15,"Name":"色觉障碍校正","Value":0},{"ID":16,"Name":"红色盲","Value":10},{"ID":18,"Name":"蓝色盲","Value":0},{"ID":17,"Name":"绿色盲","Value":0}]},{"ComponentID":31,"ComponentKey":"228558633","Settings":[{"Name":"超虚拟分辨率","Value":0}]},{"ComponentID":35,"ComponentKey":"228558633","Settings":[{"ID":9,"Name":"GPU 缩放","Value":0},{"ID":11,"Name":"缩放模式","Value":0}]},{"ComponentID":46,"ComponentKey":"228558633","Settings":[{"ID":2,"Name":"Vari-Bright","State":1,"Value":3}]},{"ComponentID":60,"ComponentKey":"228558633","Settings":[{"ID":0,"Name":"色调","Value":0},{"ID":1,"Name":"饱和度","Value":100},{"ID":2,"Name":"亮度","Value":0},{"ID":3,"Name":"对比度","Value":100},{"ID":4,"Name":"色温","State":1,"Value":6500}]}],"热键设置":[{"ComponentID":93,"ComponentKey":"0A0027000012","Settings":[{"ID":9999,"Name":"使用快捷键","State":1,"Value":""},{"ID":10000,"Name":"使用显示热键","State":0,"Value":""},{"ID":2,"Name":"打开边栏","Value":"Alt,Z"},{"ID":12,"Name":"打开全屏","Value":"Alt,R"},{"ID":13,"Name":"切换性能记录","Value":"Ctrl+Shift,L"},{"ID":14,"Name":"切换性能叠加","Value":"Ctrl+Shift,O"},{"ID":15,"Name":"切换 Radeon™ Super Resolution","Value":"Alt,U"},{"ID":16,"Name":"切换 Radeon™ Chill","Value":"VK_F11"},{"ID":17,"Name":"切换 Radeon™ Anti-Lag","Value":"Alt,L"},{"ID":18,"Name":"切换 Radeon™ Boost","Value":"Alt,K"},{"ID":30,"Name":"将屏幕旋转 0 度","Value":"Ctrl+Alt,VK_UP"},{"ID":31,"Name":"将屏幕逆时针旋转 90 度","Value":"Ctrl+Alt,VK_LEFT"},{"ID":32,"Name":"将屏幕旋转 180 度","Value":"Ctrl+Alt,VK_DOWN"},{"ID":33,"Name":"将屏幕顺时针旋转 90 度","Value":"Ctrl+Alt,VK_RIGHT"},{"ID":34,"Name":"","Value":"None"}]}],"移动设置":[{"ComponentID":64,"ComponentKey":"0A0027000012","Settings":[{"ID":1,"Name":"AMD Link Server","Priority":0,"State":0,"Value":""},{"ID":2,"Name":"接受所有连接","Priority":1,"State":0,"Value":""},{"ID":3,"Name":"允许 Internet 连接","Priority":0,"State":0,"Value":""},{"ID":4,"Name":"游戏直播","State":0,"Value":""},{"ID":5,"Name":"加密的串流","State":1,"Value":""}]}],"系统设置":[{"ComponentID":15,"ComponentKey":"0A0027000012","Settings":[{"ID":0,"Name":"问题检测","State":1,"Value":""}]}],"视频设置":[{"ComponentID":6,"ComponentKey":"1636C319511D72C3017.010.000.015","Settings":[{"ID":4,"Name":"自定义亮度","Value":0},{"ID":1,"Name":"视频配置文件","Value":0}]}],"音频设置":[{"ComponentID":169,"ComponentKey":"0A0027000012","Settings":[{"ID":1,"Name":"AMD Noise Suppression","State":0,"Value":""},{"ID":2,"Name":"输入设备","Value":""},{"ID":3,"Name":"输出设备","Value":""}]}],"首选项设置":[{"ComponentID":57,"ComponentKey":"0A0027000012","Settings":[{"ID":2,"Name":"系统托盘菜单","State":0,"Value":""},{"ID":4,"Name":"广告","State":0,"Value":""},{"ID":8,"Name":"Toast 通知","State":1,"Value":""},{"ID":6,"Name":"始终在最上面","State":0,"Value":""},{"ID":5,"Name":"语言","State":20,"Value":""},{"ID":7,"Name":"边栏位置","State":0,"Value":""},{"ID":11,"Name":"启用浏览器","State":1,"Value":""},{"ID":10,"Name":"动画和效果","State":1,"Value":""}]}],"驱动程序设置":[{"ComponentID":40,"ComponentKey":"0A0027000012","Settings":[{"ID":0,"Name":"首选的软件版本","Value":0},{"ID":1,"Name":"检查更新","State":1,"Value":""},{"ID":2,"Name":"下载驱动程序和软件","State":0,"Value":""}]}]}