{"options":{"check_for_updates":false,"comment":null,"compat_foreach":false,"compat_metadata":false,"compat_prototypes":false,"compat_wrappedjsobject":false,"compatopts_for_requires":true,"noframes":null,"override":{"merge_connects":true,"merge_excludes":true,"merge_includes":true,"merge_matches":true,"orig_connects":[],"orig_excludes":[],"orig_includes":["http://*.kisssub.org/*","http://*.comicat.org/*","http://*.miobt.com/*","https://*.kisssub.org/*","https://*.comicat.org/*","https://*.miobt.com/*"],"orig_matches":["http://*.kisssub.org/*","http://*.comicat.org/*","http://*.miobt.com/*","https://*.kisssub.org/*","https://*.comicat.org/*","https://*.miobt.com/*"],"orig_noframes":null,"orig_run_at":"document-idle","use_blockers":[],"use_connects":[],"use_excludes":[],"use_includes":[],"use_matches":[]},"run_at":null},"settings":{"enabled":true,"position":16},"meta":{"name":"战术脚本（漫猫/爱恋/MioBT 种子列表增强+生存模式BT下载链接）","uuid":"d58f4ce9-d2ce-4431-89cd-4ba1d976a287","sc_uuid":"d58f4ce9-d2ce-4431-89cd-4ba1d976a287","modified":1725504751333,"file_url":"https://update.greasyfork.org/scripts/447029/%E6%88%98%E6%9C%AF%E8%84%9A%E6%9C%AC%EF%BC%88%E6%BC%AB%E7%8C%AB%E7%88%B1%E6%81%8BMioBT%20%E7%A7%8D%E5%AD%90%E5%88%97%E8%A1%A8%E5%A2%9E%E5%BC%BA%2B%E7%94%9F%E5%AD%98%E6%A8%A1%E5%BC%8FBT%E4%B8%8B%E8%BD%BD%E9%93%BE%E6%8E%A5%EF%BC%89.user.js"}}