{
  "bgAlpha": 100,
  "bgStr": "#ffded9c5",
  "bgStrEInk": "#FFFFFF",
  "bgStrNight": "#ff0e0e0e",
  "bgType": 0,
  "bgTypeEInk": 0,
  "bgTypeNight": 0,
  "darkStatusIcon": true,
  "darkStatusIconEInk": true,
  "darkStatusIconNight": false,
  "footerMode": 0,
  "footerPaddingBottom": 0,
  "footerPaddingLeft": 25,
  "footerPaddingRight": 25,
  "footerPaddingTop": 0,
  "headerMode": 1,
  "headerPaddingBottom": 0,
  "headerPaddingLeft": 15,
  "headerPaddingRight": 1,
  "headerPaddingTop": 0,
  "letterSpacing": 0.0,
  "lineSpacingExtra": 15,
  "name": "番茄小说",
  "paddingBottom": 10,
  "paddingLeft": 8,
  "paddingRight": 8,
  "paddingTop": 10,
  "pageAnim": 3,
  "pageAnimEInk": 3,
  "paragraphIndent": "　　",
  "paragraphSpacing": 1,
  "showFooterLine": true,
  "showHeaderLine": false,
  "textBold": 0,
  "textColor": "#ff5b4928",
  "textColorEInk": "#000000",
  "textColorNight": "#ffbfbfbf",
  "textFont": "",
  "textSize": 15,
  "tipColor": -10461088,
  "tipDividerColor": -1,
  "tipFooterLeft": 6,
  "tipFooterMiddle": 7,
  "tipFooterRight": 9,
  "tipHeaderLeft": 1,
  "tipHeaderMiddle": 0,
  "tipHeaderRight": 0,
  "titleBottomSpacing": 0,
  "titleMode": 1,
  "titleSize": 0,
  "titleTopSpacing": 0,
  "underline": false
}