[
  {
    "author": "",
    "bookUrl": "https://m.mhkami.com/book/45536/",
    "canUpdate": true,
    "coverUrl": "https://pic.yydsmh.com/man8/121510/cover.jpg",
    "durChapterIndex": 83,
    "durChapterPos": 0,
    "durChapterTime": 1731404236563,
    "durChapterTitle": "82 不动如山",
    "group": 0,
    "intro": "",
    "kind": "其它",
    "lastCheckCount": 1,
    "lastCheckTime": 1747053139560,
    "latestChapterTime": 1746457105314,
    "latestChapterTitle": "112 陈材与陈越的任务",
    "name": "午时三刻",
    "order": -2,
    "origin": "https://m.mhkami.com",
    "originName": "🌠 漫神",
    "originOrder": 5140,
    "readConfig": {
      "dailyChapters": 3,
      "delTag": 0,
      "reSegment": false,
      "readSimulating": false,
      "reverseToc": false,
      "splitLongChapter": true
    },
    "syncTime": 1731404236748,
    "tocUrl": "https://m.mhkami.com/book/45536/",
    "totalChapterNum": 114,
    "type": 80,
    "wordCount": ""
  },
  {
    "author": "",
    "bookUrl": "https://m.mhkami.com/book/4327/",
    "canUpdate": true,
    "coverUrl": "https://pic.tmsmh.com/picbed/ohmanhua/cover/co15896.png",
    "customCoverUrl": "https://p6.ecombdimg.com/tos-cn-i-scl3phc04j/0156779168db4208b6af715706d69294~tplv-scl3phc04j-image.jpeg",
    "customIntro": "",
    "durChapterIndex": 10,
    "durChapterPos": 19,
    "durChapterTime": 1738060328494,
    "durChapterTitle": "第四回 千年两面 下",
    "group": 0,
    "intro": "",
    "kind": "玄幻,冒险",
    "lastCheckCount": 2,
    "lastCheckTime": 1747053138872,
    "latestChapterTime": 1746457104822,
    "latestChapterTitle": "第一百五十三回：日月奇迹 下",
    "name": "日月同错",
    "order": -3,
    "origin": "https://m.mhkami.com",
    "originName": "🌠 漫神",
    "originOrder": 5140,
    "readConfig": {
      "dailyChapters": 3,
      "delTag": 0,
      "reSegment": false,
      "readSimulating": false,
      "reverseToc": false,
      "splitLongChapter": true
    },
    "syncTime": 1738060328735,
    "tocUrl": "https://m.mhkami.com/book/4327/",
    "totalChapterNum": 304,
    "type": 80,
    "wordCount": ""
  },
  {
    "author": "",
    "bookUrl": "https://m.mhkami.com/book/3646/",
    "canUpdate": true,
    "coverUrl": "https://pic.tmsmh.com/picbed/ohmanhua/cover/co14401.png",
    "customCoverUrl": "https://pic.tiaomans.xyz/picbed/ohmanhua/cover/co14401.png,{\"headers\":\"{\\\"Referer\\\":\\\"https://yemancomic.com\\\"}\"}",
    "durChapterIndex": 0,
    "durChapterPos": 0,
    "durChapterTime": 1722592825103,
    "durChapterTitle": "1 第一回",
    "group": 0,
    "intro": "",
    "kind": "玄幻,古风",
    "lastCheckCount": 1,
    "lastCheckTime": 1747053140013,
    "latestChapterTime": 1747053140013,
    "latestChapterTitle": "请假通知",
    "name": "步天歌",
    "order": -4,
    "origin": "https://m.mhkami.com",
    "originName": "🌠 漫神",
    "originOrder": 5140,
    "readConfig": {
      "dailyChapters": 3,
      "delTag": 0,
      "reSegment": false,
      "readSimulating": false,
      "reverseToc": false,
      "splitLongChapter": true
    },
    "syncTime": 1722592825180,
    "tocUrl": "https://m.mhkami.com/book/3646/",
    "totalChapterNum": 164,
    "type": 80,
    "wordCount": ""
  },
  {
    "author": "",
    "bookUrl": "https://m.mhkami.com/book/29/",
    "canUpdate": true,
    "coverUrl": "https://pic.tmsmh.com/picbed/ohmanhua/cover/co10123.png",
    "customCoverUrl": "https://oss.mkzcdn.com/comic/cover/20181206/5c0888b6959f2-600x800.jpg!cover-400",
    "durChapterIndex": 0,
    "durChapterPos": 45,
    "durChapterTime": 1722688089268,
    "durChapterTitle": "第1话 快乐小女佣",
    "group": 0,
    "intro": "",
    "kind": "热血,玄幻",
    "lastCheckCount": 0,
    "lastCheckTime": 1747053139406,
    "latestChapterTime": 1716823058807,
    "latestChapterTitle": "番外2 偷星九月天少年版",
    "name": "偷星九月天",
    "order": -5,
    "origin": "https://m.mhkami.com",
    "originName": "🌠 漫神",
    "originOrder": 5140,
    "readConfig": {
      "dailyChapters": 3,
      "delTag": 0,
      "reSegment": false,
      "readSimulating": false,
      "reverseToc": false,
      "splitLongChapter": true
    },
    "syncTime": 1722688089081,
    "tocUrl": "https://m.mhkami.com/book/29/",
    "totalChapterNum": 461,
    "type": 80,
    "wordCount": ""
  },
  {
    "author": "",
    "bookUrl": "https://m.mhkami.com/book/657/",
    "canUpdate": true,
    "coverUrl": "https://pic.piuqiupia.com/picbed/ohmanhua/cover/co11023.png",
    "customCoverUrl": "https://pic.tiaomans.xyz/picbed/ohmanhua/cover/co11023.png,{\"headers\":\"{\\\"Referer\\\":\\\"https://yemancomic.com\\\"}\"}",
    "durChapterIndex": 0,
    "durChapterPos": 0,
    "durChapterTime": 1722592826546,
    "durChapterTitle": "第1话 人物简介",
    "group": 0,
    "intro": "",
    "kind": "搞笑,恋爱",
    "lastCheckCount": 0,
    "lastCheckTime": 1747053139425,
    "latestChapterTime": 1718203896969,
    "latestChapterTitle": "第90话 最终话：“巢”人随变",
    "name": "爱情公寓漫画版",
    "order": -9,
    "origin": "https://m.mhkami.com",
    "originName": "🌠 漫神",
    "originOrder": 1548,
    "readConfig": {
      "dailyChapters": 3,
      "delTag": 0,
      "reSegment": false,
      "readSimulating": false,
      "reverseToc": false,
      "splitLongChapter": true
    },
    "syncTime": 1722592827013,
    "tocUrl": "https://m.mhkami.com/book/657/",
    "totalChapterNum": 91,
    "type": 80,
    "wordCount": ""
  },
  {
    "author": "",
    "bookUrl": "https://m.mhkami.com/book/98/",
    "canUpdate": true,
    "coverUrl": "https://pic.piuqiupia.com/picbed/ohmanhua/cover/co10283.png",
    "customCoverUrl": "https://manhua.acimg.cn/vertical/0/20_15_33_8580b9f229027ed5ddb469004dad5a60_1618904002938.jpg/210",
    "durChapterIndex": 7,
    "durChapterPos": 25,
    "durChapterTime": 1721986008377,
    "durChapterTitle": "第8集",
    "group": 0,
    "intro": "",
    "kind": "恐怖,爆笑",
    "lastCheckCount": 3,
    "lastCheckTime": 1747053139137,
    "latestChapterTime": 1738044783206,
    "latestChapterTitle": "2025新年快乐",
    "name": "尸兄（我叫白小飞）",
    "order": -10,
    "origin": "https://m.mhkami.com",
    "originName": "🌠 漫神",
    "originOrder": 1548,
    "readConfig": {
      "dailyChapters": 3,
      "delTag": 0,
      "reSegment": false,
      "readSimulating": false,
      "reverseToc": false,
      "splitLongChapter": true
    },
    "syncTime": 1721986008633,
    "tocUrl": "https://m.mhkami.com/book/98/",
    "totalChapterNum": 524,
    "type": 80,
    "wordCount": ""
  },
  {
    "author": "",
    "bookUrl": "https://m.mhkami.com/book/460/",
    "canUpdate": true,
    "coverUrl": "https://pic.piuqiupia.com/picbed/ohmanhua/cover/co10847.png",
    "customCoverUrl": "https://manhua.acimg.cn/vertical/0/19_10_30_c7642d19f31d44b94966b371046b76f0_1537324246626.jpg/210",
    "durChapterIndex": 0,
    "durChapterPos": 0,
    "durChapterTime": 1722592831665,
    "durChapterTitle": "人设和背景",
    "group": 0,
    "intro": "",
    "kind": "战争,热血",
    "lastCheckCount": 1,
    "lastCheckTime": 1747053138718,
    "latestChapterTime": 1723814599179,
    "latestChapterTitle": "第一百一十九话 谛听",
    "name": "镖人",
    "order": -11,
    "origin": "https://m.mhkami.com",
    "originName": "🌠 漫神",
    "originOrder": 1548,
    "readConfig": {
      "dailyChapters": 3,
      "delTag": 0,
      "reSegment": false,
      "readSimulating": false,
      "reverseToc": false,
      "splitLongChapter": true
    },
    "syncTime": 1722592831819,
    "tocUrl": "https://m.mhkami.com/book/460/",
    "totalChapterNum": 242,
    "type": 80,
    "wordCount": ""
  },
  {
    "author": "",
    "bookUrl": "https://m.mhkami.com/book/228/",
    "canUpdate": true,
    "coverUrl": "https://pic.piuqiupia.com/picbed/ohmanhua/cover/co10449.png",
    "customCoverUrl": "https://p6.ecombdimg.com/tos-cn-i-scl3phc04j/9dfcdeb188514e7780ddccdead9ca738~tplv-scl3phc04j-image.jpeg",
    "durChapterIndex": 1,
    "durChapterPos": 30,
    "durChapterTime": 1721281698474,
    "durChapterTitle": "1 第1拳 一拳",
    "group": 0,
    "intro": "",
    "kind": "热血,搞笑",
    "lastCheckCount": 1,
    "lastCheckTime": 1747053138719,
    "latestChapterTime": 1747053138719,
    "latestChapterTitle": "新201拳 狂热",
    "name": "一拳超人",
    "order": -15,
    "origin": "https://m.mhkami.com",
    "originName": "🌠 漫神",
    "originOrder": 1548,
    "readConfig": {
      "dailyChapters": 3,
      "delTag": 0,
      "reSegment": false,
      "readSimulating": false,
      "reverseToc": false,
      "splitLongChapter": true
    },
    "syncTime": 1721281698601,
    "tocUrl": "https://m.mhkami.com/book/228/",
    "totalChapterNum": 275,
    "type": 80,
    "wordCount": ""
  },
  {
    "author": "",
    "bookUrl": "https://m.mhkami.com/book/1967/",
    "canUpdate": true,
    "coverUrl": "https://pic.piuqiupia.com/picbed/ohmanhua/cover/co12531.png",
    "customCoverUrl": "https://p6.ecombdimg.com/tos-cn-i-scl3phc04j/c9dc112c27624663ba3f5bc2e118e72a~tplv-scl3phc04j-image.jpeg",
    "durChapterIndex": 0,
    "durChapterPos": 0,
    "durChapterTime": 1722592828934,
    "durChapterTitle": "第1话 漩涡博人！",
    "group": 0,
    "intro": "",
    "kind": "热血,励志",
    "lastCheckCount": 1,
    "lastCheckTime": 1747053139544,
    "latestChapterTime": 1745494604099,
    "latestChapterTitle": "TBW21话 万花筒写轮眼",
    "name": "博人传-火影次世代-",
    "order": -16,
    "origin": "https://m.mhkami.com",
    "originName": "🌠 漫神",
    "originOrder": 1548,
    "readConfig": {
      "dailyChapters": 3,
      "delTag": 0,
      "imageStyle": "FULL",
      "reSegment": false,
      "readSimulating": false,
      "reverseToc": false,
      "splitLongChapter": true
    },
    "syncTime": 1722592829117,
    "tocUrl": "https://m.mhkami.com/book/1967/",
    "totalChapterNum": 102,
    "type": 80,
    "wordCount": ""
  },
  {
    "author": "ONE,小学馆",
    "bookUrl": "https://m.gufengmh9.com/manhua/lingnengbaifenbai/",
    "canUpdate": true,
    "coverUrl": "https://res1.xiaoqinre.com/images/cover/201804/15238530680hHz5k9O111E1xT3.jpg,{\"headers\":\"{\\\"Referer\\\":\\\"https://m.gufengmh9.com/search/?keywords=%E7%81%B5%E8%83%BD%E7%99%BE%E5%88%86%E7%99%BE\\\"}\"}",
    "durChapterIndex": 0,
    "durChapterPos": 44,
    "durChapterTime": 1718271370011,
    "durChapterTitle": "001 自称灵能力者 灵幻新隆",
    "group": 0,
    "intro": "简介：【灵能正篇+师匠外传, 足本放送！】总觉得自己一无是处，但却拥有超能力的少年，昵称——龙套。因为想过普通的生活而封印了超能力的他，在代表感情的数字达到100%后，就会……！漫画家ONE倾情描绘的，充满欢笑、泪水以及意想不到的……战斗的每一天，就此开幕！",
    "kind": "少年漫画",
    "lastCheckCount": 0,
    "lastCheckTime": 1732660030228,
    "latestChapterTime": 1718271314369,
    "latestChapterTitle": "外传7 REIGEN",
    "name": "灵能百分百",
    "order": -17,
    "origin": "https://m.gufengmh8.com#♤Haxc",
    "originName": "🎨 古风漫画",
    "originOrder": 1228,
    "readConfig": {
      "dailyChapters": 3,
      "delTag": 0,
      "pageAnim": 3,
      "reSegment": false,
      "readSimulating": false,
      "reverseToc": false,
      "splitLongChapter": true
    },
    "syncTime": 0,
    "tocUrl": "https://m.gufengmh9.com/manhua/lingnengbaifenbai/",
    "totalChapterNum": 123,
    "type": 24,
    "wordCount": ""
  },
  {
    "author": "",
    "bookUrl": "https://m.mhkami.com/book/110/",
    "canUpdate": true,
    "coverUrl": "https://pic.piuqiupia.com/picbed/ohmanhua/cover/co10262.png",
    "customCoverUrl": "https://imges.tupian.my/ppmh/3843/3843.jpg",
    "durChapterIndex": 148,
    "durChapterPos": 0,
    "durChapterTime": 1719720961871,
    "durChapterTitle": "143,我大东关之心！",
    "group": 0,
    "intro": "",
    "kind": "玄幻,都市",
    "lastCheckCount": 2,
    "lastCheckTime": 1747053140240,
    "latestChapterTime": 1739624332878,
    "latestChapterTitle": "第762话 完结感言",
    "name": "王牌御史",
    "order": -18,
    "origin": "https://m.mhkami.com",
    "originName": "🌠 漫神",
    "originOrder": 1548,
    "readConfig": {
      "dailyChapters": 3,
      "delTag": 0,
      "reSegment": false,
      "readSimulating": false,
      "reverseToc": false,
      "splitLongChapter": true
    },
    "syncTime": 0,
    "tocUrl": "https://m.mhkami.com/book/110/",
    "totalChapterNum": 798,
    "type": 80,
    "wordCount": ""
  },
  {
    "author": "糖人家",
    "bookUrl": "https://cn.baozimh.com/comic/yaoguaimingdan-tangrenjia",
    "canUpdate": true,
    "coverUrl": "https://static-tw.baozimh.com/cover/yaoguaimingdan-tangrenjia.jpg?w=285&h=375&q=100",
    "customCoverUrl": "https://kkimgs.yisou.com/ims?kt=url&at=ori&key=aHR0cHM6Ly9zczAuYmFpZHUuY29tLzk0bzNkU2FnX3hJNGtoR2tvOVdUQW5GNmhoeS96aGlkYW8vcGljL2l0ZW0vMDYwODI4MzgxZjMwZTkyNGU4ZTY2YWMxNDQwODZlMDYxYzk1Zjc4NC5qcGc=&sign=yx:EIN3V-uKpp8foZRd1BbK4WK3q0M=&tv=0_0",
    "customIntro": "魅惑众生的九尾狐狸？吸人精气的合欢树妖？道家妹子求双修，仙家女神若即离。游走在这些危险分子中间可不是容易的事情。但为了世界和平，少年封夕豁出去啦！每周尽力更新！实在画不完随时盯着更新吧~作品群：9206702，595274283，713425461，377844535。欢迎进群讨论~",
    "durChapterIndex": 0,
    "durChapterPos": 25,
    "durChapterTime": 1736556335800,
    "durChapterTitle": "1.精气",
    "group": 0,
    "intro": "魅惑众生的九尾狐狸？吸人精气的合欢树妖？道家妹子求双修，仙家女神若即离。游走在这些危险分子中间可不是容易的事情。但为了世界和平，少年封夕豁出去啦！每周尽力更新！实在画不完随时盯着更新吧~作品群：9206702，595274283，713425461，377844535。欢迎进群讨论~",
    "kind": "连载中 国漫 恋爱 后宫",
    "lastCheckCount": 0,
    "lastCheckTime": 1742688409013,
    "latestChapterTime": 1730434701993,
    "latestChapterTitle": "571 548.和平共处",
    "name": "妖怪名单",
    "order": -19,
    "origin": "https://cn.baozimh.com/",
    "originName": "包子漫画",
    "originOrder": 1645,
    "readConfig": {
      "dailyChapters": 3,
      "delTag": 0,
      "pageAnim": 3,
      "reSegment": false,
      "readSimulating": false,
      "reverseToc": false,
      "splitLongChapter": true
    },
    "syncTime": 1736556335881,
    "tocUrl": "https://cn.baozimh.com/comic/yaoguaimingdan-tangrenjia",
    "totalChapterNum": 570,
    "type": 80,
    "wordCount": ""
  },
  {
    "author": "小新",
    "bookUrl": "https://m.gufengmh9.com/manhua/huyaoxiaohongniang/",
    "canUpdate": true,
    "coverUrl": "https://res1.xiaoqinre.com/images/cover/201807/1530974703dgMcaLte-RagYVYT.jpg,{\"headers\":\"{\\\"Referer\\\":\\\"https://m.gufengmh9.com/search/?keywords=%E7%8B%90%E5%A6%96%E5%B0%8F%E7%BA%A2%E5%A8%98\\\"}\"}",
    "durChapterIndex": 0,
    "durChapterPos": 0,
    "durChapterTime": 1718272269035,
    "durChapterTitle": "001",
    "group": 0,
    "intro": "简介：迷糊萝莉小狐妖，正太道士没节操。自古人妖生死恋，千载孽缘一线牵！（注：现在起狐妖暂时改为周更，每周周三更新。）",
    "kind": "少年漫画",
    "lastCheckCount": 2,
    "lastCheckTime": 1732777071313,
    "latestChapterTime": 1725335128529,
    "latestChapterTitle": "总588·那时候我还不懂",
    "name": "狐妖小红娘",
    "order": -21,
    "origin": "https://m.gufengmh8.com#♤Haxc",
    "originName": "🎨 古风漫画",
    "originOrder": 1228,
    "readConfig": {
      "dailyChapters": 3,
      "delTag": 0,
      "pageAnim": 3,
      "reSegment": false,
      "readSimulating": false,
      "reverseToc": false,
      "splitLongChapter": true
    },
    "syncTime": 0,
    "tocUrl": "https://m.gufengmh9.com/manhua/huyaoxiaohongniang/",
    "totalChapterNum": 1930,
    "type": 24,
    "wordCount": ""
  },
  {
    "author": "",
    "bookUrl": "https://m.mhkami.com/book/8433/",
    "canUpdate": true,
    "coverUrl": "https://pic.piuqiupia.com/picbed/CPMH/tianmijiayuan/971d2313-b023-11eb-af00-024352452ce0.jpg",
    "customCoverUrl": "https://pic.tiaomans.xyz/picbed/CPMH/tianmijiayuan/971d2313-b023-11eb-af00-024352452ce0.jpg,{\"headers\":\"{\\\"Referer\\\":\\\"https://yemancomic.com\\\"}\"}",
    "durChapterIndex": 138,
    "durChapterPos": 552,
    "durChapterTime": 1721281567373,
    "durChapterTitle": "第139话",
    "group": 0,
    "intro": "",
    "kind": "悬疑",
    "lastCheckCount": 0,
    "lastCheckTime": 1747053139919,
    "latestChapterTime": 1718395362727,
    "latestChapterTitle": "第139话",
    "name": "甜蜜家园（sweet home）~",
    "order": -24,
    "origin": "https://m.mhkami.com",
    "originName": "🌠 漫神",
    "originOrder": -1,
    "readConfig": {
      "dailyChapters": 3,
      "delTag": 0,
      "reSegment": false,
      "readSimulating": false,
      "reverseToc": false,
      "splitLongChapter": true
    },
    "syncTime": 1721281567501,
    "tocUrl": "https://m.mhkami.com/book/8433/",
    "totalChapterNum": 139,
    "type": 80,
    "wordCount": ""
  },
  {
    "author": "",
    "bookUrl": "https://m.mhkami.com/book/52383/",
    "canUpdate": true,
    "coverUrl": "https://pic.yydsmh.com/manwa/cover/be69d3da6364f6fde57166573f89f90e.jpg",
    "durChapterIndex": 23,
    "durChapterPos": 0,
    "durChapterTime": 1724601075738,
    "durChapterTitle": "023 理想之地",
    "group": 0,
    "intro": "",
    "kind": "现代",
    "lastCheckCount": 1,
    "lastCheckTime": 1747053140064,
    "latestChapterTime": 1744558777165,
    "latestChapterTitle": "040 新委托人",
    "name": "时光代理人",
    "order": -25,
    "origin": "https://m.mhkami.com",
    "originName": "🌠 漫神",
    "originOrder": -1,
    "readConfig": {
      "dailyChapters": 3,
      "delTag": 0,
      "reSegment": false,
      "readSimulating": false,
      "reverseToc": false,
      "splitLongChapter": true
    },
    "syncTime": 1724601075842,
    "tocUrl": "https://m.mhkami.com/book/52383/",
    "totalChapterNum": 42,
    "type": 80,
    "wordCount": ""
  },
  {
    "author": "",
    "bookUrl": "https://m.mhkami.com/book/43196/",
    "canUpdate": true,
    "coverUrl": "https://pic.yydsmh.com/man8/117211/cover.jpg",
    "durChapterIndex": 71,
    "durChapterPos": 59,
    "durChapterTime": 1731404232369,
    "durChapterTitle": "65.了不起的一剑",
    "group": 0,
    "intro": "",
    "kind": "搞笑",
    "lastCheckCount": 0,
    "lastCheckTime": 1747053140496,
    "latestChapterTime": 1719379024369,
    "latestChapterTitle": "65.了不起的一剑",
    "name": "一人之下番外·锈铁",
    "order": -27,
    "origin": "https://m.mhkami.com",
    "originName": "🌠 漫神",
    "originOrder": -1,
    "readConfig": {
      "dailyChapters": 3,
      "delTag": 0,
      "imageStyle": "FULL",
      "reSegment": false,
      "readSimulating": false,
      "reverseToc": false,
      "splitLongChapter": true
    },
    "syncTime": 1731404232464,
    "tocUrl": "https://m.mhkami.com/book/43196/",
    "totalChapterNum": 72,
    "type": 80,
    "wordCount": ""
  },
  {
    "author": "好传动画",
    "bookUrl": "https://www.mkzhan.com/214353/",
    "canUpdate": true,
    "coverUrl": "https://oss.mkzcdn.com/comic/cover/20190428/5cc56270df71a-750x999.jpg!cover-400",
    "durChapterIndex": 363,
    "durChapterPos": 27,
    "durChapterTime": 1721281627755,
    "durChapterTitle": "第286话",
    "group": 0,
    "intro": "　　武周年间，一介贫民陈拾只身来到洛阳寻找哥哥，阴差阳错下成为大理寺少卿的随身书吏。而这位少卿大人是一只会说人话的大白猫，陈拾也成为名副其实的“猫奴”，他也由此结识了各色各样的大理寺公务员，与少卿大人谱写了一连串的奇闻异事。",
    "kind": "搞笑,生活,连载",
    "lastCheckCount": 0,
    "lastCheckTime": 1747200383560,
    "latestChapterTime": 1719394996108,
    "latestChapterTitle": "第286话",
    "name": "大理寺日志",
    "order": -12,
    "origin": "https://www.mkzhan.com#yc1101",
    "originName": "㊣✐ 漫客栈  #一程",
    "originOrder": 181,
    "readConfig": {
      "dailyChapters": 3,
      "delTag": 0,
      "imageStyle": "FULL",
      "pageAnim": 3,
      "reSegment": false,
      "readSimulating": false,
      "reverseToc": false,
      "splitLongChapter": true,
      "useReplaceRule": true
    },
    "syncTime": 1721281627868,
    "tocUrl": "https://www.mkzhan.com/214353/",
    "totalChapterNum": 364,
    "type": 8,
    "wordCount": "2023.04.07"
  },
  {
    "author": "",
    "bookUrl": "https://m.mhkami.com/book/5084/",
    "canUpdate": true,
    "coverUrl": "https://pic.piuqiupia.com/picbed/ohmanhua/cover/co17293.png",
    "customCoverUrl": "https://p6.ecombdimg.com/tos-cn-i-scl3phc04j/5be6f5dbb3f242f4b1fae0cd9721a2b8~tplv-scl3phc04j-image.jpeg",
    "durChapterIndex": 0,
    "durChapterPos": 0,
    "durChapterTime": 1722592814086,
    "durChapterTitle": "第1话",
    "group": 0,
    "intro": "",
    "kind": "魔法",
    "lastCheckCount": 0,
    "lastCheckTime": 1747053140441,
    "latestChapterTime": 1719497835603,
    "latestChapterTitle": "第161话 马修·班迪德与神觉者",
    "name": "物理魔法使马修",
    "order": -26,
    "origin": "https://m.mhkami.com",
    "originName": "🌠 漫神",
    "originOrder": 0,
    "readConfig": {
      "dailyChapters": 3,
      "delTag": 0,
      "reSegment": false,
      "readSimulating": false,
      "reverseToc": false,
      "splitLongChapter": true
    },
    "syncTime": 1722592814251,
    "tocUrl": "https://m.mhkami.com/book/5084/",
    "totalChapterNum": 161,
    "type": 80,
    "wordCount": ""
  },
  {
    "author": "",
    "bookUrl": "https://m.mhkami.com/book/3598/",
    "canUpdate": true,
    "coverUrl": "https://pic.piuqiupia.com/picbed/ohmanhua/cover/co14311.png",
    "customCoverUrl": "https://p6.ecombdimg.com/tos-cn-i-scl3phc04j/e7971fd133a446aaa83c2625a6039059~tplv-scl3phc04j-image.jpeg",
    "durChapterIndex": 0,
    "durChapterPos": 12,
    "durChapterTime": 1720172363434,
    "durChapterTitle": "第1话 GFhouse",
    "group": 0,
    "intro": "",
    "kind": "科幻,悬疑",
    "lastCheckCount": 0,
    "lastCheckTime": 1747053141640,
    "latestChapterTime": 1720172115118,
    "latestChapterTitle": "特别短篇",
    "name": "约定的梦幻岛",
    "order": -30,
    "origin": "https://m.mhkami.com",
    "originName": "🌠 漫神",
    "originOrder": 0,
    "readConfig": {
      "dailyChapters": 3,
      "delTag": 0,
      "reSegment": false,
      "readSimulating": false,
      "reverseToc": false,
      "splitLongChapter": true
    },
    "syncTime": 0,
    "tocUrl": "https://m.mhkami.com/book/3598/",
    "totalChapterNum": 185,
    "type": 80,
    "wordCount": ""
  },
  {
    "author": "",
    "bookUrl": "https://m.mhkami.com/book/3681/",
    "canUpdate": true,
    "coverUrl": "https://pic.piuqiupia.com/picbed/ohmanhua/cover/co14424.png",
    "customCoverUrl": "https://pic.tiaomans.xyz/picbed/ohmanhua/cover/co14424.png,{\"headers\":\"{\\\"Referer\\\":\\\"https://yemancomic.com\\\"}\"}",
    "durChapterIndex": 0,
    "durChapterPos": 37,
    "durChapterTime": 1720172349424,
    "durChapterTitle": "外传 Reboot：百夜 Z=1 人类的支援",
    "group": 0,
    "intro": "",
    "kind": "科幻,热血",
    "lastCheckCount": 0,
    "lastCheckTime": 1747053141246,
    "latestChapterTime": 1720172173061,
    "latestChapterTitle": "232 Dr.STONE",
    "name": "石纪元（Dr.Stone）",
    "order": -31,
    "origin": "https://m.mhkami.com",
    "originName": "🌠 漫神",
    "originOrder": 0,
    "readConfig": {
      "dailyChapters": 3,
      "delTag": 0,
      "reSegment": false,
      "readSimulating": false,
      "reverseToc": false,
      "splitLongChapter": true
    },
    "syncTime": 0,
    "tocUrl": "https://m.mhkami.com/book/3681/",
    "totalChapterNum": 242,
    "type": 80,
    "wordCount": ""
  },
  {
    "author": "",
    "bookUrl": "https://m.mhkami.com/book/3645/",
    "canUpdate": true,
    "coverUrl": "https://pic.piuqiupia.com/picbed/ohmanhua/cover/co14399.png",
    "customCoverUrl": "https://pic.tiaomans.xyz/picbed/ohmanhua/cover/co14399.png,{\"headers\":\"{\\\"Referer\\\":\\\"https://yemancomic.com\\\"}\"}",
    "durChapterIndex": 125,
    "durChapterPos": 49,
    "durChapterTime": 1724601094007,
    "durChapterTitle": "121 攻否",
    "group": 0,
    "intro": "",
    "kind": "搞笑,古风",
    "lastCheckCount": 2,
    "lastCheckTime": 1747053140847,
    "latestChapterTime": 1742821390722,
    "latestChapterTitle": "127 狗哥",
    "name": "罗小黑战记·蓝溪镇",
    "order": -8,
    "origin": "https://m.mhkami.com",
    "originName": "🌠 漫神",
    "originOrder": 0,
    "readConfig": {
      "dailyChapters": 3,
      "delTag": 0,
      "imageStyle": "FULL",
      "reSegment": false,
      "readSimulating": false,
      "reverseToc": false,
      "splitLongChapter": true
    },
    "syncTime": 1724601094132,
    "tocUrl": "https://m.mhkami.com/book/3645/",
    "totalChapterNum": 132,
    "type": 80,
    "wordCount": ""
  },
  {
    "author": "矢吹健太郎,code:000",
    "bookUrl": "https://m.gufengmh9.com/manhua/DARLINGintheFRANXX/",
    "canUpdate": true,
    "coverUrl": "https://res1.xiaoqinre.com/images/cover/201805/15268178356MwHBzXlpfb5x7x_.jpg\nhttps://m.gufengmh9.com/themes/mip/phone/images/icon_h2_2.png\nhttps://res1.xiaoqinre.com/images/cover/201808/1534507327XRej2cm-FcjhOjcZ.jpg\nhttps://res1.xiaoqinre.com/images/cover/201803/1522504091IaHHw-CzM8rZxG8M.jpg\nhttps://res1.xiaoqinre.com/images/cover/201803/1522504080iq0XdnSU1dttfXey.jpg\nhttps://res1.xiaoqinre.com/images/cover/201802/1519731860-XT3ChdTT3wBh0Go.jpg\nhttps://res1.xiaoqinre.com/images/cover/201803/1522504219dBEpABmGtk78rXGl.jpg\nhttps://res1.xiaoqinre.com/images/cover/201705/14942978572r8ZbJPBHG9nqZTm.jpg\nhttps://m.gufengmh9.com/themes/mip/phone/images/head_line.gif",
    "customCoverUrl": "https://res1.xiaoqinre.com/images/cover/201805/15268178356MwHBzXlpfb5x7x_.jpg",
    "customIntro": "简介：DARLING in the FRANXX漫画 ，遥远的未来。人类在荒废的大地上建设了移动要塞都市“种植园”，并讴歌着文明。在那当中建造的驾驶员居住设施“米斯特汀”，通称“鸟笼”。孩子们就住在那里。对外面的世界一无所知。对自由的天空一无所知。他们被告知的使命，只有战斗而已。敌人是一切都被谜团覆盖的巨大生命体“叫龙”。为了对抗尚未见过的敌人，孩子们乘上被称为“FRANXX”的机器人。他们坚信，乘坐其中，就是对自己存在的证明。 有一位曾被称作神童的少年。代号016。名字是广。但他现在却跌落谷底。是不被人需要的存在。如果没有乘上FRANXX，就如同不存在一样。在这样的广面前，某天，一位被称作02的神秘少女出现了。她的额头，长着两根艳丽的角。",
    "durChapterIndex": 0,
    "durChapterPos": 19,
    "durChapterTime": 1728546898628,
    "durChapterTitle": "第01话",
    "group": 0,
    "intro": "简介：DARLING in the FRANXX漫画 ，遥远的未来。人类在荒废的大地上建设了移动要塞都市“种植园”，并讴歌着文明。在那当中建造的驾驶员居住设施“米斯特汀”，通称“鸟笼”。孩子们就住在那里。对外面的世界一无所知。对自由的天空一无所知。他们被告知的使命，只有战斗而已。敌人是一切都被谜团覆盖的巨大生命体“叫龙”。为了对抗尚未见过的敌人，孩子们乘上被称为“FRANXX”的机器人。他们坚信，乘坐其中，就是对自己存在的证明。 有一位曾被称作神童的少年。代号016。名字是广。但他现在却跌落谷底。是不被人需要的存在。如果没有乘上FRANXX，就如同不存在一样。在这样的广面前，某天，一位被称作02的神秘少女出现了。她的额头，长着两根艳丽的角。",
    "kind": "少年漫画",
    "lastCheckCount": 0,
    "lastCheckTime": 1732777073547,
    "latestChapterTime": 1720580322812,
    "latestChapterTitle": "特别插图04",
    "name": "DARLING in the FRANXX",
    "order": -32,
    "origin": "http://www.gufengmh9.com",
    "originName": "古风漫画",
    "originOrder": 1920,
    "readConfig": {
      "dailyChapters": 3,
      "delTag": 0,
      "reSegment": false,
      "readSimulating": false,
      "reverseToc": false,
      "splitLongChapter": true
    },
    "syncTime": 1728546898880,
    "tocUrl": "https://m.gufengmh9.com/manhua/DARLINGintheFRANXX/",
    "totalChapterNum": 80,
    "type": 80,
    "wordCount": ""
  },
  {
    "author": "（清）曹雪芹，高鹗",
    "bookUrl": "https://readbook-service-freebook.cread.com/cx/bookDetailYS?bookid=246037",
    "canUpdate": true,
    "coverUrl": "http://images-pro.cread.com/211/images/246037.jpg",
    "durChapterIndex": 0,
    "durChapterPos": 1558,
    "durChapterTime": 1731401934069,
    "durChapterTitle": "第一回 甄士隐梦幻识通灵 贾雨村风尘怀闺秀",
    "group": 0,
    "intro": "小说以贾、史、王、薛四大家族的兴衰为背景，以贾府的家庭琐事、闺阁闲情为脉络，以贾宝玉、林黛玉、薛宝钗的爱情婚姻故事为主线，刻画了以贾宝玉和金陵十二钗为中心的正邪两赋有情人的人性美和悲剧美。通过家族悲剧、女儿悲剧及主人公的人生悲剧，揭示出封建末世的危机。",
    "kind": "名著",
    "lastCheckCount": 0,
    "lastCheckTime": 1747200384074,
    "latestChapterTime": 1721291965551,
    "latestChapterTitle": "第一百二十回 甄士隐详说太虚情  贾雨村归结红楼梦",
    "name": "红楼梦",
    "order": -33,
    "origin": "https://cxb-pro.cread.com#Haxc",
    "originName": "🔖爱看书🅰🔓",
    "originOrder": 1044,
    "readConfig": {
      "dailyChapters": 3,
      "delTag": 0,
      "reSegment": false,
      "readSimulating": false,
      "reverseToc": false,
      "splitLongChapter": true
    },
    "syncTime": 1731401934169,
    "tocUrl": "https://cxb-pro.cread.com/cx/itf/getvolume?bookId=246037",
    "totalChapterNum": 119,
    "type": 8,
    "variable": "{\n  \"bookid\": \"246037\"\n}",
    "wordCount": "86.1万字"
  },
  {
    "author": "DENGANG",
    "bookUrl": "https://cn.webmota.com/comic/qumolu-dengang",
    "canUpdate": true,
    "coverUrl": "https://static-tw.baozimh.com/cover/qumolu-dengang.jpg?w=285&h=375&q=100",
    "durChapterIndex": 206,
    "durChapterPos": 0,
    "durChapterTime": 1728307346593,
    "durChapterTitle": "206 两位还是老样子",
    "group": 0,
    "intro": "《驱魔录》 是以《西游记》为创作基础，讲述江流儿师徒四人作为驱魔师，而非取经得法的奇遇漫画。作者对于西游记的解读可以归为伸张正义，只为小善，不畏权势，自由不羁。途中师徒四人志同道合走到一起，降妖除魔，从白骨精，海妖，九头虫，到青师白象大鹏，盘丝洞百目魔君的决一死战等，都是为了一方安危伸张正义，而并非取经所需磨难。 同时对于取经人和驱魔人的意义也做出了回应，即大成渺茫无际，小成踏实实在，师徒四人选择了后者，《驱魔录》中江流儿也多次对佛祖说：“我就是个挂单的和尚”，道不同不相为谋而已。\"",
    "kind": "连载中 国漫 冒险,连载中,国漫,冒险",
    "lastCheckCount": 1,
    "lastCheckTime": 1747200385286,
    "latestChapterTime": 1730903122306,
    "latestChapterTitle": "362 枉费一番好意",
    "name": "驱魔录",
    "order": -14,
    "origin": "https://cn.webmota.com",
    "originName": "包子漫画5",
    "originOrder": 2023,
    "readConfig": {
      "dailyChapters": 3,
      "delTag": 0,
      "imageStyle": "FULL",
      "reSegment": false,
      "readSimulating": false,
      "reverseToc": false,
      "splitLongChapter": true,
      "useReplaceRule": true
    },
    "syncTime": 1728307346747,
    "tocUrl": "https://cn.webmota.com/comic/qumolu-dengang",
    "totalChapterNum": 363,
    "type": 64,
    "wordCount": ""
  },
  {
    "author": "博易动漫",
    "bookUrl": "https://cn.webmota.com/comic/yangdiweihuan-boyidongman",
    "canUpdate": true,
    "coverUrl": "https://static-tw.baozimh.com/cover/yangdiweihuan-boyidongman.jpg?w=285&h=375&q=100",
    "durChapterIndex": 0,
    "durChapterPos": 0,
    "durChapterTime": 1728307575924,
    "durChapterTitle": "人物小档案",
    "group": 0,
    "intro": "穿到书里，还成了惨死的炮灰女配？ 夜沐表示她没时间玩游戏，那就弄死男主让世界崩坏了出去！ 可看着面前骨瘦嶙峋的小男孩，她下不去手…… 怎么办？养大男主，让他去帮自己？这主意可以！ 但她养着养着，男主貌似长歪了！ 夜沐泪流满面，说好的正直明君呢？她可以重新来吗？",
    "kind": "已完结 国漫 剧情 古风 穿越,已完结,国漫,剧情,古风,穿越",
    "lastCheckCount": 0,
    "lastCheckTime": 1747200401067,
    "latestChapterTime": 1728307555941,
    "latestChapterTitle": "第81话 怕这一别成永别",
    "name": "养敌为患",
    "order": -23,
    "origin": "https://cn.webmota.com",
    "originName": "包子漫画5",
    "originOrder": 2023,
    "readConfig": {
      "dailyChapters": 3,
      "delTag": 0,
      "reSegment": false,
      "readSimulating": false,
      "reverseToc": false,
      "splitLongChapter": true
    },
    "syncTime": 1728307576091,
    "tocUrl": "https://cn.webmota.com/comic/yangdiweihuan-boyidongman",
    "totalChapterNum": 299,
    "type": 64,
    "wordCount": ""
  },
  {
    "author": "绘世TONY",
    "bookUrl": "https://yemancomic.com/book/47521/",
    "canUpdate": true,
    "coverUrl": "https://pic.yydsmh.com/man8/137398/cover.jpg,{\"headers\":\"{\\\"Referer\\\":\\\"https://yemancomic.com\\\"}\"}",
    "durChapterIndex": 186,
    "durChapterPos": 138,
    "durChapterTime": 1728309907720,
    "durChapterTitle": "185.大戏开始了",
    "group": 0,
    "intro": "有着神秘身世的少年范闲，自儋州初出茅庐，历经家族、江湖、庙堂的种种考验、锤炼，一步步揭露这世界的复杂真相……",
    "kind": "古风,穿越",
    "lastCheckCount": 0,
    "lastCheckTime": 1747200384490,
    "latestChapterTime": 1728308303452,
    "latestChapterTitle": "185.大戏开始了",
    "name": "庆余年",
    "order": -7,
    "origin": "https://yemancomic.com",
    "originName": "野蛮漫画-M",
    "originOrder": -6,
    "readConfig": {
      "dailyChapters": 3,
      "delTag": 0,
      "imageStyle": "FULL",
      "reSegment": false,
      "readSimulating": false,
      "reverseToc": false,
      "splitLongChapter": true,
      "useReplaceRule": false
    },
    "syncTime": 1728309908227,
    "tocUrl": "https://yemancomic.com/book/47521/",
    "totalChapterNum": 187,
    "type": 64,
    "wordCount": ""
  },
  {
    "author": "夏达",
    "bookUrl": "https://yemancomic.com/book/361/",
    "canUpdate": true,
    "coverUrl": "https://pic.piuqiupia.com/picbed/ohmanhua/cover/co10681.png,{\"headers\":\"{\\\"Referer\\\":\\\"https://yemancomic.com\\\"}\"}",
    "customCoverUrl": "https://static-tw.baozimhcn.com/cover/changgexing-zuozhexiada.jpg?w=285&h=375&q=100",
    "durChapterIndex": 1,
    "durChapterPos": 27,
    "durChapterTime": 1728381989330,
    "durChapterTitle": "第一章.01",
    "group": 0,
    "intro": "玄武门之变后，唐都长安暗流汹涌。",
    "kind": "战争,少女",
    "lastCheckCount": 0,
    "lastCheckTime": 1747200384729,
    "latestChapterTime": 1728310031062,
    "latestChapterTitle": "第六十一章.02",
    "name": "长歌行",
    "order": -34,
    "origin": "https://yemancomic.com",
    "originName": "野蛮漫画-M",
    "originOrder": -6,
    "readConfig": {
      "dailyChapters": 3,
      "delTag": 0,
      "reSegment": false,
      "readSimulating": false,
      "reverseToc": false,
      "splitLongChapter": true,
      "useReplaceRule": true
    },
    "syncTime": 1728381989438,
    "tocUrl": "https://yemancomic.com/book/361/",
    "totalChapterNum": 129,
    "type": 64,
    "wordCount": ""
  },
  {
    "author": "GK工坊",
    "bookUrl": "https://yemancomic.com/book/155/",
    "canUpdate": true,
    "coverUrl": "https://pic.piuqiupia.com/picbed/ohmanhua/cover/co10315.png,{\"headers\":\"{\\\"Referer\\\":\\\"https://yemancomic.com\\\"}\"}",
    "customCoverUrl": "https://pic.tiaomans.xyz/picbed/ohmanhua/cover/co10315.png",
    "durChapterIndex": 2,
    "durChapterPos": 0,
    "durChapterTime": 1728392581687,
    "durChapterTitle": "第三条：惊叫",
    "group": 0,
    "intro": "他说：“这世上本不该有鬼”。然后，这世间为之一清。",
    "kind": "恐怖,古风",
    "lastCheckCount": 1,
    "lastCheckTime": 1747200384906,
    "latestChapterTime": 1747200384906,
    "latestChapterTitle": "第475话 延更通知",
    "name": "传武",
    "order": -36,
    "origin": "https://yemancomic.com",
    "originName": "野蛮漫画-M",
    "originOrder": -6,
    "readConfig": {
      "dailyChapters": 3,
      "delTag": 0,
      "reSegment": false,
      "readSimulating": false,
      "reverseToc": false,
      "splitLongChapter": true,
      "useReplaceRule": true
    },
    "syncTime": 1728392581945,
    "tocUrl": "https://yemancomic.com/book/155/",
    "totalChapterNum": 491,
    "type": 64,
    "wordCount": ""
  },
  {
    "author": "鲜漫文化",
    "bookUrl": "https://cn.webmota.com/comic/congqianyouzuolingjianshan-xianmanwenhua",
    "canUpdate": true,
    "coverUrl": "https://static-tw.baozimh.com/cover/congqianyouzuolingjianshan-xianmanwenhua.jpg?w=285&h=375&q=100",
    "durChapterIndex": 7,
    "durChapterPos": 0,
    "durChapterTime": 1728605148851,
    "durChapterTitle": "第七章",
    "group": 0,
    "intro": "创世中文网《从前有座灵剑山》授权官方漫画！因彗星陨落，末法大劫而降临的奇才，来自现代世界的穿越者王陆，怀着千年未有的空灵根，踏入灵剑派山门，走上了一条智商碾压异界，成为绝世逗逼强者的不寻常路！每周三，周日更新！",
    "kind": "已完结 国漫 玄幻 古风,已完结,国漫,玄幻,古风",
    "lastCheckCount": 0,
    "lastCheckTime": 1747200385451,
    "latestChapterTime": 1728402361437,
    "latestChapterTitle": "完结感言",
    "name": "从前有座灵剑山",
    "order": -37,
    "origin": "https://cn.webmota.com",
    "originName": "包子漫画5",
    "originOrder": 2023,
    "readConfig": {
      "dailyChapters": 3,
      "delTag": 0,
      "reSegment": false,
      "readSimulating": false,
      "reverseToc": false,
      "splitLongChapter": true
    },
    "syncTime": 1728605149109,
    "tocUrl": "https://cn.webmota.com/comic/congqianyouzuolingjianshan-xianmanwenhua",
    "totalChapterNum": 885,
    "type": 64,
    "wordCount": ""
  },
  {
    "author": "神界漫画",
    "bookUrl": "https://cn.webmota.com/comic/sanguoyanyi-shenjiemanhua",
    "canUpdate": true,
    "coverUrl": "https://static-tw.baozimh.com/cover/sanguoyanyi-shenjiemanhua.jpg?w=285&h=375&q=100",
    "durChapterIndex": 1,
    "durChapterPos": 0,
    "durChapterTime": 1728605092727,
    "durChapterTitle": "第2话 宫闱之变",
    "group": 0,
    "intro": "遵照原著改编，刻画东汉末年，时局动荡，各路诸侯割地盘踞，雄霸一方，以曹操、刘备、孙权为首的魏、蜀、吴三个政治、军事集团之间的矛盾和斗争。在广阔的社会历史背景上，展示出那个时代尖锐复杂又极具特色的政治军事冲突。",
    "kind": "已完结 国漫,已完结,国漫",
    "lastCheckCount": 0,
    "lastCheckTime": 1747200385159,
    "latestChapterTime": 1728403211782,
    "latestChapterTitle": "第260话",
    "name": "三国演义",
    "order": -38,
    "origin": "https://cn.webmota.com",
    "originName": "包子漫画5",
    "originOrder": 2023,
    "readConfig": {
      "dailyChapters": 3,
      "delTag": 0,
      "reSegment": false,
      "readSimulating": false,
      "reverseToc": false,
      "splitLongChapter": true
    },
    "syncTime": 1728605092874,
    "tocUrl": "https://cn.webmota.com/comic/sanguoyanyi-shenjiemanhua",
    "totalChapterNum": 260,
    "type": 64,
    "wordCount": ""
  },
  {
    "author": "逆光飞行",
    "bookUrl": "https://cn.webmota.com/comic/naniannatunaxieshier-niguangfeixing",
    "canUpdate": true,
    "coverUrl": "https://static-tw.baozimh.com/cover/naniannatunaxieshier-niguangfeixing.jpg?w=285&h=375&q=100",
    "durChapterIndex": 3,
    "durChapterPos": 0,
    "durChapterTime": 1728403942798,
    "durChapterTitle": "04 兔子和白象",
    "group": 0,
    "intro": "那年繁荣昌盛的种花家遭到了各路人马的瓜分，一向不和的兔子和秃子终于联合起来一致对外，并约定了轮流当种花家的当家，可是秃子却背信弃义还打了兔子。兔子发誓要用自己的双手创造一个吃得饱穿的暖被人看得起的种花家！",
    "kind": "连载中 国漫 热血,连载中,国漫,热血",
    "lastCheckCount": 0,
    "lastCheckTime": 1747200384718,
    "latestChapterTime": 1728403599899,
    "latestChapterTitle": "129 番外-圣诞节快乐",
    "name": "那年那兔那些事儿",
    "order": -39,
    "origin": "https://cn.webmota.com",
    "originName": "包子漫画5",
    "originOrder": 2023,
    "readConfig": {
      "dailyChapters": 3,
      "delTag": 0,
      "reSegment": false,
      "readSimulating": false,
      "reverseToc": false,
      "splitLongChapter": true
    },
    "syncTime": 1728403943084,
    "tocUrl": "https://cn.webmota.com/comic/naniannatunaxieshier-niguangfeixing",
    "totalChapterNum": 128,
    "type": 64,
    "wordCount": ""
  },
  {
    "author": "溪刘",
    "bookUrl": "https://yemancomic.com/book/1544/",
    "canUpdate": true,
    "coverUrl": "https://pic.piuqiupia.com/picbed/ohmanhua/cover/co11968.png,{\"headers\":\"{\\\"Referer\\\":\\\"https://yemancomic.com\\\"}\"}",
    "customCoverUrl": "http://img.guoman8.cc/Uploads/fengmian/5865.jpg",
    "durChapterIndex": 144,
    "durChapterPos": 11,
    "durChapterTime": 1728559084585,
    "durChapterTitle": "3周年的吐槽",
    "group": 0,
    "intro": "相传三鬼同存于世时天下将大乱，而今两鬼并存，只差嗔鬼未现。被妖狐附身的少年僧人无因走上了铲除嗔鬼的旅程，但是他的第一个任务目的地……居然是在青楼？！",
    "kind": "热血,玄幻,冒险",
    "lastCheckCount": 0,
    "lastCheckTime": 1747200384993,
    "latestChapterTime": 1728452151642,
    "latestChapterTitle": "3周年的吐槽",
    "name": "恒沙记",
    "order": -28,
    "origin": "https://yemancomic.com",
    "originName": "野蛮漫画-M",
    "originOrder": -6,
    "readConfig": {
      "dailyChapters": 3,
      "delTag": 0,
      "reSegment": false,
      "readSimulating": false,
      "reverseToc": false,
      "splitLongChapter": true,
      "useReplaceRule": false
    },
    "syncTime": 1728559085172,
    "tocUrl": "https://yemancomic.com/book/1544/",
    "totalChapterNum": 145,
    "type": 64,
    "wordCount": ""
  },
  {
    "author": "DUBU(主笔),Chugong（原著）",
    "bookUrl": "https://yemancomic.com/book/6381/",
    "canUpdate": true,
    "coverUrl": "https://pic.piuqiupia.com/picbed/ohmanhua/cover/co19186.png,{\"headers\":\"{\\\"Referer\\\":\\\"https://yemancomic.com\\\"}\"}",
    "customCoverUrl": "https://c-ssl.duitang.com/uploads/blog/202209/10/20220910174303_18a84.jpeg",
    "customIntro": "(别名：我独自升级 ）10年前，世界与其他次元连接的“门”被打开，各种魔物不断出现，于是乎能力各异的猎魔者也随之出现，被成为“猎人”。程肖宇是一名实力最弱的E级猎人，在一次挑战任务中，遇到了可怕的隐藏挑战。生死存亡之际，他居然获得了升级系统！在系统的利用下，他能成为最强猎人吗",
    "durChapterIndex": 211,
    "durChapterPos": 27,
    "durChapterTime": 1728484842429,
    "durChapterTitle": "《我独自升级 ： 诸神黄昏》再续君王传奇",
    "group": 0,
    "intro": "(别名：我独自升级 ）10年前，世界与其他次元连接的“门”被打开，各种魔物不断出现，于是乎能力各异的猎魔者也随之出现，被成为“猎人”。程肖宇是一名实力最弱的E级猎人，在一次挑战任务中，遇到了可怕的隐藏挑战。生死存亡之际，他居然获得了升级系统！在系统的利用下，他能成为最强猎人吗",
    "kind": "热血,都市,魔幻",
    "lastCheckCount": 0,
    "lastCheckTime": 1747200384718,
    "latestChapterTime": 1728484734609,
    "latestChapterTitle": "《我独自升级 ： 诸神黄昏》再续君王传奇",
    "name": "我独自升级",
    "order": -6,
    "origin": "https://yemancomic.com",
    "originName": "野蛮漫画-M",
    "originOrder": -6,
    "readConfig": {
      "dailyChapters": 3,
      "delTag": 0,
      "imageStyle": "FULL",
      "pageAnim": 3,
      "reSegment": false,
      "readSimulating": false,
      "reverseToc": false,
      "splitLongChapter": true
    },
    "syncTime": 1728484842678,
    "tocUrl": "https://yemancomic.com/book/6381/",
    "totalChapterNum": 212,
    "type": 64,
    "wordCount": ""
  },
  {
    "author": "艺画开天",
    "bookUrl": "https://yemancomic.com/book/6814/",
    "canUpdate": true,
    "coverUrl": "https://pic.piuqiupia.com/picbed/ohmanhua/cover/co20006.png,{\"headers\":\"{\\\"Referer\\\":\\\"https://yemancomic.com\\\"}\"}",
    "customCoverUrl": "http://pic9.iqiyipic.com/image/20210527/e7/15/cb_171622_c_601_m2.jpg",
    "durChapterIndex": 83,
    "durChapterPos": 137,
    "durChapterTime": 1728663031320,
    "durChapterTitle": "公告 月魁传《逆命·厄劫》篇完结",
    "group": 0,
    "intro": "(别名：灵笼·月魁传 ）天才脑科学家白月魁为救恩师将其大脑移植进一名死囚的体内，与此同时地质灾难频发，琼斯盗取天使药剂引起一系列异变，久川市变成人间炼狱。一切还未尘埃落定，真正的末日却已来临……",
    "kind": "科幻,剧情,猎奇",
    "lastCheckCount": 0,
    "lastCheckTime": 1747200385206,
    "latestChapterTime": 1728569839018,
    "latestChapterTitle": "公告 月魁传《逆命·厄劫》篇完结",
    "name": "灵笼 · 月魁传",
    "order": -20,
    "origin": "https://yemancomic.com",
    "originName": "野蛮漫画-M",
    "originOrder": -6,
    "readConfig": {
      "dailyChapters": 3,
      "delTag": 0,
      "imageStyle": "FULL",
      "pageAnim": 3,
      "reSegment": false,
      "readSimulating": false,
      "reverseToc": false,
      "splitLongChapter": true
    },
    "syncTime": 1728663031546,
    "tocUrl": "https://yemancomic.com/book/6814/",
    "totalChapterNum": 84,
    "type": 64,
    "wordCount": ""
  },
  {
    "author": "米二",
    "bookUrl": "https://yemancomic.com/book/60/",
    "canUpdate": true,
    "coverUrl": "https://pic.piuqiupia.com/picbed/ohmanhua/cover/co10187.png,{\"headers\":\"{\\\"Referer\\\":\\\"https://yemancomic.com\\\"}\"}",
    "customCoverUrl": "https://res.colamanga.com/comic/10187/cover.jpg",
    "durChapterIndex": 122,
    "durChapterPos": 81,
    "durChapterTime": 1731224485686,
    "durChapterTitle": "付费通知",
    "group": 0,
    "intro": "为追女孩，触动千年机关！不良少年AND校花一姐！古代三国兵器传奇，现代校园浪漫演绎！",
    "kind": "热血,玄幻,穿越",
    "lastCheckCount": 0,
    "lastCheckTime": 1747200385282,
    "latestChapterTime": 1728827268916,
    "latestChapterTitle": "付费通知",
    "name": "九九八十一",
    "order": -29,
    "origin": "https://yemancomic.com",
    "originName": "野蛮漫画-M",
    "originOrder": -6,
    "readConfig": {
      "dailyChapters": 3,
      "delTag": 0,
      "reSegment": false,
      "readSimulating": false,
      "reverseToc": false,
      "splitLongChapter": true
    },
    "syncTime": 1731224485787,
    "tocUrl": "https://yemancomic.com/book/60/",
    "totalChapterNum": 123,
    "type": 64,
    "wordCount": ""
  },
  {
    "author": "小森食光",
    "bookUrl": "https://m.1kkk.com/manhua22122/",
    "canUpdate": true,
    "coverUrl": "https://mhfm8tel.cdndm5.com/23/22122/20160305215843_180x240_11.jpg",
    "durChapterIndex": 0,
    "durChapterPos": 10,
    "durChapterTime": 1734146961501,
    "durChapterTitle": "第2卷",
    "group": 0,
    "intro": "小森食光漫画 ，二十岁出头的市子，幼年时经历了母亲的不告而别，仍独自奋力长大后前往都市，却也遭遇挫折。最后又返回了故乡——来往最近的超市必须花上一整天时间的山中聚落“小森”。 小森纵然偏远不便，但透过料理、农作的互助与分享，居民间的情感得以紧密串联。回到这里的市子，试着在自力更生中重新确定自己与这个世界的关系。“我就是没办法好好面对他人，才会回到小森来啊！”回到小森，市子是否能重拾勇气，面对不可知的未来？",
    "kind": "冒险",
    "lastCheckCount": 0,
    "lastCheckTime": 1747200384313,
    "latestChapterTime": 1730108458995,
    "latestChapterTitle": "第1卷",
    "name": "小森食光",
    "order": -40,
    "origin": "https://m.1kkk.com",
    "originName": "漫画人",
    "originOrder": 1598,
    "readConfig": {
      "dailyChapters": 3,
      "delTag": 0,
      "imageStyle": "FULL",
      "reSegment": false,
      "readSimulating": false,
      "reverseToc": false,
      "splitLongChapter": true
    },
    "syncTime": 1734146961619,
    "tocUrl": "https://m.1kkk.com/manhua22122/",
    "totalChapterNum": 2,
    "type": 64,
    "wordCount": ""
  },
  {
    "author": "权迎升",
    "bookUrl": "https://yemancomic.com/book/96/",
    "canUpdate": true,
    "coverUrl": "https://pic.piuqiupia.com/picbed/ohmanhua/cover/co10284.png,{\"headers\":\"{\\\"Referer\\\":\\\"https://yemancomic.com\\\"}\"}",
    "customCoverUrl": "https://pic.tiaomans.xyz/picbed/ohmanhua/cover/co10284.png",
    "durChapterIndex": 7,
    "durChapterPos": 0,
    "durChapterTime": 1731583860462,
    "durChapterTitle": "身陷凌辱",
    "group": 0,
    "intro": "身怀神鬼七杀令的屌丝青年王小二，初涉职场的美女警花李雪，心地善良的痴情小狐狸……漫画每周一三五更新（手机客户端提前1天更新），动画每周二更新，感谢大家一如既往的支持，中国惊奇先生粉丝娱乐群（群号码：93277487）已满，欢迎加入中国惊奇先生粉丝娱乐二群，群号码：273942387",
    "kind": "恐怖,爆笑,惊险",
    "lastCheckCount": 1,
    "lastCheckTime": 1747200385597,
    "latestChapterTime": 1747053141811,
    "latestChapterTitle": "1724 面具人",
    "name": "中国惊奇先生",
    "order": -41,
    "origin": "https://yemancomic.com",
    "originName": "野蛮漫画-M",
    "originOrder": -39,
    "readConfig": {
      "dailyChapters": 3,
      "delTag": 0,
      "reSegment": false,
      "readSimulating": false,
      "reverseToc": false,
      "splitLongChapter": true
    },
    "syncTime": 1731583860981,
    "tocUrl": "https://yemancomic.com/book/96/",
    "totalChapterNum": 1729,
    "type": 64,
    "wordCount": ""
  },
  {
    "author": "",
    "bookUrl": "https://m.mhkami.com/book/2012/",
    "canUpdate": true,
    "coverUrl": "https://pic.piuqiupia.com/picbed/ohmanhua/cover/co12581.png",
    "customCoverUrl": "https://static1.keepcdn.com/tweet-entry/66b5d1040b28c500015a7080/2024/08/23/05f02952-6886-4f70-a9bb-3f9e85dcca7f/8372e97c94e88be4b82afc96052ad849.jpg",
    "durChapterIndex": 19,
    "durChapterPos": 12,
    "durChapterTime": 1741228314029,
    "durChapterTitle": "第十七章 启程",
    "group": 0,
    "intro": "",
    "kind": "动作,魔幻",
    "lastCheckCount": 2,
    "lastCheckTime": 1747053141487,
    "latestChapterTime": 1744558778017,
    "latestChapterTitle": "四四零 闪耀",
    "name": "镇魂街",
    "order": -13,
    "origin": "https://m.mhkami.com",
    "originName": "🌠 漫神",
    "originOrder": -38,
    "readConfig": {
      "dailyChapters": 3,
      "delTag": 0,
      "imageStyle": "FULL",
      "pageAnim": 3,
      "reSegment": false,
      "readSimulating": false,
      "reverseToc": false,
      "splitLongChapter": true
    },
    "syncTime": 1741228314126,
    "tocUrl": "https://m.mhkami.com/book/2012/",
    "totalChapterNum": 464,
    "type": 80,
    "wordCount": ""
  },
  {
    "author": "番奇动漫/月郎",
    "bookUrl": "https://yemancomic.com/book/1205/",
    "canUpdate": true,
    "coverUrl": "https://pic.piuqiupia.com/picbed/ohmanhua/cover/co11641.png,{\"headers\":\"{\\\"Referer\\\":\\\"https://yemancomic.com\\\"}\"}",
    "customCoverUrl": "https://img.crawler.qq.com/cfwebcap/0/faba86cfeaa073051244fe74cc9a477f/0/?width=1000&height=2000",
    "customIntro": "这是一个全民热衷赛车，充满魔幻奇妙的世界。",
    "durChapterIndex": 253,
    "durChapterPos": 32,
    "durChapterTime": 1743955608718,
    "durChapterTitle": "第一百二十三章下_出发",
    "group": 0,
    "intro": "这是一个全民热衷赛车，充满魔幻奇妙的世界。",
    "kind": "热血,冒险,竞技",
    "lastCheckCount": 0,
    "lastCheckTime": 1747200385877,
    "latestChapterTime": 1736235102754,
    "latestChapterTitle": "第一百二十三章下_出发",
    "name": "飞车极速计划",
    "order": -42,
    "origin": "https://yemancomic.com",
    "originName": "野蛮漫画-M",
    "originOrder": -39,
    "readConfig": {
      "dailyChapters": 3,
      "delTag": 0,
      "reSegment": false,
      "readSimulating": false,
      "reverseToc": false,
      "splitLongChapter": true
    },
    "syncTime": 1743955609065,
    "tocUrl": "https://yemancomic.com/book/1205/",
    "totalChapterNum": 254,
    "type": 64,
    "wordCount": ""
  },
  {
    "author": "金属寒霜",
    "bookUrl": "https://ikun.laoguantx.top:45554/detail?book_id=7265212475480476691",
    "canUpdate": true,
    "coverUrl": "https://p6-novel.byteimg.com/origin/novel-pic/af8208c0067f2aaf5481b721155902af",
    "customCoverUrl": "https://ts1.cn.mm.bing.net/th/id/R-C.eb15ee067e694e04adefafe76f72ba11?rik=bLZvZmyh8V6M6Q&riu=http%3a%2f%2fst.baozi178.com%2fattachments%2f202402%2f26%2f09%2f4318-108u21k.jpg&ehk=tdOw6a6fIhnM%2boXxsDxWa6d7wD%2bRl7NKVdE3vblnuL0%3d&risl=&pid=ImgRaw&r=0",
    "customIntro": "　　📕 源名：我只是一个凡人，为什么你们都奉我为圣\n　　✏️ 开坑：2023-08-09 22:57:42\n　　🏷️ 标签：玄幻脑洞,玄幻,穿越,系统,扮猪吃虎,宠物,架空,东方玄幻,迪化\n　　👤 主角： 顾衡, 白菲儿\n　　👁️ 在线：152853人在读\n　　​\n　　📜 简介：【迪化+反差+扮猪吃虎+玄幻脑洞】\n　　顾衡穿越二十年，垃圾系统误终生，修行无望，只能做个小小凡人。\n　　虽然是凡人，但也要做好事。\n　　他随手帮助了一位可怜少女，人家日后成了名震三界的“白雪剑仙”。\n　　他捡到了一只伤重的小野猫，养了很久，最后突然发现，自己的宠物成了“万妖尊者”。\n　　他指点几下炼药技巧，给一位年轻炼药师学去，不知不觉间造就了“万药圣手”。\n　　他认了一位瘦小巴巴的女徒弟，最终无意间培养出了“问古大帝”。\n　　顾衡：这些都跟我没关系的，我只是个凡人而已。\n　　众人：别狡辩了，她们都说你才是天下唯一的帝圣尊师！！\n　　​\n　　📍 版权信息：本书的数字版权由 经致文学 提供并授权发行。",
    "durChapterIndex": 0,
    "durChapterPos": 599,
    "durChapterTime": 1740123017389,
    "durChapterTitle": "第1章：雨中少女",
    "group": 0,
    "intro": "　　📕 源名：我只是一个凡人，为什么你们都奉我为圣\n　　✏️ 开坑：2023-08-09 22:57:42\n　　🏷️ 标签：玄幻脑洞,玄幻,穿越,系统,扮猪吃虎,宠物,架空,东方玄幻,迪化\n　　👤 主角： 顾衡, 白菲儿\n　　👁️ 在线：152853人在读\n　　​\n　　📜 简介：【迪化+反差+扮猪吃虎+玄幻脑洞】\n　　顾衡穿越二十年，垃圾系统误终生，修行无望，只能做个小小凡人。\n　　虽然是凡人，但也要做好事。\n　　他随手帮助了一位可怜少女，人家日后成了名震三界的“白雪剑仙”。\n　　他捡到了一只伤重的小野猫，养了很久，最后突然发现，自己的宠物成了“万妖尊者”。\n　　他指点几下炼药技巧，给一位年轻炼药师学去，不知不觉间造就了“万药圣手”。\n　　他认了一位瘦小巴巴的女徒弟，最终无意间培养出了“问古大帝”。\n　　顾衡：这些都跟我没关系的，我只是个凡人而已。\n　　众人：别狡辩了，她们都说你才是天下唯一的帝圣尊师！！\n　　​\n　　📍 版权信息：本书的数字版权由 经致文学 提供并授权发行。",
    "kind": "男生,玄幻脑洞,连载,8.9分,2025-02-17",
    "lastCheckCount": 1,
    "lastCheckTime": 1742829238957,
    "latestChapterTime": 1742829238957,
    "latestChapterTitle": "第904章：徒弟日记",
    "name": "我只是一个凡人，为什么你们都奉我为圣",
    "order": -43,
    "origin": "https://ikun.laoguantx.top:45554",
    "originName": "🍅 番茄小说（PyFQWeb）",
    "originOrder": -2,
    "readConfig": {
      "dailyChapters": 3,
      "delTag": 0,
      "reSegment": false,
      "readSimulating": false,
      "reverseToc": false,
      "splitLongChapter": true
    },
    "syncTime": 1740123017580,
    "tocUrl": "https://ikun.laoguantx.top:45554/catalog?book_id=7265212475480476691",
    "totalChapterNum": 904,
    "type": 24,
    "wordCount": "170.1万字"
  },
  {
    "author": "动漫堂",
    "bookUrl": "https://m.mhkami.com/book/109/",
    "canUpdate": true,
    "coverUrl": "https://pic.tiaomans.xyz/picbed/ohmanhua/cover/co10263.png",
    "customCoverUrl": "https://c-ssl.duitang.com/uploads/item/202005/08/20200508202105_nqmod.jpg",
    "customIntro": "大学生张楚岚清明回乡，遭遇神秘少女冯宝宝。素未谋面的冯宝宝却对张楚岚异常熟悉，并将其带去自己打工的快递公司。为了帮冯宝宝寻找她的身世，也为了查清自己与爷爷身上的秘密，张楚岚的生活被彻底颠覆，与冯宝宝一同踏上\"异人\"之旅。",
    "durChapterIndex": 769,
    "durChapterPos": 15,
    "durChapterTime": 1746854153236,
    "durChapterTitle": "712 回家",
    "group": 0,
    "intro": "大学生张楚岚清明回乡，遭遇神秘少女冯宝宝。素未谋面的冯宝宝却对张楚岚异常熟悉，并将其带去自己打工的快递公司。为了帮冯宝宝寻找她的身世，也为了查清自己与爷爷身上的秘密，张楚岚的生活被彻底颠覆，与冯宝宝一同踏上\"异人\"之旅。",
    "kind": "玄幻,爆笑,格斗,",
    "lastCheckCount": 1,
    "lastCheckTime": 1747053141758,
    "latestChapterTime": 1747053141758,
    "latestChapterTitle": "716 圈外人",
    "name": "一人之下",
    "order": -1,
    "origin": "https://m.mhkami.com",
    "originName": "我的漫神（优）",
    "originOrder": -50,
    "readConfig": {
      "dailyChapters": 3,
      "delTag": 0,
      "imageStyle": "FULL",
      "reSegment": false,
      "readSimulating": false,
      "reverseToc": false,
      "splitLongChapter": true,
      "useReplaceRule": false
    },
    "syncTime": 1746854153476,
    "tocUrl": "https://m.mhkami.com/book/109/",
    "totalChapterNum": 774,
    "type": 80,
    "wordCount": "2025-03-16"
  },
  {
    "author": "翻翻动漫 x 集英社",
    "bookUrl": "https://m.rumanhua.com/IVWIKgq/",
    "canUpdate": true,
    "coverUrl": "https://p6.ecombdimg.com/tos-cn-i-scl3phc04j/1802748164bb469c99478878af47c431~tplv-scl3phc04j-image.jpeg",
    "durChapterIndex": 0,
    "durChapterPos": 26,
    "durChapterTime": 1743610842023,
    "durChapterTitle": "第1话 永别了现世!!之卷",
    "group": 0,
    "intro": "一个十四岁的不良少年，浦饭幽助为了救一名小孩而被汽车撞死了，由于灵界并没有预计到他的死亡，并没有他的容身之所，所以他得到了一个重生的机会。经过了灵界的考验，幽助终于重回自己的身体，并成为灵界侦探……",
    "kind": "冒险,魔幻,格斗,06月15日",
    "lastCheckCount": 156,
    "lastCheckTime": 1747200386015,
    "latestChapterTime": 1745072802233,
    "latestChapterTitle": "第176话 此后……",
    "name": "幽游白书",
    "order": -44,
    "origin": "https://m.rumanhua.com",
    "originName": "品如漫画",
    "originOrder": -45,
    "readConfig": {
      "dailyChapters": 3,
      "delTag": 0,
      "reSegment": false,
      "readSimulating": false,
      "reverseToc": false,
      "splitLongChapter": true
    },
    "syncTime": 1743610842152,
    "tocUrl": "https://m.rumanhua.com/IVWIKgq/",
    "totalChapterNum": 20,
    "type": 64,
    "variable": "{\n  \"a\": \"翻翻动漫 x 集英社\",\n  \"c\": \"https://p6.ecombdimg.com/tos-cn-i-scl3phc04j/1802748164bb469c99478878af47c431~tplv-scl3phc04j-image.jpeg\",\n  \"i\": \"一个十四岁的不良少年，浦饭幽助为了救一名小孩而被汽车撞死了，由于灵界并没有预计到他的死亡，并没有他的容身之所，所以他得到了一个重生的机会。经过了灵界的考验，幽助终于重回自己的身体，并成为灵界侦探……\",\n  \"k\": \"冒险\\n魔幻\\n格斗\\n更新：06月15日\",\n  \"l\": \"第176话 此后……\",\n  \"n\": \"幽游白书\"\n}",
    "wordCount": ""
  },
  {
    "author": "阅文漫画",
    "bookUrl": "https://yemancomic.com/book/5137/",
    "canUpdate": true,
    "coverUrl": "https://pic.tiaomans.xyz/picbed/ohmanhua/cover/co17368.png,{\"headers\":\"{\\\"Referer\\\":\\\"https://yemancomic.com\\\"}\"}",
    "durChapterIndex": 180,
    "durChapterPos": 33,
    "durChapterTime": 1745495561171,
    "durChapterTitle": "第164话 没下限的竹杠",
    "group": 0,
    "intro": "网游荣耀中被誉为教科书级别的顶尖高手，因为种种原因遭到俱乐部的驱逐，离开职业圈的他寄身于一家网吧成了一个小小的网管，但是，拥有十年游戏经验的他，在荣耀新开的第十区重新投入了游戏，带着对往昔的回忆，和一把未完成的自制武器，开始了重返巅峰之路。",
    "kind": "热血,电竞",
    "lastCheckCount": 1,
    "lastCheckTime": 1747200385598,
    "latestChapterTime": 1747053142196,
    "latestChapterTitle": "第256话 到此为止了",
    "name": "全职高手",
    "order": -35,
    "origin": "https://yemancomic.com",
    "originName": "野蛮漫画-M",
    "originOrder": -49,
    "readConfig": {
      "dailyChapters": 3,
      "delTag": 0,
      "reSegment": false,
      "readSimulating": false,
      "reverseToc": false,
      "splitLongChapter": true
    },
    "syncTime": 1745495289858,
    "tocUrl": "https://yemancomic.com/book/5137/",
    "totalChapterNum": 261,
    "type": 64,
    "wordCount": ""
  },
  {
    "author": "阅文漫画",
    "bookUrl": "https://m.rumanhua.com/Xujcjjl/",
    "canUpdate": true,
    "coverUrl": "https://p6.ecombdimg.com/tos-cn-i-scl3phc04j/32ce4ed1b27c4b66ada1e0e74e4f35e9~tplv-scl3phc04j-image.jpeg",
    "durChapterIndex": 1,
    "durChapterPos": 40,
    "durChapterTime": 1744022294081,
    "durChapterTitle": "01 齐聚",
    "group": 0,
    "intro": "荣耀职业联赛第八赛季结束，兴欣战队成立。在挑战赛赛场与嘉世战队相遇，谁会获得进入职业联盟的资格？",
    "kind": "热血,竞技,06月13日",
    "lastCheckCount": 46,
    "lastCheckTime": 1747200386385,
    "latestChapterTime": 1745072802467,
    "latestChapterTitle": "公告 停更公告",
    "name": "全职高手挑战赛篇",
    "order": -45,
    "origin": "https://m.rumanhua.com",
    "originName": "品如漫画",
    "originOrder": -45,
    "readConfig": {
      "dailyChapters": 3,
      "delTag": 0,
      "reSegment": false,
      "readSimulating": false,
      "reverseToc": false,
      "splitLongChapter": true
    },
    "syncTime": 1744022294542,
    "tocUrl": "https://m.rumanhua.com/Xujcjjl/",
    "totalChapterNum": 20,
    "type": 64,
    "variable": "{\n  \"a\": \"阅文漫画\",\n  \"c\": \"https://p6.ecombdimg.com/tos-cn-i-scl3phc04j/32ce4ed1b27c4b66ada1e0e74e4f35e9~tplv-scl3phc04j-image.jpeg\",\n  \"i\": \"荣耀职业联赛第八赛季结束，兴欣战队成立。在挑战赛赛场与嘉世战队相遇，谁会获得进入职业联盟的资格？ 　　\",\n  \"k\": \"热血\\n竞技\\n更新：06月13日\",\n  \"l\": \"公告 停更公告\",\n  \"n\": \"全职高手挑战赛篇\"\n}",
    "wordCount": ""
  },
  {
    "author": "",
    "bookUrl": "content://com.android.externalstorage.documents/tree/primary%3ADownload%2FLegado/document/primary%3ADownload%2FLegado%2F%E8%B5%84%E6%96%99.txt%2F%E4%BE%9B%E7%94%B5%E8%90%A5%E4%B8%9A%E8%A7%84%E5%88%99.txt",
    "canUpdate": true,
    "charset": "UTF-8",
    "durChapterIndex": 2,
    "durChapterPos": 0,
    "durChapterTime": 1747053342754,
    "durChapterTitle": "第二章　供电方式",
    "group": 0,
    "intro": "中华人民共和国国家发展和改革委员会令\r\n\r\n第　14　号\r\n\r\n《供电营业规则》已经2024年2月5日第9次委务会议审议通过，现予公布，自2024年6月1日起施行。\r\n主　任　　郑栅洁　  \r\n2024年2月8日　  \r\n\r\n\r\n供 电 营 业 规 则\r\n\r\n",
    "lastCheckCount": 0,
    "lastCheckTime": 1747053147706,
    "latestChapterTime": 1747053182401,
    "latestChapterTitle": "第十章　附　　则",
    "name": "供电营业规则",
    "order": -46,
    "origin": "loc_book",
    "originName": "供电营业规则.txt",
    "originOrder": 0,
    "readConfig": {
      "dailyChapters": 3,
      "delTag": 0,
      "reSegment": false,
      "readSimulating": false,
      "reverseToc": false,
      "splitLongChapter": true
    },
    "syncTime": 1747053343531,
    "tocUrl": "(?<=[　\\s])(?:序章|楔子|正文(?!完|结)|终章|后记|尾声|番外|第\\s{0,4}[\\d〇零一二两三四五六七八九十百千万壹贰叁肆伍陆柒捌玖拾佰仟]+?\\s{0,4}(?:章|节(?!课)|卷|集(?![合和]))).{0,30}$",
    "totalChapterNum": 11,
    "type": 264
  },
  {
    "author": "",
    "bookUrl": "content://com.android.externalstorage.documents/tree/primary%3ADownload%2FLegado/document/primary%3ADownload%2FLegado%2F%E8%B5%84%E6%96%99.txt%2F%E7%94%B5%E5%8A%9B%E8%AE%BE%E6%96%BD%E4%BF%9D%E6%8A%A4%E6%9D%A1%E4%BE%8B.txt",
    "canUpdate": true,
    "charset": "UTF-8",
    "durChapterIndex": 0,
    "durChapterPos": 0,
    "durChapterTime": 1747053181244,
    "durChapterTitle": "前言",
    "group": 0,
    "intro": "\r\n电力设施保护条例\r\n\r\n(1987年9月15日国务院发布　根据1998年1月7日《国务院关于修改〈电力设施保护条例〉的决定》第一次修订　根据2011年1月8日《国务院关于废止和修改部分行政法规的决定》第二次修订)\r\n",
    "lastCheckCount": 0,
    "lastCheckTime": 1747053147778,
    "latestChapterTime": 1747053180639,
    "latestChapterTitle": "第六章　附则",
    "name": "电力设施保护条例",
    "order": -47,
    "origin": "loc_book",
    "originName": "电力设施保护条例.txt",
    "originOrder": 0,
    "readConfig": {
      "dailyChapters": 3,
      "delTag": 0,
      "reSegment": false,
      "readSimulating": false,
      "reverseToc": false,
      "splitLongChapter": true
    },
    "syncTime": 1747053181391,
    "tocUrl": "(?<=[　\\s])(?:序章|楔子|正文(?!完|结)|终章|后记|尾声|番外|第\\s{0,4}[\\d〇零一二两三四五六七八九十百千万壹贰叁肆伍陆柒捌玖拾佰仟]+?\\s{0,4}(?:章|节(?!课)|卷|集(?![合和]))).{0,30}$",
    "totalChapterNum": 7,
    "type": 264
  },
  {
    "author": "",
    "bookUrl": "content://com.android.externalstorage.documents/tree/primary%3ADownload%2FLegado/document/primary%3ADownload%2FLegado%2F%E8%B5%84%E6%96%99.txt%2F%E4%B8%AD%E5%8D%8E%E4%BA%BA%E6%B0%91%E5%85%B1%E5%92%8C%E5%9B%BD%E7%94%B5%E5%8A%9B%E6%B3%95.txt",
    "canUpdate": true,
    "charset": "UTF-8",
    "durChapterIndex": 0,
    "durChapterPos": 0,
    "durChapterTime": 1747053179469,
    "durChapterTitle": "前言",
    "group": 0,
    "intro": "中华人民共和国电力法\r\n \r\n",
    "lastCheckCount": 0,
    "lastCheckTime": 1747053147833,
    "latestChapterTime": 1747053178038,
    "latestChapterTitle": "第十章 附则",
    "name": "中华人民共和国电力法",
    "order": -48,
    "origin": "loc_book",
    "originName": "中华人民共和国电力法.txt",
    "originOrder": 0,
    "readConfig": {
      "dailyChapters": 3,
      "delTag": 0,
      "reSegment": false,
      "readSimulating": false,
      "reverseToc": false,
      "splitLongChapter": true
    },
    "syncTime": 1747053179596,
    "tocUrl": "(?<=[　\\s])(?:序章|楔子|正文(?!完|结)|终章|后记|尾声|番外|第\\s{0,4}[\\d〇零一二两三四五六七八九十百千万壹贰叁肆伍陆柒捌玖拾佰仟]+?\\s{0,4}(?:章|节(?!课)|卷|集(?![合和]))).{0,30}$",
    "totalChapterNum": 11,
    "type": 264
  },
  {
    "author": "",
    "bookUrl": "content://com.android.externalstorage.documents/tree/primary%3ADownload%2FLegado/document/primary%3ADownload%2FLegado%2F%E8%B5%84%E6%96%99.txt%2F%E7%94%B5%E5%8A%9B%E6%B3%95%2B%E7%94%B5%E5%8A%9B%E8%AE%BE%E6%96%BD%E4%BF%9D%E6%8A%A4%E6%9D%A1%E4%BE%8B%2B%E4%BE%9B%E7%94%B5%E8%90%A5%E4%B8%9A%E8%A7%84%E5%88%99%E9%A2%98%E5%BA%93.txt",
    "canUpdate": true,
    "charset": "UTF-8",
    "durChapterIndex": 0,
    "durChapterPos": 0,
    "durChapterTime": 1747053368824,
    "durChapterTitle": "前言",
    "group": 0,
    "intro": "目录\r\n一、《中华人民共和国电力法》..................................................................................2\r\n二、《电力设施保护条例》....................................................................................... 28\r\n三、《供电营业规则》............................................................................................. 38\r\n姓名：\r\n电话：\r\n目录\r\n一、《中华人民共和国电力法》..................................................................................2\r\n二、《电力设施保护条例》............................................................",
    "lastCheckCount": 0,
    "lastCheckTime": 1747053147856,
    "latestChapterTime": 1747053152174,
    "latestChapterTitle": "100 千伏安及以上高压供电的用户功率因数为 0.90 以上。(13)",
    "name": "电力法+电力设施保护条例+供电营业规则题库",
    "order": -49,
    "origin": "loc_book",
    "originName": "电力法+电力设施保护条例+供电营业规则题库.txt",
    "originOrder": 0,
    "readConfig": {
      "dailyChapters": 3,
      "delTag": 0,
      "reSegment": false,
      "readSimulating": false,
      "reverseToc": false,
      "splitLongChapter": true
    },
    "syncTime": 1747053368943,
    "tocUrl": "^[ 　\\t]{0,4}\\d{1,5}[:：,.， 、_—\\-].{1,30}$",
    "totalChapterNum": 28,
    "type": 264
  }
]