[
  {
    "author": "",
    "bookUrl": "https://m.mhkami.com/book/45536/",
    "canUpdate": true,
    "coverUrl": "https://pic.yydsmh.com/man8/121510/cover.jpg",
    "durChapterIndex": 74,
    "durChapterPos": 144,
    "durChapterTime": 1718688388358,
    "durChapterTitle": "74 戏台上的老将军",
    "group": 0,
    "intro": "",
    "kind": "其它",
    "lastCheckCount": 0,
    "lastCheckTime": 1719206379559,
    "latestChapterTime": 1718684960418,
    "latestChapterTitle": "74 戏台上的老将军",
    "name": "午时三刻",
    "order": -2,
    "origin": "https://m.mhkami.com",
    "originName": "🌠 漫神",
    "originOrder": 5140,
    "readConfig": {
      "delTag": 0,
      "reSegment": false,
      "reverseToc": false,
      "splitLongChapter": true
    },
    "syncTime": 0,
    "tocUrl": "https://m.mhkami.com/book/45536/",
    "totalChapterNum": 75,
    "type": 80,
    "wordCount": ""
  },
  {
    "author": "",
    "bookUrl": "https://m.mhkami.com/book/4327/",
    "canUpdate": true,
    "coverUrl": "https://pic.tmsmh.com/picbed/ohmanhua/cover/co15896.png",
    "durChapterIndex": 0,
    "durChapterPos": 0,
    "durChapterTime": 1718784392333,
    "durChapterTitle": "预告",
    "group": 0,
    "intro": "",
    "kind": "玄幻,冒险",
    "lastCheckCount": 0,
    "lastCheckTime": 1719206379596,
    "latestChapterTime": 1718684960632,
    "latestChapterTitle": "第一百三十四回：日月同月",
    "name": "日月同错",
    "order": -3,
    "origin": "https://m.mhkami.com",
    "originName": "🌠 漫神",
    "originOrder": 5140,
    "readConfig": {
      "delTag": 0,
      "reSegment": false,
      "reverseToc": false,
      "splitLongChapter": true
    },
    "syncTime": 0,
    "tocUrl": "https://m.mhkami.com/book/4327/",
    "totalChapterNum": 277,
    "type": 80,
    "wordCount": ""
  },
  {
    "author": "",
    "bookUrl": "https://m.mhkami.com/book/3646/",
    "canUpdate": true,
    "coverUrl": "https://pic.tmsmh.com/picbed/ohmanhua/cover/co14401.png",
    "durChapterIndex": 0,
    "durChapterPos": 0,
    "durChapterTime": 1718784384383,
    "durChapterTitle": "1 第一回",
    "group": 0,
    "intro": "",
    "kind": "玄幻,古风",
    "lastCheckCount": 3,
    "lastCheckTime": 1719206379815,
    "latestChapterTime": 1719113640127,
    "latestChapterTitle": "第122话 尉迟受妖气侵神",
    "name": "步天歌",
    "order": -4,
    "origin": "https://m.mhkami.com",
    "originName": "🌠 漫神",
    "originOrder": 5140,
    "readConfig": {
      "delTag": 0,
      "reSegment": false,
      "reverseToc": false,
      "splitLongChapter": true
    },
    "syncTime": 0,
    "tocUrl": "https://m.mhkami.com/book/3646/",
    "totalChapterNum": 145,
    "type": 80,
    "wordCount": ""
  },
  {
    "author": "",
    "bookUrl": "https://m.mhkami.com/book/29/",
    "canUpdate": true,
    "coverUrl": "https://pic.tmsmh.com/picbed/ohmanhua/cover/co10123.png",
    "durChapterIndex": 0,
    "durChapterPos": 73,
    "durChapterTime": 1717817760259,
    "durChapterTitle": "第1话 快乐小女佣",
    "group": 0,
    "intro": "",
    "kind": "热血,玄幻",
    "lastCheckCount": 0,
    "lastCheckTime": 1719206379804,
    "latestChapterTime": 1716823058807,
    "latestChapterTitle": "番外2 偷星九月天少年版",
    "name": "偷星九月天",
    "order": -5,
    "origin": "https://m.mhkami.com",
    "originName": "🌠 漫神",
    "originOrder": 5140,
    "readConfig": {
      "delTag": 0,
      "reSegment": false,
      "reverseToc": false,
      "splitLongChapter": true
    },
    "syncTime": 0,
    "tocUrl": "https://m.mhkami.com/book/29/",
    "totalChapterNum": 461,
    "type": 80,
    "wordCount": ""
  },
  {
    "author": "",
    "bookUrl": "https://m.mhkami.com/book/109/",
    "canUpdate": true,
    "coverUrl": "https://pic.tmsmh.com/picbed/ohmanhua/cover/co10263.png",
    "durChapterIndex": 724,
    "durChapterPos": 0,
    "durChapterTime": 1719054529081,
    "durChapterTitle": "第695话 674",
    "group": 0,
    "intro": "",
    "kind": "玄幻,爆笑",
    "lastCheckCount": 0,
    "lastCheckTime": 1719206379927,
    "latestChapterTime": 1719042837299,
    "latestChapterTitle": "第696话 675",
    "name": "一人之下",
    "order": -1,
    "origin": "https://m.mhkami.com",
    "originName": "🌠 漫神",
    "originOrder": 1548,
    "readConfig": {
      "delTag": 0,
      "reSegment": false,
      "reverseToc": false,
      "splitLongChapter": true
    },
    "syncTime": 0,
    "tocUrl": "https://m.mhkami.com/book/109/",
    "totalChapterNum": 726,
    "type": 80,
    "wordCount": ""
  },
  {
    "author": "",
    "bookUrl": "https://m.mhkami.com/book/47522/",
    "canUpdate": true,
    "coverUrl": "https://pic.yydsmh.com/man8/137398/cover.jpg",
    "durChapterIndex": 165,
    "durChapterPos": 135,
    "durChapterTime": 1718770460203,
    "durChapterTitle": "165.引君入瓮",
    "group": 0,
    "intro": "",
    "kind": "古风,穿越",
    "lastCheckCount": 0,
    "lastCheckTime": 1719206379868,
    "latestChapterTime": 1718684960864,
    "latestChapterTitle": "165.引君入瓮",
    "name": "庆余年",
    "order": -7,
    "origin": "https://m.mhkami.com",
    "originName": "🌠 漫神",
    "originOrder": 1548,
    "readConfig": {
      "delTag": 0,
      "reSegment": false,
      "reverseToc": false,
      "splitLongChapter": true,
      "useReplaceRule": true
    },
    "syncTime": 0,
    "tocUrl": "https://m.mhkami.com/book/47522/",
    "totalChapterNum": 166,
    "type": 80,
    "wordCount": ""
  },
  {
    "author": "",
    "bookUrl": "https://m.mhkami.com/book/657/",
    "canUpdate": true,
    "coverUrl": "https://pic.piuqiupia.com/picbed/ohmanhua/cover/co11023.png",
    "durChapterIndex": 0,
    "durChapterPos": 0,
    "durChapterTime": 1718286548128,
    "durChapterTitle": "第1话 人物简介",
    "group": 0,
    "intro": "",
    "kind": "搞笑,恋爱",
    "lastCheckCount": 0,
    "lastCheckTime": 1719206380516,
    "latestChapterTime": 1718203896969,
    "latestChapterTitle": "第90话 最终话：“巢”人随变",
    "name": "爱情公寓漫画版",
    "order": -9,
    "origin": "https://m.mhkami.com",
    "originName": "🌠 漫神",
    "originOrder": 1548,
    "readConfig": {
      "delTag": 0,
      "reSegment": false,
      "reverseToc": false,
      "splitLongChapter": true
    },
    "syncTime": 0,
    "tocUrl": "https://m.mhkami.com/book/657/",
    "totalChapterNum": 91,
    "type": 80,
    "wordCount": ""
  },
  {
    "author": "",
    "bookUrl": "https://m.mhkami.com/book/98/",
    "canUpdate": true,
    "coverUrl": "https://pic.piuqiupia.com/picbed/ohmanhua/cover/co10283.png",
    "durChapterIndex": 0,
    "durChapterPos": 0,
    "durChapterTime": 1718204082957,
    "durChapterTitle": "第1集",
    "group": 0,
    "intro": "",
    "kind": "恐怖,爆笑",
    "lastCheckCount": 0,
    "lastCheckTime": 1719206380488,
    "latestChapterTime": 1718204061029,
    "latestChapterTitle": "2023新年快乐",
    "name": "尸兄（我叫白小飞）",
    "order": -10,
    "origin": "https://m.mhkami.com",
    "originName": "🌠 漫神",
    "originOrder": 1548,
    "readConfig": {
      "delTag": 0,
      "reSegment": false,
      "reverseToc": false,
      "splitLongChapter": true
    },
    "syncTime": 0,
    "tocUrl": "https://m.mhkami.com/book/98/",
    "totalChapterNum": 521,
    "type": 80,
    "wordCount": ""
  },
  {
    "author": "",
    "bookUrl": "https://m.mhkami.com/book/460/",
    "canUpdate": true,
    "coverUrl": "https://pic.piuqiupia.com/picbed/ohmanhua/cover/co10847.png",
    "durChapterIndex": 0,
    "durChapterPos": 0,
    "durChapterTime": 1718269801698,
    "durChapterTitle": "人设和背景",
    "group": 0,
    "intro": "",
    "kind": "战争,热血",
    "lastCheckCount": 0,
    "lastCheckTime": 1719206380306,
    "latestChapterTime": 1718269789789,
    "latestChapterTitle": "第117回 一念",
    "name": "镖人",
    "order": -11,
    "origin": "https://m.mhkami.com",
    "originName": "🌠 漫神",
    "originOrder": 1548,
    "readConfig": {
      "delTag": 0,
      "reSegment": false,
      "reverseToc": false,
      "splitLongChapter": true
    },
    "syncTime": 0,
    "tocUrl": "https://m.mhkami.com/book/460/",
    "totalChapterNum": 240,
    "type": 80,
    "wordCount": ""
  },
  {
    "author": "许辰",
    "bookUrl": "https://m.gufengmh9.com/manhua/zhenhunjie/",
    "canUpdate": true,
    "coverUrl": "https://res1.xiaoqinre.com/images/cover/201803/152163142220HF3w5eW_N74LRJ.jpg",
    "durChapterIndex": 0,
    "durChapterPos": 0,
    "durChapterTime": 1718270014604,
    "durChapterTitle": "01 第一话 百鬼夜行",
    "group": 0,
    "intro": "简介：介绍:镇魂街乃吸纳亡灵镇压恶灵之地。这是一个人灵共存的世界，但不是每个人都能进入镇魂街，只有拥有守护灵的寄",
    "kind": "少年漫画",
    "lastCheckCount": 0,
    "lastCheckTime": 1719232011830,
    "latestChapterTime": 1718269961692,
    "latestChapterTitle": "四一八 楚魂",
    "name": "镇魂街",
    "order": -13,
    "origin": "https://m.gufengmh8.com#Haxc1107",
    "originName": "✐ 古风漫画 #Haxc1107",
    "originOrder": 1177,
    "readConfig": {
      "delTag": 0,
      "imageStyle": "FULL",
      "pageAnim": 3,
      "reSegment": false,
      "reverseToc": false,
      "splitLongChapter": true
    },
    "syncTime": 0,
    "tocUrl": "https://m.gufengmh9.com/manhua/zhenhunjie/",
    "totalChapterNum": 698,
    "type": 8,
    "wordCount": ""
  },
  {
    "author": "",
    "bookUrl": "https://m.mhkami.com/book/6986/",
    "canUpdate": true,
    "coverUrl": "https://pic.piuqiupia.com/picbed/ohmanhua/cover/co11757.png",
    "durChapterIndex": 0,
    "durChapterPos": 0,
    "durChapterTime": 1718270418568,
    "durChapterTitle": "01 初登场，我是来救你们的",
    "group": 0,
    "intro": "",
    "kind": "热血,玄幻",
    "lastCheckCount": 1,
    "lastCheckTime": 1719206380441,
    "latestChapterTime": 1718865328943,
    "latestChapterTitle": "343 物归原主",
    "name": "驱魔录",
    "order": -14,
    "origin": "https://m.mhkami.com",
    "originName": "🌠 漫神",
    "originOrder": 1548,
    "readConfig": {
      "delTag": 0,
      "reSegment": false,
      "reverseToc": false,
      "splitLongChapter": true
    },
    "syncTime": 0,
    "tocUrl": "https://m.mhkami.com/book/6986/",
    "totalChapterNum": 350,
    "type": 80,
    "wordCount": ""
  },
  {
    "author": "",
    "bookUrl": "https://m.mhkami.com/book/228/",
    "canUpdate": true,
    "coverUrl": "https://pic.piuqiupia.com/picbed/ohmanhua/cover/co10449.png",
    "durChapterIndex": 1,
    "durChapterPos": 0,
    "durChapterTime": 1718360863543,
    "durChapterTitle": "1 第1拳 一拳",
    "group": 0,
    "intro": "",
    "kind": "热血,搞笑",
    "lastCheckCount": 0,
    "lastCheckTime": 1719206380957,
    "latestChapterTime": 1718270906740,
    "latestChapterTitle": "246 老伙计",
    "name": "一拳超人",
    "order": -15,
    "origin": "https://m.mhkami.com",
    "originName": "🌠 漫神",
    "originOrder": 1548,
    "readConfig": {
      "delTag": 0,
      "reSegment": false,
      "reverseToc": false,
      "splitLongChapter": true
    },
    "syncTime": 0,
    "tocUrl": "https://m.mhkami.com/book/228/",
    "totalChapterNum": 258,
    "type": 80,
    "wordCount": ""
  },
  {
    "author": "",
    "bookUrl": "https://m.mhkami.com/book/1967/",
    "canUpdate": true,
    "coverUrl": "https://pic.piuqiupia.com/picbed/ohmanhua/cover/co12531.png",
    "durChapterIndex": 0,
    "durChapterPos": 0,
    "durChapterTime": 1718270995508,
    "durChapterTitle": "第1话 漩涡博人！",
    "group": 0,
    "intro": "",
    "kind": "热血,励志",
    "lastCheckCount": 6,
    "lastCheckTime": 1719206381269,
    "latestChapterTime": 1719113641611,
    "latestChapterTitle": "TBW11话 认真",
    "name": "博人传-火影次世代-",
    "order": -16,
    "origin": "https://m.mhkami.com",
    "originName": "🌠 漫神",
    "originOrder": 1548,
    "readConfig": {
      "delTag": 0,
      "imageStyle": "FULL",
      "reSegment": false,
      "reverseToc": false,
      "splitLongChapter": true
    },
    "syncTime": 0,
    "tocUrl": "https://m.mhkami.com/book/1967/",
    "totalChapterNum": 92,
    "type": 80,
    "wordCount": ""
  },
  {
    "author": "ONE,小学馆",
    "bookUrl": "https://m.gufengmh9.com/manhua/lingnengbaifenbai/",
    "canUpdate": true,
    "coverUrl": "https://res1.xiaoqinre.com/images/cover/201804/15238530680hHz5k9O111E1xT3.jpg,{\"headers\":\"{\\\"Referer\\\":\\\"https://m.gufengmh9.com/search/?keywords=%E7%81%B5%E8%83%BD%E7%99%BE%E5%88%86%E7%99%BE\\\"}\"}",
    "durChapterIndex": 0,
    "durChapterPos": 44,
    "durChapterTime": 1718271370011,
    "durChapterTitle": "001 自称灵能力者 灵幻新隆",
    "group": 0,
    "intro": "简介：【灵能正篇+师匠外传, 足本放送！】总觉得自己一无是处，但却拥有超能力的少年，昵称——龙套。因为想过普通的生活而封印了超能力的他，在代表感情的数字达到100%后，就会……！漫画家ONE倾情描绘的，充满欢笑、泪水以及意想不到的……战斗的每一天，就此开幕！",
    "kind": "少年漫画",
    "lastCheckCount": 0,
    "lastCheckTime": 1719232012181,
    "latestChapterTime": 1718271314369,
    "latestChapterTitle": "外传7 REIGEN",
    "name": "灵能百分百",
    "order": -17,
    "origin": "https://m.gufengmh8.com#♤Haxc",
    "originName": "🎨 古风漫画",
    "originOrder": 1228,
    "readConfig": {
      "delTag": 0,
      "pageAnim": 3,
      "reSegment": false,
      "reverseToc": false,
      "splitLongChapter": true
    },
    "syncTime": 0,
    "tocUrl": "https://m.gufengmh9.com/manhua/lingnengbaifenbai/",
    "totalChapterNum": 123,
    "type": 8,
    "wordCount": ""
  },
  {
    "author": "",
    "bookUrl": "https://m.mhkami.com/book/110/",
    "canUpdate": true,
    "coverUrl": "https://pic.piuqiupia.com/picbed/ohmanhua/cover/co10262.png",
    "durChapterIndex": 148,
    "durChapterPos": 0,
    "durChapterTime": 1718271895812,
    "durChapterTitle": "143,我大东关之心！",
    "group": 0,
    "intro": "",
    "kind": "玄幻,都市",
    "lastCheckCount": 2,
    "lastCheckTime": 1719206381582,
    "latestChapterTime": 1719024127132,
    "latestChapterTitle": "第728话 二周目 719，直传信息肯定比",
    "name": "王牌御史",
    "order": -18,
    "origin": "https://m.mhkami.com",
    "originName": "🌠 漫神",
    "originOrder": 1548,
    "readConfig": {
      "delTag": 0,
      "reSegment": false,
      "reverseToc": false,
      "splitLongChapter": true
    },
    "syncTime": 0,
    "tocUrl": "https://m.mhkami.com/book/110/",
    "totalChapterNum": 749,
    "type": 80,
    "wordCount": ""
  },
  {
    "author": "糖人家",
    "bookUrl": "https://cn.baozimh.com/comic/yaoguaimingdan-tangrenjia",
    "canUpdate": true,
    "coverUrl": "https://static-tw.baozimh.com/cover/yaoguaimingdan-tangrenjia.jpg?w=285&h=375&q=100",
    "durChapterIndex": 0,
    "durChapterPos": 0,
    "durChapterTime": 1718272139756,
    "durChapterTitle": "1.精气",
    "group": 0,
    "intro": "魅惑众生的九尾狐狸？吸人精气的合欢树妖？道家妹子求双修，仙家女神若即离。游走在这些危险分子中间可不是容易的事情。但为了世界和平，少年封夕豁出去啦！每周尽力更新！实在画不完随时盯着更新吧~作品群：9206702，595274283，713425461，377844535。欢迎进群讨论~",
    "kind": "连载中 国漫 恋爱 后宫",
    "lastCheckCount": 1,
    "lastCheckTime": 1719232011894,
    "latestChapterTime": 1719180061570,
    "latestChapterTitle": "503.自首",
    "name": "妖怪名单",
    "order": -19,
    "origin": "https://cn.baozimh.com/",
    "originName": "包子漫画",
    "originOrder": 1645,
    "readConfig": {
      "delTag": 0,
      "pageAnim": 3,
      "reSegment": false,
      "reverseToc": false,
      "splitLongChapter": true
    },
    "syncTime": 0,
    "tocUrl": "https://cn.baozimh.com/comic/yaoguaimingdan-tangrenjia",
    "totalChapterNum": 561,
    "type": 64,
    "wordCount": ""
  },
  {
    "author": "艺画开天",
    "bookUrl": "https://m.gufengmh9.com/manhua/linglongyuekuichuan/",
    "canUpdate": true,
    "coverUrl": "https://res1.xiaoqinre.com/images/cover/202105/1620728943eshqOJn80yM-_Y6_.jpg",
    "durChapterIndex": 2,
    "durChapterPos": 108,
    "durChapterTime": 1718447686544,
    "durChapterTitle": "00话（上） 启幕",
    "group": 0,
    "intro": "简介：天才脑科学家白月魁为救恩师将其大脑移植进一名死囚的体内，与此同时地质灾难频发，琼斯盗取天使药剂引起一系列异变，久川市变成人间炼狱。一切还未尘埃落定，真正的末日却已来临……",
    "kind": "少年漫画",
    "lastCheckCount": 0,
    "lastCheckTime": 1719232012958,
    "latestChapterTime": 1718272176376,
    "latestChapterTitle": "活动2 中秋福利之海报",
    "name": "灵笼 · 月魁传",
    "order": -20,
    "origin": "https://m.gufengmh8.com#Haxc1107",
    "originName": "✐ 古风漫画 #Haxc1107",
    "originOrder": 1177,
    "readConfig": {
      "delTag": 0,
      "imageStyle": "FULL",
      "pageAnim": 3,
      "reSegment": false,
      "reverseToc": false,
      "splitLongChapter": true
    },
    "syncTime": 0,
    "tocUrl": "https://m.gufengmh9.com/manhua/linglongyuekuichuan/",
    "totalChapterNum": 27,
    "type": 8,
    "wordCount": ""
  },
  {
    "author": "小新",
    "bookUrl": "https://m.gufengmh9.com/manhua/huyaoxiaohongniang/",
    "canUpdate": true,
    "coverUrl": "https://res1.xiaoqinre.com/images/cover/201807/1530974703dgMcaLte-RagYVYT.jpg,{\"headers\":\"{\\\"Referer\\\":\\\"https://m.gufengmh9.com/search/?keywords=%E7%8B%90%E5%A6%96%E5%B0%8F%E7%BA%A2%E5%A8%98\\\"}\"}",
    "durChapterIndex": 0,
    "durChapterPos": 0,
    "durChapterTime": 1718272269035,
    "durChapterTitle": "001",
    "group": 0,
    "intro": "简介：迷糊萝莉小狐妖，正太道士没节操。自古人妖生死恋，千载孽缘一线牵！（注：现在起狐妖暂时改为周更，每周周三更新。）",
    "kind": "少年漫画",
    "lastCheckCount": 1,
    "lastCheckTime": 1719232012807,
    "latestChapterTime": 1718886008080,
    "latestChapterTitle": "總587·居然偷核心技術！",
    "name": "狐妖小红娘",
    "order": -21,
    "origin": "https://m.gufengmh8.com#♤Haxc",
    "originName": "🎨 古风漫画",
    "originOrder": 1228,
    "readConfig": {
      "delTag": 0,
      "pageAnim": 3,
      "reSegment": false,
      "reverseToc": false,
      "splitLongChapter": true
    },
    "syncTime": 0,
    "tocUrl": "https://m.gufengmh9.com/manhua/huyaoxiaohongniang/",
    "totalChapterNum": 1619,
    "type": 8,
    "wordCount": ""
  },
  {
    "author": "猫腻",
    "bookUrl": "https://bookshelf.html5.qq.com/qbread/api/novel/intro-info?bookid=1100462592",
    "canUpdate": true,
    "coverUrl": "https://qbnovel.qq.com/static/9f096854c21ccbbd73e73762cae07cb0547036745be5509b37bd4f694c5acf99",
    "durChapterIndex": 5,
    "durChapterPos": 1097,
    "durChapterTime": 1719026113365,
    "durChapterTitle": "第6章 闷枕",
    "group": 0,
    "intro": "　　🏷️   标签：影视原著, 架空历史, 谋略, 冷静, 争霸, 多女主, 科举, 朝堂, 穿越, 智斗, 群像, 权谋\n　　‎\n　　🔖   简介：《庆余年》同名影视剧由张若昀主演。\"积善之家，必有余庆，留余庆，留余庆，忽遇恩人；幸娘亲，幸娘亲，积得阴功。劝人生，济困扶穷……而谁可知，人生于世，上承余庆，终究却是要自己做出道路抉择，正是所谓岔枝发： 东风携云雨，幼藤吐新芽。 急催如颦鼓，洗尽茸与华。 且待朝阳至，绿遍庭中架。 更盼黄叶时，采得数枚瓜",
    "kind": "9.7分,历史,已完结,2024-05-21",
    "lastCheckCount": 0,
    "lastCheckTime": 1719232012693,
    "latestChapterTime": 1718357036209,
    "latestChapterTitle": "第776章 庆余年第二季开播，《叶轻眉日记》起点独家发布",
    "name": "庆余年",
    "order": -22,
    "origin": "https://so.html5.qq.com",
    "originName": "🐼 松鹤庭沐🕸",
    "originOrder": 2216,
    "readConfig": {
      "delTag": 0,
      "pageAnim": 3,
      "reSegment": false,
      "reverseToc": false,
      "splitLongChapter": true
    },
    "syncTime": 0,
    "tocUrl": "https://bookshelf.html5.qq.com/qbread/api/book/all-chapter?bookId=1100462592",
    "totalChapterNum": 777,
    "type": 8,
    "variable": "{\n  \"time\": \"2024-05-21\"\n}",
    "wordCount": "378.9万字"
  },
  {
    "author": "",
    "bookUrl": "https://m.mhkami.com/book/3645/",
    "canUpdate": true,
    "coverUrl": "https://pic.piuqiupia.com/picbed/ohmanhua/cover/co14399.png",
    "durChapterIndex": 124,
    "durChapterPos": 42,
    "durChapterTime": 1718777213645,
    "durChapterTitle": "120 疑虑",
    "group": 0,
    "intro": "",
    "kind": "搞笑,古风",
    "lastCheckCount": 0,
    "lastCheckTime": 1719205051081,
    "latestChapterTime": 1718771819543,
    "latestChapterTitle": "120 疑虑",
    "name": "罗小黑战记·蓝溪镇",
    "order": -8,
    "origin": "https://m.mhkami.com",
    "originName": "🌠 漫神",
    "originOrder": -1,
    "readConfig": {
      "delTag": 0,
      "imageStyle": "FULL",
      "reSegment": false,
      "reverseToc": false,
      "splitLongChapter": true
    },
    "syncTime": 0,
    "tocUrl": "https://m.mhkami.com/book/3645/",
    "totalChapterNum": 125,
    "type": 80,
    "wordCount": ""
  },
  {
    "author": "好传动画",
    "bookUrl": "https://comic.mkzhan.com/comic/info/?comic_id=214353",
    "canUpdate": true,
    "coverUrl": "http://oss.mkzcdn.com/comic/cover/20190428/5cc56270df71a-750x999.jpg!cover-400",
    "durChapterIndex": 0,
    "durChapterPos": 0,
    "durChapterTime": 1718447233634,
    "durChapterTitle": "第1话",
    "group": 0,
    "intro": "武周年间，一介贫民陈拾只身来到洛阳寻找哥哥，阴差阳错下成为大理寺少卿的随身书吏。而这位少卿大人是一只会说人话的大白猫，陈拾也成为名副其实的“猫奴”，他也由此结识了各色各样的大理寺公务员，与少卿大人谱写了一连串的奇闻异事。",
    "lastCheckCount": 0,
    "lastCheckTime": 1719232013685,
    "latestChapterTime": 1718365463313,
    "latestChapterTitle": "第286话",
    "name": "大理寺日志",
    "order": -12,
    "origin": "http://comic.mkzhan.com#♤Haxc",
    "originName": "漫客栈",
    "originOrder": 170,
    "readConfig": {
      "delTag": 0,
      "imageStyle": "FULL",
      "pageAnim": 3,
      "reSegment": false,
      "reverseToc": false,
      "splitLongChapter": true
    },
    "syncTime": 0,
    "tocUrl": "https://comic.mkzhan.com/chapter/?comic_id=214353",
    "totalChapterNum": 364,
    "type": 8,
    "variable": "{\n  \"comic_id\": \"214353\",\n  \"author\": \"好传动画\"\n}",
    "wordCount": ""
  },
  {
    "author": "博易动漫",
    "bookUrl": "https://m.gufengmh9.com/manhua/yangdiweihuan/",
    "canUpdate": true,
    "coverUrl": "https://images.wszwhg.net/images/o/f2/03/7c2c18a8f38c4f597afc15826532.jpg,{\"headers\":\"{\\\"Referer\\\":\\\"https://m.gufengmh9.com/search/?keywords=%E5%85%BB%E6%95%8C%E4%B8%BA%E6%82%A3\\\"}\"}",
    "durChapterIndex": 0,
    "durChapterPos": 0,
    "durChapterTime": 1718378237280,
    "durChapterTitle": "序章 养大一个小狼崽？！",
    "group": 0,
    "intro": "简介：介绍:穿到书里，还成了惨死的炮灰女配？ 夜沐表示她没时间玩游戏，那就弄死男主让世界崩坏了出去！ 可看着面前",
    "kind": "少年漫画",
    "lastCheckCount": 0,
    "lastCheckTime": 1719232013593,
    "latestChapterTime": 1718378218931,
    "latestChapterTitle": "第78话 心疼",
    "name": "养敌为患",
    "order": -23,
    "origin": "https://m.gufengmh8.com",
    "originName": "🗒 古风漫画",
    "originOrder": 202,
    "readConfig": {
      "delTag": 0,
      "reSegment": false,
      "reverseToc": false,
      "splitLongChapter": true
    },
    "syncTime": 0,
    "tocUrl": "https://m.gufengmh9.com/manhua/yangdiweihuan/",
    "totalChapterNum": 287,
    "type": 64,
    "wordCount": ""
  },
  {
    "author": "",
    "bookUrl": "https://m.mhkami.com/book/8433/",
    "canUpdate": true,
    "coverUrl": "https://pic.piuqiupia.com/picbed/CPMH/tianmijiayuan/971d2313-b023-11eb-af00-024352452ce0.jpg",
    "durChapterIndex": 138,
    "durChapterPos": 552,
    "durChapterTime": 1718447209492,
    "durChapterTitle": "第139话",
    "group": 0,
    "intro": "",
    "kind": "悬疑",
    "lastCheckCount": 0,
    "lastCheckTime": 1719206381135,
    "latestChapterTime": 1718395362727,
    "latestChapterTitle": "第139话",
    "name": "甜蜜家园（sweet home）~",
    "order": -24,
    "origin": "https://m.mhkami.com",
    "originName": "🌠 漫神",
    "originOrder": -1,
    "readConfig": {
      "delTag": 0,
      "reSegment": false,
      "reverseToc": false,
      "splitLongChapter": true
    },
    "syncTime": 0,
    "tocUrl": "https://m.mhkami.com/book/8433/",
    "totalChapterNum": 139,
    "type": 80,
    "wordCount": ""
  },
  {
    "author": "DUBU & Chugong",
    "bookUrl": "https://www.dingmanhua.com/comic/295.html",
    "canUpdate": true,
    "coverUrl": "https://image1.dingmanhua.com/mh/3c51bdb8c1c9441bb38e8bb4f0811ed9/cover.webp\nhttps://image1.dingmanhua.com/mh/961a6711694e4ba3ac5306d86854f250/cover.webp\nhttps://image1.dingmanhua.com/mh/9875eea25e7040fcb4bf9cdd17b586c9/cover.webp\nhttps://image1.dingmanhua.com/mh/2327a7fb1b13402caafe1c19c76472bc/cover.webp\nhttps://image1.dingmanhua.com/mh/718b55ce792b457481485676f33f439b/cover.webp\nhttps://image1.dingmanhua.com/mh/bae59ba16c1c4c7fabc1a409803c06d6/cover.webp\nhttps://image1.dingmanhua.com/mh/6d756ca04a9b4745afd3c3e419ce7c42/cover.webp",
    "durChapterIndex": 148,
    "durChapterPos": 0,
    "durChapterTime": 1719226202692,
    "durChapterTitle": "第148话",
    "group": 0,
    "intro": "标签：冒险\n　　热血\n　　简介：10年前，世界與其他次元連接的「門」被打開，各種魔物不斷出現，於是乎能力各異的獵魔者也隨之出現，被成為「獵人」。程肖宇是一名實力最弱的E級獵人，在一次挑戰任務中，遇到了可怕的隱藏挑戰。生死存亡之際，他居然獲得了升級系統！在系統的利用下，他能成為最強獵人嗎？",
    "kind": "韩国漫画",
    "lastCheckCount": 0,
    "lastCheckTime": 1719232015633,
    "latestChapterTime": 1718401611246,
    "latestChapterTitle": "番外7",
    "name": "我独自升级",
    "order": -6,
    "origin": "https://www.dingmanhua.com/",
    "originName": "顶漫画",
    "originOrder": 1786,
    "readConfig": {
      "delTag": 0,
      "imageStyle": "FULL",
      "pageAnim": 3,
      "reSegment": false,
      "reverseToc": false,
      "splitLongChapter": true
    },
    "syncTime": 0,
    "tocUrl": "https://www.dingmanhua.com/comic/295.html",
    "totalChapterNum": 187,
    "type": 64,
    "wordCount": "更新于：2023-03-12"
  },
  {
    "author": "",
    "bookUrl": "https://m.mhkami.com/book/52383/",
    "canUpdate": true,
    "coverUrl": "https://pic.yydsmh.com/manwa/cover/be69d3da6364f6fde57166573f89f90e.jpg",
    "durChapterIndex": 18,
    "durChapterPos": 252,
    "durChapterTime": 1718849139180,
    "durChapterTitle": "018 曙光",
    "group": 0,
    "intro": "",
    "kind": "现代",
    "lastCheckCount": 0,
    "lastCheckTime": 1719205051046,
    "latestChapterTime": 1718842762553,
    "latestChapterTitle": "018 曙光",
    "name": "时光代理人",
    "order": -25,
    "origin": "https://m.mhkami.com",
    "originName": "🌠 漫神",
    "originOrder": -1,
    "readConfig": {
      "delTag": 0,
      "reSegment": false,
      "reverseToc": false,
      "splitLongChapter": true
    },
    "syncTime": 0,
    "tocUrl": "https://m.mhkami.com/book/52383/",
    "totalChapterNum": 19,
    "type": 80,
    "wordCount": ""
  }
]