[
  {
    "author": "",
    "bookUrl": "https://m.mhkami.com/book/45536/",
    "canUpdate": true,
    "coverUrl": "https://pic.yydsmh.com/man8/121510/cover.jpg",
    "durChapterIndex": 79,
    "durChapterPos": 139,
    "durChapterTime": 1721281535877,
    "durChapterTitle": "78 登门",
    "group": 0,
    "intro": "",
    "kind": "其它",
    "lastCheckCount": 2,
    "lastCheckTime": 1722592074662,
    "latestChapterTime": 1722435727266,
    "latestChapterTitle": "80 欢迎仪式",
    "name": "午时三刻",
    "order": -2,
    "origin": "https://m.mhkami.com",
    "originName": "🌠 漫神",
    "originOrder": 5140,
    "readConfig": {
      "delTag": 0,
      "reSegment": false,
      "reverseToc": false,
      "splitLongChapter": true
    },
    "syncTime": 1721281535989,
    "tocUrl": "https://m.mhkami.com/book/45536/",
    "totalChapterNum": 82,
    "type": 64,
    "wordCount": ""
  },
  {
    "author": "",
    "bookUrl": "https://m.mhkami.com/book/4327/",
    "canUpdate": true,
    "coverUrl": "https://pic.tmsmh.com/picbed/ohmanhua/cover/co15896.png",
    "durChapterIndex": 0,
    "durChapterPos": 0,
    "durChapterTime": 1718784392333,
    "durChapterTitle": "预告",
    "group": 0,
    "intro": "",
    "kind": "玄幻,冒险",
    "lastCheckCount": 1,
    "lastCheckTime": 1722592074314,
    "latestChapterTime": 1722576088308,
    "latestChapterTitle": "第一百四十回：日月有辰",
    "name": "日月同错",
    "order": -3,
    "origin": "https://m.mhkami.com",
    "originName": "🌠 漫神",
    "originOrder": 5140,
    "readConfig": {
      "delTag": 0,
      "reSegment": false,
      "reverseToc": false,
      "splitLongChapter": true
    },
    "syncTime": 0,
    "tocUrl": "https://m.mhkami.com/book/4327/",
    "totalChapterNum": 284,
    "type": 64,
    "wordCount": ""
  },
  {
    "author": "",
    "bookUrl": "https://m.mhkami.com/book/3646/",
    "canUpdate": true,
    "coverUrl": "https://pic.tmsmh.com/picbed/ohmanhua/cover/co14401.png",
    "durChapterIndex": 0,
    "durChapterPos": 0,
    "durChapterTime": 1718784384383,
    "durChapterTitle": "1 第一回",
    "group": 0,
    "intro": "",
    "kind": "玄幻,古风",
    "lastCheckCount": 1,
    "lastCheckTime": 1722592074691,
    "latestChapterTime": 1721983280362,
    "latestChapterTitle": "第124话 绝灵之地灵气波动",
    "name": "步天歌",
    "order": -4,
    "origin": "https://m.mhkami.com",
    "originName": "🌠 漫神",
    "originOrder": 5140,
    "readConfig": {
      "delTag": 0,
      "reSegment": false,
      "reverseToc": false,
      "splitLongChapter": true
    },
    "syncTime": 0,
    "tocUrl": "https://m.mhkami.com/book/3646/",
    "totalChapterNum": 147,
    "type": 64,
    "wordCount": ""
  },
  {
    "author": "",
    "bookUrl": "https://m.mhkami.com/book/29/",
    "canUpdate": true,
    "coverUrl": "https://pic.tmsmh.com/picbed/ohmanhua/cover/co10123.png",
    "durChapterIndex": 0,
    "durChapterPos": 73,
    "durChapterTime": 1717817760259,
    "durChapterTitle": "第1话 快乐小女佣",
    "group": 0,
    "intro": "",
    "kind": "热血,玄幻",
    "lastCheckCount": 0,
    "lastCheckTime": 1722592074325,
    "latestChapterTime": 1716823058807,
    "latestChapterTitle": "番外2 偷星九月天少年版",
    "name": "偷星九月天",
    "order": -5,
    "origin": "https://m.mhkami.com",
    "originName": "🌠 漫神",
    "originOrder": 5140,
    "readConfig": {
      "delTag": 0,
      "reSegment": false,
      "reverseToc": false,
      "splitLongChapter": true
    },
    "syncTime": 0,
    "tocUrl": "https://m.mhkami.com/book/29/",
    "totalChapterNum": 461,
    "type": 64,
    "wordCount": ""
  },
  {
    "author": "",
    "bookUrl": "https://m.mhkami.com/book/109/",
    "canUpdate": true,
    "coverUrl": "https://pic.tmsmh.com/picbed/ohmanhua/cover/co10263.png",
    "durChapterIndex": 729,
    "durChapterPos": 24,
    "durChapterTime": 1722223258204,
    "durChapterTitle": "第700话 679",
    "group": 0,
    "intro": "",
    "kind": "玄幻,爆笑",
    "lastCheckCount": 0,
    "lastCheckTime": 1722592074381,
    "latestChapterTime": 1722082830518,
    "latestChapterTitle": "第702话 680",
    "name": "一人之下",
    "order": -1,
    "origin": "https://m.mhkami.com",
    "originName": "🌠 漫神",
    "originOrder": 1548,
    "readConfig": {
      "delTag": 0,
      "reSegment": false,
      "reverseToc": false,
      "splitLongChapter": true
    },
    "syncTime": 1722223258534,
    "tocUrl": "https://m.mhkami.com/book/109/",
    "totalChapterNum": 732,
    "type": 64,
    "wordCount": ""
  },
  {
    "author": "",
    "bookUrl": "https://m.mhkami.com/book/657/",
    "canUpdate": true,
    "coverUrl": "https://pic.piuqiupia.com/picbed/ohmanhua/cover/co11023.png",
    "durChapterIndex": 0,
    "durChapterPos": 0,
    "durChapterTime": 1718286548128,
    "durChapterTitle": "第1话 人物简介",
    "group": 0,
    "intro": "",
    "kind": "搞笑,恋爱",
    "lastCheckCount": 0,
    "lastCheckTime": 1722592074752,
    "latestChapterTime": 1718203896969,
    "latestChapterTitle": "第90话 最终话：“巢”人随变",
    "name": "爱情公寓漫画版",
    "order": -9,
    "origin": "https://m.mhkami.com",
    "originName": "🌠 漫神",
    "originOrder": 1548,
    "readConfig": {
      "delTag": 0,
      "reSegment": false,
      "reverseToc": false,
      "splitLongChapter": true
    },
    "syncTime": 0,
    "tocUrl": "https://m.mhkami.com/book/657/",
    "totalChapterNum": 91,
    "type": 64,
    "wordCount": ""
  },
  {
    "author": "",
    "bookUrl": "https://m.mhkami.com/book/98/",
    "canUpdate": true,
    "coverUrl": "https://pic.piuqiupia.com/picbed/ohmanhua/cover/co10283.png",
    "durChapterIndex": 7,
    "durChapterPos": 25,
    "durChapterTime": 1721986008377,
    "durChapterTitle": "第8集",
    "group": 0,
    "intro": "",
    "kind": "恐怖,爆笑",
    "lastCheckCount": 0,
    "lastCheckTime": 1722592075053,
    "latestChapterTime": 1718204061029,
    "latestChapterTitle": "2023新年快乐",
    "name": "尸兄（我叫白小飞）",
    "order": -10,
    "origin": "https://m.mhkami.com",
    "originName": "🌠 漫神",
    "originOrder": 1548,
    "readConfig": {
      "delTag": 0,
      "reSegment": false,
      "reverseToc": false,
      "splitLongChapter": true
    },
    "syncTime": 1721986008633,
    "tocUrl": "https://m.mhkami.com/book/98/",
    "totalChapterNum": 521,
    "type": 64,
    "wordCount": ""
  },
  {
    "author": "",
    "bookUrl": "https://m.mhkami.com/book/460/",
    "canUpdate": true,
    "coverUrl": "https://pic.piuqiupia.com/picbed/ohmanhua/cover/co10847.png",
    "durChapterIndex": 0,
    "durChapterPos": 0,
    "durChapterTime": 1718269801698,
    "durChapterTitle": "人设和背景",
    "group": 0,
    "intro": "",
    "kind": "战争,热血",
    "lastCheckCount": 1,
    "lastCheckTime": 1722592075007,
    "latestChapterTime": 1720787048545,
    "latestChapterTitle": "第一百一十八话 最后的决斗",
    "name": "镖人",
    "order": -11,
    "origin": "https://m.mhkami.com",
    "originName": "🌠 漫神",
    "originOrder": 1548,
    "readConfig": {
      "delTag": 0,
      "reSegment": false,
      "reverseToc": false,
      "splitLongChapter": true
    },
    "syncTime": 0,
    "tocUrl": "https://m.mhkami.com/book/460/",
    "totalChapterNum": 241,
    "type": 64,
    "wordCount": ""
  },
  {
    "author": "许辰",
    "bookUrl": "https://m.gufengmh9.com/manhua/zhenhunjie/",
    "canUpdate": true,
    "coverUrl": "https://res1.xiaoqinre.com/images/cover/201803/152163142220HF3w5eW_N74LRJ.jpg",
    "durChapterIndex": 0,
    "durChapterPos": 0,
    "durChapterTime": 1718270014604,
    "durChapterTitle": "01 第一话 百鬼夜行",
    "group": 0,
    "intro": "简介：介绍:镇魂街乃吸纳亡灵镇压恶灵之地。这是一个人灵共存的世界，但不是每个人都能进入镇魂街，只有拥有守护灵的寄",
    "kind": "少年漫画",
    "lastCheckCount": 0,
    "lastCheckTime": 1722592073312,
    "latestChapterTime": 1718269961692,
    "latestChapterTitle": "四一八 楚魂",
    "name": "镇魂街",
    "order": -13,
    "origin": "https://m.gufengmh8.com#Haxc1107",
    "originName": "✐ 古风漫画 #Haxc1107",
    "originOrder": 1177,
    "readConfig": {
      "delTag": 0,
      "imageStyle": "FULL",
      "pageAnim": 3,
      "reSegment": false,
      "reverseToc": false,
      "splitLongChapter": true
    },
    "syncTime": 0,
    "tocUrl": "https://m.gufengmh9.com/manhua/zhenhunjie/",
    "totalChapterNum": 698,
    "type": 8,
    "wordCount": ""
  },
  {
    "author": "",
    "bookUrl": "https://m.mhkami.com/book/228/",
    "canUpdate": true,
    "coverUrl": "https://pic.piuqiupia.com/picbed/ohmanhua/cover/co10449.png",
    "durChapterIndex": 1,
    "durChapterPos": 30,
    "durChapterTime": 1721281698474,
    "durChapterTitle": "1 第1拳 一拳",
    "group": 0,
    "intro": "",
    "kind": "热血,搞笑",
    "lastCheckCount": 0,
    "lastCheckTime": 1722592075194,
    "latestChapterTime": 1718270906740,
    "latestChapterTitle": "246 老伙计",
    "name": "一拳超人",
    "order": -15,
    "origin": "https://m.mhkami.com",
    "originName": "🌠 漫神",
    "originOrder": 1548,
    "readConfig": {
      "delTag": 0,
      "reSegment": false,
      "reverseToc": false,
      "splitLongChapter": true
    },
    "syncTime": 1721281698601,
    "tocUrl": "https://m.mhkami.com/book/228/",
    "totalChapterNum": 258,
    "type": 64,
    "wordCount": ""
  },
  {
    "author": "",
    "bookUrl": "https://m.mhkami.com/book/1967/",
    "canUpdate": true,
    "coverUrl": "https://pic.piuqiupia.com/picbed/ohmanhua/cover/co12531.png",
    "durChapterIndex": 0,
    "durChapterPos": 0,
    "durChapterTime": 1718270995508,
    "durChapterTitle": "第1话 漩涡博人！",
    "group": 0,
    "intro": "",
    "kind": "热血,励志",
    "lastCheckCount": 1,
    "lastCheckTime": 1722592075285,
    "latestChapterTime": 1721559292045,
    "latestChapterTitle": "TBW12话",
    "name": "博人传-火影次世代-",
    "order": -16,
    "origin": "https://m.mhkami.com",
    "originName": "🌠 漫神",
    "originOrder": 1548,
    "readConfig": {
      "delTag": 0,
      "imageStyle": "FULL",
      "reSegment": false,
      "reverseToc": false,
      "splitLongChapter": true
    },
    "syncTime": 0,
    "tocUrl": "https://m.mhkami.com/book/1967/",
    "totalChapterNum": 94,
    "type": 64,
    "wordCount": ""
  },
  {
    "author": "ONE,小学馆",
    "bookUrl": "https://m.gufengmh9.com/manhua/lingnengbaifenbai/",
    "canUpdate": true,
    "coverUrl": "https://res1.xiaoqinre.com/images/cover/201804/15238530680hHz5k9O111E1xT3.jpg,{\"headers\":\"{\\\"Referer\\\":\\\"https://m.gufengmh9.com/search/?keywords=%E7%81%B5%E8%83%BD%E7%99%BE%E5%88%86%E7%99%BE\\\"}\"}",
    "durChapterIndex": 0,
    "durChapterPos": 44,
    "durChapterTime": 1718271370011,
    "durChapterTitle": "001 自称灵能力者 灵幻新隆",
    "group": 0,
    "intro": "简介：【灵能正篇+师匠外传, 足本放送！】总觉得自己一无是处，但却拥有超能力的少年，昵称——龙套。因为想过普通的生活而封印了超能力的他，在代表感情的数字达到100%后，就会……！漫画家ONE倾情描绘的，充满欢笑、泪水以及意想不到的……战斗的每一天，就此开幕！",
    "kind": "少年漫画",
    "lastCheckCount": 0,
    "lastCheckTime": 1722592073668,
    "latestChapterTime": 1718271314369,
    "latestChapterTitle": "外传7 REIGEN",
    "name": "灵能百分百",
    "order": -17,
    "origin": "https://m.gufengmh8.com#♤Haxc",
    "originName": "🎨 古风漫画",
    "originOrder": 1228,
    "readConfig": {
      "delTag": 0,
      "pageAnim": 3,
      "reSegment": false,
      "reverseToc": false,
      "splitLongChapter": true
    },
    "syncTime": 0,
    "tocUrl": "https://m.gufengmh9.com/manhua/lingnengbaifenbai/",
    "totalChapterNum": 123,
    "type": 8,
    "wordCount": ""
  },
  {
    "author": "",
    "bookUrl": "https://m.mhkami.com/book/110/",
    "canUpdate": true,
    "coverUrl": "https://pic.piuqiupia.com/picbed/ohmanhua/cover/co10262.png",
    "durChapterIndex": 148,
    "durChapterPos": 0,
    "durChapterTime": 1719720961871,
    "durChapterTitle": "143,我大东关之心！",
    "group": 0,
    "intro": "",
    "kind": "玄幻,都市",
    "lastCheckCount": 1,
    "lastCheckTime": 1722592075900,
    "latestChapterTime": 1722142446592,
    "latestChapterTitle": "第734话 二周目 725，每个人都有心魔",
    "name": "王牌御史",
    "order": -18,
    "origin": "https://m.mhkami.com",
    "originName": "🌠 漫神",
    "originOrder": 1548,
    "readConfig": {
      "delTag": 0,
      "reSegment": false,
      "reverseToc": false,
      "splitLongChapter": true
    },
    "syncTime": 0,
    "tocUrl": "https://m.mhkami.com/book/110/",
    "totalChapterNum": 754,
    "type": 64,
    "wordCount": ""
  },
  {
    "author": "糖人家",
    "bookUrl": "https://cn.baozimh.com/comic/yaoguaimingdan-tangrenjia",
    "canUpdate": true,
    "coverUrl": "https://static-tw.baozimh.com/cover/yaoguaimingdan-tangrenjia.jpg?w=285&h=375&q=100",
    "durChapterIndex": 0,
    "durChapterPos": 0,
    "durChapterTime": 1718272139756,
    "durChapterTitle": "1.精气",
    "group": 0,
    "intro": "魅惑众生的九尾狐狸？吸人精气的合欢树妖？道家妹子求双修，仙家女神若即离。游走在这些危险分子中间可不是容易的事情。但为了世界和平，少年封夕豁出去啦！每周尽力更新！实在画不完随时盯着更新吧~作品群：9206702，595274283，713425461，377844535。欢迎进群讨论~",
    "kind": "连载中 国漫 恋爱 后宫",
    "lastCheckCount": 1,
    "lastCheckTime": 1722576114041,
    "latestChapterTime": 1722315387979,
    "latestChapterTitle": "542.合作",
    "name": "妖怪名单",
    "order": -19,
    "origin": "https://cn.baozimh.com/",
    "originName": "包子漫画",
    "originOrder": 1645,
    "readConfig": {
      "delTag": 0,
      "pageAnim": 3,
      "reSegment": false,
      "reverseToc": false,
      "splitLongChapter": true
    },
    "syncTime": 0,
    "tocUrl": "https://cn.baozimh.com/comic/yaoguaimingdan-tangrenjia",
    "totalChapterNum": 565,
    "type": 64,
    "wordCount": ""
  },
  {
    "author": "艺画开天",
    "bookUrl": "https://m.gufengmh9.com/manhua/linglongyuekuichuan/",
    "canUpdate": true,
    "coverUrl": "https://res1.xiaoqinre.com/images/cover/202105/1620728943eshqOJn80yM-_Y6_.jpg",
    "durChapterIndex": 2,
    "durChapterPos": 108,
    "durChapterTime": 1719405870937,
    "durChapterTitle": "00话（上） 启幕",
    "group": 0,
    "intro": "简介：天才脑科学家白月魁为救恩师将其大脑移植进一名死囚的体内，与此同时地质灾难频发，琼斯盗取天使药剂引起一系列异变，久川市变成人间炼狱。一切还未尘埃落定，真正的末日却已来临……",
    "kind": "少年漫画",
    "lastCheckCount": 0,
    "lastCheckTime": 1722592073206,
    "latestChapterTime": 1718272176376,
    "latestChapterTitle": "活动2 中秋福利之海报",
    "name": "灵笼 · 月魁传",
    "order": -20,
    "origin": "https://m.gufengmh8.com#Haxc1107",
    "originName": "✐ 古风漫画 #Haxc1107",
    "originOrder": 1177,
    "readConfig": {
      "delTag": 0,
      "imageStyle": "FULL",
      "pageAnim": 3,
      "reSegment": false,
      "reverseToc": false,
      "splitLongChapter": true
    },
    "syncTime": 0,
    "tocUrl": "https://m.gufengmh9.com/manhua/linglongyuekuichuan/",
    "totalChapterNum": 27,
    "type": 8,
    "wordCount": ""
  },
  {
    "author": "小新",
    "bookUrl": "https://m.gufengmh9.com/manhua/huyaoxiaohongniang/",
    "canUpdate": true,
    "coverUrl": "https://res1.xiaoqinre.com/images/cover/201807/1530974703dgMcaLte-RagYVYT.jpg,{\"headers\":\"{\\\"Referer\\\":\\\"https://m.gufengmh9.com/search/?keywords=%E7%8B%90%E5%A6%96%E5%B0%8F%E7%BA%A2%E5%A8%98\\\"}\"}",
    "durChapterIndex": 0,
    "durChapterPos": 0,
    "durChapterTime": 1718272269035,
    "durChapterTitle": "001",
    "group": 0,
    "intro": "简介：迷糊萝莉小狐妖，正太道士没节操。自古人妖生死恋，千载孽缘一线牵！（注：现在起狐妖暂时改为周更，每周周三更新。）",
    "kind": "少年漫画",
    "lastCheckCount": 164,
    "lastCheckTime": 1722592073731,
    "latestChapterTime": 1721881548552,
    "latestChapterTitle": "總587·居然偷核心技術！",
    "name": "狐妖小红娘",
    "order": -21,
    "origin": "https://m.gufengmh8.com#♤Haxc",
    "originName": "🎨 古风漫画",
    "originOrder": 1228,
    "readConfig": {
      "delTag": 0,
      "pageAnim": 3,
      "reSegment": false,
      "reverseToc": false,
      "splitLongChapter": true
    },
    "syncTime": 0,
    "tocUrl": "https://m.gufengmh9.com/manhua/huyaoxiaohongniang/",
    "totalChapterNum": 1783,
    "type": 8,
    "wordCount": ""
  },
  {
    "author": "博易动漫",
    "bookUrl": "https://m.gufengmh9.com/manhua/yangdiweihuan/",
    "canUpdate": true,
    "coverUrl": "https://images.wszwhg.net/images/o/f2/03/7c2c18a8f38c4f597afc15826532.jpg,{\"headers\":\"{\\\"Referer\\\":\\\"https://m.gufengmh9.com/search/?keywords=%E5%85%BB%E6%95%8C%E4%B8%BA%E6%82%A3\\\"}\"}",
    "durChapterIndex": 0,
    "durChapterPos": 0,
    "durChapterTime": 1718378237280,
    "durChapterTitle": "序章 养大一个小狼崽？！",
    "group": 0,
    "intro": "简介：介绍:穿到书里，还成了惨死的炮灰女配？ 夜沐表示她没时间玩游戏，那就弄死男主让世界崩坏了出去！ 可看着面前",
    "kind": "少年漫画",
    "lastCheckCount": 0,
    "lastCheckTime": 1722592073868,
    "latestChapterTime": 1718378218931,
    "latestChapterTitle": "第78话 心疼",
    "name": "养敌为患",
    "order": -23,
    "origin": "https://m.gufengmh8.com",
    "originName": "🗒 古风漫画",
    "originOrder": 202,
    "readConfig": {
      "delTag": 0,
      "reSegment": false,
      "reverseToc": false,
      "splitLongChapter": true
    },
    "syncTime": 0,
    "tocUrl": "https://m.gufengmh9.com/manhua/yangdiweihuan/",
    "totalChapterNum": 287,
    "type": 64,
    "wordCount": ""
  },
  {
    "author": "",
    "bookUrl": "https://m.mhkami.com/book/8433/",
    "canUpdate": true,
    "coverUrl": "https://pic.piuqiupia.com/picbed/CPMH/tianmijiayuan/971d2313-b023-11eb-af00-024352452ce0.jpg",
    "durChapterIndex": 138,
    "durChapterPos": 552,
    "durChapterTime": 1721281567373,
    "durChapterTitle": "第139话",
    "group": 0,
    "intro": "",
    "kind": "悬疑",
    "lastCheckCount": 0,
    "lastCheckTime": 1722592075463,
    "latestChapterTime": 1718395362727,
    "latestChapterTitle": "第139话",
    "name": "甜蜜家园（sweet home）~",
    "order": -24,
    "origin": "https://m.mhkami.com",
    "originName": "🌠 漫神",
    "originOrder": -1,
    "readConfig": {
      "delTag": 0,
      "reSegment": false,
      "reverseToc": false,
      "splitLongChapter": true
    },
    "syncTime": 1721281567501,
    "tocUrl": "https://m.mhkami.com/book/8433/",
    "totalChapterNum": 139,
    "type": 64,
    "wordCount": ""
  },
  {
    "author": "",
    "bookUrl": "https://m.mhkami.com/book/52383/",
    "canUpdate": true,
    "coverUrl": "https://pic.yydsmh.com/manwa/cover/be69d3da6364f6fde57166573f89f90e.jpg",
    "durChapterIndex": 22,
    "durChapterPos": 296,
    "durChapterTime": 1721704332866,
    "durChapterTitle": "021 屋内有人",
    "group": 0,
    "intro": "",
    "kind": "现代",
    "lastCheckCount": 0,
    "lastCheckTime": 1722592076013,
    "latestChapterTime": 1721526482829,
    "latestChapterTitle": "021 屋内有人",
    "name": "时光代理人",
    "order": -25,
    "origin": "https://m.mhkami.com",
    "originName": "🌠 漫神",
    "originOrder": -1,
    "readConfig": {
      "delTag": 0,
      "reSegment": false,
      "reverseToc": false,
      "splitLongChapter": true
    },
    "syncTime": 1721704333511,
    "tocUrl": "https://m.mhkami.com/book/52383/",
    "totalChapterNum": 23,
    "type": 64,
    "wordCount": ""
  },
  {
    "author": "",
    "bookUrl": "https://m.mhkami.com/book/6382/",
    "canUpdate": true,
    "coverUrl": "https://pic.piuqiupia.com/picbed/ohmanhua/cover/co19186.png",
    "durChapterIndex": 209,
    "durChapterPos": 25,
    "durChapterTime": 1721281775622,
    "durChapterTitle": "必看！新年惊喜福利！",
    "group": 0,
    "intro": "",
    "kind": "热血,都市",
    "lastCheckCount": 0,
    "lastCheckTime": 1722592076241,
    "latestChapterTime": 1719310324797,
    "latestChapterTitle": "必看！新年惊喜福利！",
    "name": "我独自升级",
    "order": -6,
    "origin": "https://m.mhkami.com",
    "originName": "🌠 漫神",
    "originOrder": -1,
    "readConfig": {
      "delTag": 0,
      "imageStyle": "FULL",
      "pageAnim": 3,
      "reSegment": false,
      "reverseToc": false,
      "splitLongChapter": true
    },
    "syncTime": 1721281775732,
    "tocUrl": "https://m.mhkami.com/book/6382/",
    "totalChapterNum": 210,
    "type": 64,
    "wordCount": ""
  },
  {
    "author": "",
    "bookUrl": "https://m.mhkami.com/book/43196/",
    "canUpdate": true,
    "coverUrl": "https://pic.yydsmh.com/man8/117211/cover.jpg",
    "durChapterIndex": 71,
    "durChapterPos": 59,
    "durChapterTime": 1719379037957,
    "durChapterTitle": "65.了不起的一剑",
    "group": 0,
    "intro": "",
    "kind": "搞笑",
    "lastCheckCount": 0,
    "lastCheckTime": 1722592075909,
    "latestChapterTime": 1719379024369,
    "latestChapterTitle": "65.了不起的一剑",
    "name": "一人之下番外·锈铁",
    "order": -27,
    "origin": "https://m.mhkami.com",
    "originName": "🌠 漫神",
    "originOrder": -1,
    "readConfig": {
      "delTag": 0,
      "imageStyle": "FULL",
      "reSegment": false,
      "reverseToc": false,
      "splitLongChapter": true
    },
    "syncTime": 0,
    "tocUrl": "https://m.mhkami.com/book/43196/",
    "totalChapterNum": 72,
    "type": 64,
    "wordCount": ""
  },
  {
    "author": "好传动画",
    "bookUrl": "https://www.mkzhan.com/214353/",
    "canUpdate": true,
    "coverUrl": "https://oss.mkzcdn.com/comic/cover/20190428/5cc56270df71a-750x999.jpg!cover-400",
    "durChapterIndex": 363,
    "durChapterPos": 27,
    "durChapterTime": 1721281627755,
    "durChapterTitle": "第286话",
    "group": 0,
    "intro": "　　武周年间，一介贫民陈拾只身来到洛阳寻找哥哥，阴差阳错下成为大理寺少卿的随身书吏。而这位少卿大人是一只会说人话的大白猫，陈拾也成为名副其实的“猫奴”，他也由此结识了各色各样的大理寺公务员，与少卿大人谱写了一连串的奇闻异事。",
    "kind": "搞笑,生活,连载",
    "lastCheckCount": 0,
    "lastCheckTime": 1722592083036,
    "latestChapterTime": 1719394996108,
    "latestChapterTitle": "第286话",
    "name": "大理寺日志",
    "order": -12,
    "origin": "https://www.mkzhan.com#yc1101",
    "originName": "㊣✐ 漫客栈  #一程",
    "originOrder": 181,
    "readConfig": {
      "delTag": 0,
      "imageStyle": "FULL",
      "pageAnim": 3,
      "reSegment": false,
      "reverseToc": false,
      "splitLongChapter": true,
      "useReplaceRule": true
    },
    "syncTime": 1721281627868,
    "tocUrl": "https://www.mkzhan.com/214353/",
    "totalChapterNum": 364,
    "type": 64,
    "wordCount": "2023.04.07"
  },
  {
    "author": "",
    "bookUrl": "https://m.mhkami.com/book/5084/",
    "canUpdate": true,
    "coverUrl": "https://pic.piuqiupia.com/picbed/ohmanhua/cover/co17293.png",
    "durChapterIndex": 0,
    "durChapterPos": 0,
    "durChapterTime": 1719497850267,
    "durChapterTitle": "第1话",
    "group": 0,
    "intro": "",
    "kind": "魔法",
    "lastCheckCount": 0,
    "lastCheckTime": 1722592076041,
    "latestChapterTime": 1719497835603,
    "latestChapterTitle": "第161话 马修·班迪德与神觉者",
    "name": "物理魔法使马修",
    "order": -26,
    "origin": "https://m.mhkami.com",
    "originName": "🌠 漫神",
    "originOrder": 0,
    "readConfig": {
      "delTag": 0,
      "reSegment": false,
      "reverseToc": false,
      "splitLongChapter": true
    },
    "syncTime": 0,
    "tocUrl": "https://m.mhkami.com/book/5084/",
    "totalChapterNum": 161,
    "type": 64,
    "wordCount": ""
  },
  {
    "author": "",
    "bookUrl": "https://m.mhkami.com/book/1545/",
    "canUpdate": true,
    "coverUrl": "https://pic.piuqiupia.com/picbed/ohmanhua/cover/co11968.png",
    "durChapterIndex": 58,
    "durChapterPos": 19,
    "durChapterTime": 1719747618632,
    "durChapterTitle": "第五十六话：心猿(1)",
    "group": 0,
    "intro": "",
    "kind": "热血,玄幻",
    "lastCheckCount": 0,
    "lastCheckTime": 1722592076300,
    "latestChapterTime": 1719501950379,
    "latestChapterTitle": "3周年的吐槽",
    "name": "恒沙记",
    "order": -28,
    "origin": "https://m.mhkami.com",
    "originName": "🌠 漫神",
    "originOrder": 0,
    "readConfig": {
      "delTag": 0,
      "reSegment": false,
      "reverseToc": false,
      "splitLongChapter": true
    },
    "syncTime": 0,
    "tocUrl": "https://m.mhkami.com/book/1545/",
    "totalChapterNum": 145,
    "type": 64,
    "wordCount": ""
  },
  {
    "author": "",
    "bookUrl": "https://m.mhkami.com/book/61/",
    "canUpdate": true,
    "coverUrl": "https://pic.piuqiupia.com/picbed/ohmanhua/cover/co10187.png",
    "durChapterIndex": 3,
    "durChapterPos": 75,
    "durChapterTime": 1721281530304,
    "durChapterTitle": "第4话 转校生和小萝莉",
    "group": 0,
    "intro": "",
    "kind": "热血,玄幻",
    "lastCheckCount": 0,
    "lastCheckTime": 1722592076494,
    "latestChapterTime": 1719973437738,
    "latestChapterTitle": "付费通知",
    "name": "九九八十一",
    "order": -29,
    "origin": "https://m.mhkami.com",
    "originName": "🌠 漫神",
    "originOrder": 0,
    "readConfig": {
      "delTag": 0,
      "reSegment": false,
      "reverseToc": false,
      "splitLongChapter": true
    },
    "syncTime": 1721281530479,
    "tocUrl": "https://m.mhkami.com/book/61/",
    "totalChapterNum": 123,
    "type": 64,
    "wordCount": ""
  },
  {
    "author": "",
    "bookUrl": "https://m.mhkami.com/book/3598/",
    "canUpdate": true,
    "coverUrl": "https://pic.piuqiupia.com/picbed/ohmanhua/cover/co14311.png",
    "durChapterIndex": 0,
    "durChapterPos": 12,
    "durChapterTime": 1720172363434,
    "durChapterTitle": "第1话 GFhouse",
    "group": 0,
    "intro": "",
    "kind": "科幻,悬疑",
    "lastCheckCount": 0,
    "lastCheckTime": 1722592076641,
    "latestChapterTime": 1720172115118,
    "latestChapterTitle": "特别短篇",
    "name": "约定的梦幻岛",
    "order": -30,
    "origin": "https://m.mhkami.com",
    "originName": "🌠 漫神",
    "originOrder": 0,
    "readConfig": {
      "delTag": 0,
      "reSegment": false,
      "reverseToc": false,
      "splitLongChapter": true
    },
    "syncTime": 0,
    "tocUrl": "https://m.mhkami.com/book/3598/",
    "totalChapterNum": 185,
    "type": 64,
    "wordCount": ""
  },
  {
    "author": "",
    "bookUrl": "https://m.mhkami.com/book/3681/",
    "canUpdate": true,
    "coverUrl": "https://pic.piuqiupia.com/picbed/ohmanhua/cover/co14424.png",
    "durChapterIndex": 0,
    "durChapterPos": 37,
    "durChapterTime": 1720172349424,
    "durChapterTitle": "外传 Reboot：百夜 Z=1 人类的支援",
    "group": 0,
    "intro": "",
    "kind": "科幻,热血",
    "lastCheckCount": 0,
    "lastCheckTime": 1722592076617,
    "latestChapterTime": 1720172173061,
    "latestChapterTitle": "232 Dr.STONE",
    "name": "石纪元（Dr.Stone）",
    "order": -31,
    "origin": "https://m.mhkami.com",
    "originName": "🌠 漫神",
    "originOrder": 0,
    "readConfig": {
      "delTag": 0,
      "reSegment": false,
      "reverseToc": false,
      "splitLongChapter": true
    },
    "syncTime": 0,
    "tocUrl": "https://m.mhkami.com/book/3681/",
    "totalChapterNum": 242,
    "type": 64,
    "wordCount": ""
  },
  {
    "author": "",
    "bookUrl": "https://m.mhkami.com/book/3645/",
    "canUpdate": true,
    "coverUrl": "https://pic.piuqiupia.com/picbed/ohmanhua/cover/co14399.png",
    "durChapterIndex": 125,
    "durChapterPos": 49,
    "durChapterTime": 1721704169521,
    "durChapterTitle": "121 攻否",
    "group": 0,
    "intro": "",
    "kind": "搞笑,古风",
    "lastCheckCount": 0,
    "lastCheckTime": 1722592076750,
    "latestChapterTime": 1721559293896,
    "latestChapterTitle": "121 攻否",
    "name": "罗小黑战记·蓝溪镇",
    "order": -8,
    "origin": "https://m.mhkami.com",
    "originName": "🌠 漫神",
    "originOrder": 0,
    "readConfig": {
      "delTag": 0,
      "imageStyle": "FULL",
      "reSegment": false,
      "reverseToc": false,
      "splitLongChapter": true
    },
    "syncTime": 1721704169941,
    "tocUrl": "https://m.mhkami.com/book/3645/",
    "totalChapterNum": 126,
    "type": 64,
    "wordCount": ""
  },
  {
    "author": "",
    "bookUrl": "https://m.mhkami.com/book/47522/",
    "canUpdate": true,
    "coverUrl": "https://pic.yydsmh.com/man8/137398/cover.jpg",
    "durChapterIndex": 173,
    "durChapterPos": 121,
    "durChapterTime": 1721703736581,
    "durChapterTitle": "173.开始行动",
    "group": 0,
    "intro": "",
    "kind": "古风,穿越",
    "lastCheckCount": 4,
    "lastCheckTime": 1722592076979,
    "latestChapterTime": 1722592076979,
    "latestChapterTitle": "177.先除内患",
    "name": "庆余年",
    "order": -7,
    "origin": "https://m.mhkami.com",
    "originName": "🌠 漫神",
    "originOrder": 0,
    "readConfig": {
      "delTag": 0,
      "imageStyle": "FULL",
      "reSegment": false,
      "reverseToc": false,
      "splitLongChapter": true,
      "useReplaceRule": true
    },
    "syncTime": 1721703737109,
    "tocUrl": "https://m.mhkami.com/book/47522/",
    "totalChapterNum": 178,
    "type": 64,
    "wordCount": ""
  },
  {
    "author": "矢吹健太郎,code:000",
    "bookUrl": "https://m.gufengmh9.com/manhua/DARLINGintheFRANXX/",
    "canUpdate": true,
    "coverUrl": "https://res1.xiaoqinre.com/images/cover/201805/15268178356MwHBzXlpfb5x7x_.jpg\nhttps://m.gufengmh9.com/themes/mip/phone/images/icon_h2_2.png\nhttps://res1.xiaoqinre.com/images/cover/201808/1534507327XRej2cm-FcjhOjcZ.jpg\nhttps://res1.xiaoqinre.com/images/cover/201803/1522504091IaHHw-CzM8rZxG8M.jpg\nhttps://res1.xiaoqinre.com/images/cover/201803/1522504080iq0XdnSU1dttfXey.jpg\nhttps://res1.xiaoqinre.com/images/cover/201802/1519731860-XT3ChdTT3wBh0Go.jpg\nhttps://res1.xiaoqinre.com/images/cover/201803/1522504219dBEpABmGtk78rXGl.jpg\nhttps://res1.xiaoqinre.com/images/cover/201705/14942978572r8ZbJPBHG9nqZTm.jpg\nhttps://m.gufengmh9.com/themes/mip/phone/images/head_line.gif",
    "durChapterIndex": 0,
    "durChapterPos": 19,
    "durChapterTime": 1721281740332,
    "durChapterTitle": "第01话",
    "group": 0,
    "intro": "简介：DARLING in the FRANXX漫画 ，遥远的未来。人类在荒废的大地上建设了移动要塞都市“种植园”，并讴歌着文明。在那当中建造的驾驶员居住设施“米斯特汀”，通称“鸟笼”。孩子们就住在那里。对外面的世界一无所知。对自由的天空一无所知。他们被告知的使命，只有战斗而已。敌人是一切都被谜团覆盖的巨大生命体“叫龙”。为了对抗尚未见过的敌人，孩子们乘上被称为“FRANXX”的机器人。他们坚信，乘坐其中，就是对自己存在的证明。 有一位曾被称作神童的少年。代号016。名字是广。但他现在却跌落谷底。是不被人需要的存在。如果没有乘上FRANXX，就如同不存在一样。在这样的广面前，某天，一位被称作02的神秘少女出现了。她的额头，长着两根艳丽的角。",
    "kind": "少年漫画",
    "lastCheckCount": 0,
    "lastCheckTime": 1722592075868,
    "latestChapterTime": 1720580322812,
    "latestChapterTitle": "特别插图04",
    "name": "DARLING in the FRANXX",
    "order": -32,
    "origin": "http://www.gufengmh9.com",
    "originName": "古风漫画",
    "originOrder": 1920,
    "readConfig": {
      "delTag": 0,
      "reSegment": false,
      "reverseToc": false,
      "splitLongChapter": true
    },
    "syncTime": 1721281740552,
    "tocUrl": "https://m.gufengmh9.com/manhua/DARLINGintheFRANXX/",
    "totalChapterNum": 80,
    "type": 64,
    "wordCount": ""
  },
  {
    "author": "（清）曹雪芹，高鹗",
    "bookUrl": "https://readbook-service-freebook.cread.com/cx/bookDetailYS?bookid=246037",
    "canUpdate": true,
    "coverUrl": "http://images-pro.cread.com/211/images/246037.jpg",
    "durChapterIndex": 0,
    "durChapterPos": 0,
    "durChapterTime": 1721292144220,
    "durChapterTitle": "第一回 甄士隐梦幻识通灵 贾雨村风尘怀闺秀",
    "group": 0,
    "intro": "小说以贾、史、王、薛四大家族的兴衰为背景，以贾府的家庭琐事、闺阁闲情为脉络，以贾宝玉、林黛玉、薛宝钗的爱情婚姻故事为主线，刻画了以贾宝玉和金陵十二钗为中心的正邪两赋有情人的人性美和悲剧美。通过家族悲剧、女儿悲剧及主人公的人生悲剧，揭示出封建末世的危机。",
    "kind": "名著",
    "lastCheckCount": 0,
    "lastCheckTime": 1722576090160,
    "latestChapterTime": 1721291965551,
    "latestChapterTitle": "第一百二十回 甄士隐详说太虚情  贾雨村归结红楼梦",
    "name": "红楼梦",
    "order": -33,
    "origin": "https://cxb-pro.cread.com#Haxc",
    "originName": "🔖爱看书🅰🔓",
    "originOrder": 1044,
    "readConfig": {
      "delTag": 0,
      "reSegment": false,
      "reverseToc": false,
      "splitLongChapter": true
    },
    "syncTime": 1721292144910,
    "tocUrl": "https://cxb-pro.cread.com/cx/itf/getvolume?bookId=246037",
    "totalChapterNum": 119,
    "type": 8,
    "variable": "{\n  \"bookid\": \"246037\"\n}",
    "wordCount": "86.1万字"
  },
  {
    "author": "DENGANG",
    "bookUrl": "https://cn.webmota.com/comic/qumolu-dengang",
    "canUpdate": true,
    "coverUrl": "https://static-tw.baozimh.com/cover/qumolu-dengang.jpg?w=285&h=375&q=100",
    "durChapterIndex": 170,
    "durChapterPos": 13,
    "durChapterTime": 1722499622544,
    "durChapterTitle": "170 一波未平一波又起",
    "group": 0,
    "intro": "《驱魔录》 是以《西游记》为创作基础，讲述江流儿师徒四人作为驱魔师，而非取经得法的奇遇漫画。作者对于西游记的解读可以归为伸张正义，只为小善，不畏权势，自由不羁。途中师徒四人志同道合走到一起，降妖除魔，从白骨精，海妖，九头虫，到青师白象大鹏，盘丝洞百目魔君的决一死战等，都是为了一方安危伸张正义，而并非取经所需磨难。 同时对于取经人和驱魔人的意义也做出了回应，即大成渺茫无际，小成踏实实在，师徒四人选择了后者，《驱魔录》中江流儿也多次对佛祖说：“我就是个挂单的和尚”，道不同不相为谋而已。\"",
    "kind": "连载中 国漫 冒险,连载中,国漫,冒险",
    "lastCheckCount": 0,
    "lastCheckTime": 1722576090892,
    "latestChapterTime": 1722435732058,
    "latestChapterTitle": "348 芭蕉洞一家人",
    "name": "驱魔录",
    "order": -14,
    "origin": "https://cn.webmota.com",
    "originName": "包子漫画5",
    "originOrder": 2023,
    "readConfig": {
      "delTag": 0,
      "imageStyle": "FULL",
      "reSegment": false,
      "reverseToc": false,
      "splitLongChapter": true,
      "useReplaceRule": true
    },
    "syncTime": 1722499622684,
    "tocUrl": "https://cn.webmota.com/comic/qumolu-dengang",
    "totalChapterNum": 349,
    "type": 64,
    "wordCount": ""
  }
]