[
  {
    "bookSort": -1,
    "enableRefresh": true,
    "groupId": -1,
    "groupName": "全部",
    "order": -10,
    "show": true
  },
  {
    "bookSort": -1,
    "enableRefresh": false,
    "groupId": -2,
    "groupName": "本地",
    "order": -9,
    "show": true
  },
  {
    "bookSort": -1,
    "enableRefresh": true,
    "groupId": -3,
    "groupName": "音频",
    "order": -8,
    "show": true
  },
  {
    "bookSort": -1,
    "enableRefresh": true,
    "groupId": -4,
    "groupName": "网络未分组",
    "order": -7,
    "show": false
  },
  {
    "bookSort": -1,
    "enableRefresh": true,
    "groupId": -5,
    "groupName": "本地未分组",
    "order": -6,
    "show": false
  },
  {
    "bookSort": -1,
    "enableRefresh": true,
    "groupId": -11,
    "groupName": "更新失败",
    "order": -1,
    "show": true
  }
]