[
  {
    "concurrentRate": "0",
    "contentType": "",
    "enabledCookieJar": false,
    "header": "",
    "id": 1652146476375,
    "lastUpdateTime": 1718381222491,
    "loginCheckJs": "",
    "loginUi": "",
    "loginUrl": "",
    "name": "B AI思必驰中文-俞师 精品",
    "url": "https://dds.dui.ai/runtime/v1/synthesize?voiceId=madoufp_yubo&text={{java.encodeURI(java.encodeURI(speakText))}}&speed=0.9&volume=100&audioType=wav&voiceId=yukaimp"
  },
  {
    "concurrentRate": "0",
    "contentType": "",
    "enabledCookieJar": false,
    "header": "",
    "id": 1652147041082,
    "lastUpdateTime": 1718381222491,
    "loginCheckJs": "",
    "loginUi": "",
    "loginUrl": "",
    "name": "B AI思必驰中文-堂堂 童音",
    "url": "https://dds.dui.ai/runtime/v1/synthesize?voiceId=madoufp_yubo&text={{java.encodeURI(java.encodeURI(speakText))}}&speed=0.9&volume=100&audioType=wav&voiceId=tangtang_boyfp"
  },
  {
    "concurrentRate": "0",
    "contentType": "",
    "enabledCookieJar": false,
    "header": "",
    "id": 1652146320022,
    "lastUpdateTime": 1718381222491,
    "loginCheckJs": "",
    "loginUi": "",
    "loginUrl": "",
    "name": "B AI思必驰中文-季师 精品",
    "url": "https://dds.dui.ai/runtime/v1/synthesize?voiceId=madoufp_yubo&text={{java.encodeURI(java.encodeURI(speakText))}}&speed=0.9&volume=100&audioType=wav&voiceId=jlshimp"
  },
  {
    "concurrentRate": "0",
    "contentType": "",
    "enabledCookieJar": false,
    "header": "",
    "id": 1652147205580,
    "lastUpdateTime": 1718381222491,
    "loginCheckJs": "",
    "loginUi": "",
    "loginUrl": "",
    "name": "B AI思必驰中文-小军 严肃",
    "url": "https://dds.dui.ai/runtime/v1/synthesize?voiceId=madoufp_yubo&text={{java.encodeURI(java.encodeURI(speakText))}}&speed=0.9&volume=100&audioType=wav&voiceId=xijunm"
  },
  {
    "concurrentRate": "0",
    "contentType": "",
    "enabledCookieJar": false,
    "header": "",
    "id": 1652142303813,
    "lastUpdateTime": 1718381222491,
    "loginCheckJs": "",
    "loginUi": "",
    "loginUrl": "",
    "name": "B AI思必驰中文-小军 温和",
    "url": "https://dds.dui.ai/runtime/v1/synthesize?voiceId=madoufp_yubo&text={{java.encodeURI(java.encodeURI(speakText))}}&speed=0.9&volume=100&audioType=wav&voiceId=xijunma"
  },
  {
    "concurrentRate": "0",
    "contentType": "",
    "enabledCookieJar": false,
    "header": "",
    "id": 1652142382227,
    "lastUpdateTime": 1718381222491,
    "loginCheckJs": "",
    "loginUi": "",
    "loginUrl": "",
    "name": "B AI思必驰中文-小江 精品",
    "url": "https://dds.dui.ai/runtime/v1/synthesize?voiceId=madoufp_yubo&text={{java.encodeURI(java.encodeURI(speakText))}}&speed=0.8&volume=100&audioType=wav&voiceId=wjianm_xsheng"
  },
  {
    "concurrentRate": "0",
    "contentType": "",
    "enabledCookieJar": false,
    "header": "",
    "id": 1652146376840,
    "lastUpdateTime": 1718381222491,
    "loginCheckJs": "",
    "loginUi": "",
    "loginUrl": "",
    "name": "B AI思必驰中文-小睿 精品",
    "url": "https://dds.dui.ai/runtime/v1/synthesize?voiceId=madoufp_yubo&text={{java.encodeURI(java.encodeURI(speakText))}}&speed=0.9&volume=100&audioType=wav&voiceId=tzruimp"
  },
  {
    "concurrentRate": "0",
    "contentType": "",
    "enabledCookieJar": false,
    "header": "",
    "id": 1652147056416,
    "lastUpdateTime": 1718381222491,
    "loginCheckJs": "",
    "loginUi": "",
    "loginUrl": "",
    "name": "B AI思必驰中文-方方 标准",
    "url": "https://dds.dui.ai/runtime/v1/synthesize?voiceId=madoufp_yubo&text={{java.encodeURI(java.encodeURI(speakText))}}&speed=0.9&volume=100&audioType=wav&voiceId=gdfanf_natong"
  },
  {
    "concurrentRate": "0",
    "contentType": "",
    "enabledCookieJar": false,
    "header": "",
    "id": 1652147568084,
    "lastUpdateTime": 1718381222491,
    "loginCheckJs": "",
    "loginUi": "",
    "loginUrl": "",
    "name": "B AI思必驰中文-方方 男童",
    "url": "https://dds.dui.ai/runtime/v1/synthesize?voiceId=madoufp_yubo&text={{java.encodeURI(java.encodeURI(speakText))}}&speed=0.8&volume=100&audioType=wav&voiceId=gdfanf_boy"
  },
  {
    "concurrentRate": "0",
    "contentType": "",
    "enabledCookieJar": false,
    "header": "",
    "id": 1652147148481,
    "lastUpdateTime": 1718381222491,
    "loginCheckJs": "",
    "loginUi": "",
    "loginUrl": "",
    "name": "B AI思必驰中文-星哥 幽默",
    "url": "https://dds.dui.ai/runtime/v1/synthesize?voiceId=madoufp_yubo&text={{java.encodeURI(java.encodeURI(speakText))}}&speed=0.9&volume=100&audioType=wav&voiceId=zxcm"
  },
  {
    "concurrentRate": "0",
    "contentType": "",
    "enabledCookieJar": false,
    "header": "",
    "id": 1652146494173,
    "lastUpdateTime": 1718381222491,
    "loginCheckJs": "",
    "loginUi": "",
    "loginUrl": "",
    "name": "B AI思必驰中文-星哥 风趣",
    "url": "https://dds.dui.ai/runtime/v1/synthesize?voiceId=madoufp_yubo&text={{java.encodeURI(java.encodeURI(speakText))}}&speed=0.9&volume=100&audioType=wav&voiceId=zxcmp"
  },
  {
    "concurrentRate": "0",
    "contentType": "",
    "enabledCookieJar": false,
    "header": "",
    "id": 1652142160359,
    "lastUpdateTime": 1718381222491,
    "loginCheckJs": "",
    "loginUi": "",
    "loginUrl": "",
    "name": "B AI思必驰中文-秋木 故事",
    "url": "https://dds.dui.ai/runtime/v1/synthesize?voiceId=madoufp_yubo&text={{java.encodeURI(java.encodeURI(speakText))}}&speed=0.9&volume=100&audioType=wav&voiceId=qiumum_0gushi"
  },
  {
    "concurrentRate": "0",
    "contentType": "",
    "enabledCookieJar": false,
    "header": "",
    "id": 1652147192693,
    "lastUpdateTime": 1718381222491,
    "loginCheckJs": "",
    "loginUi": "",
    "loginUrl": "",
    "name": "B AI思必驰中文-纲叔 沉稳",
    "url": "https://dds.dui.ai/runtime/v1/synthesize?voiceId=madoufp_yubo&text={{java.encodeURI(java.encodeURI(speakText))}}&speed=0.9&volume=100&audioType=wav&voiceId=gdgm"
  },
  {
    "concurrentRate": "0",
    "contentType": "",
    "enabledCookieJar": false,
    "header": "",
    "id": 1652147431017,
    "lastUpdateTime": 1718381222491,
    "loginCheckJs": "",
    "loginUi": "",
    "loginUrl": "",
    "name": "B AI思必驰中文-老师 磁性",
    "url": "https://dds.dui.ai/runtime/v1/synthesize?voiceId=madoufp_yubo&text={{java.encodeURI(java.encodeURI(speakText))}}&speed=0.9&volume=100&audioType=wav&voiceId=yukaim_all"
  },
  {
    "concurrentRate": "0",
    "contentType": "",
    "enabledCookieJar": false,
    "header": "",
    "id": 1652142226069,
    "lastUpdateTime": 1718381222491,
    "loginCheckJs": "",
    "loginUi": "",
    "loginUrl": "",
    "name": "B AI思必驰中文-考拉 电台",
    "url": "https://dds.dui.ai/runtime/v1/synthesize?voiceId=madoufp_yubo&text={{java.encodeURI(java.encodeURI(speakText))}}&speed=1&volume=100&audioType=wav&voiceId=kaolam_diantai"
  },
  {
    "concurrentRate": "0",
    "contentType": "",
    "enabledCookieJar": false,
    "header": "",
    "id": 1652146509534,
    "lastUpdateTime": 1718381222491,
    "loginCheckJs": "",
    "loginUi": "",
    "loginUrl": "",
    "name": "B AI思必驰中文-葛爷 淡定",
    "url": "https://dds.dui.ai/runtime/v1/synthesize?voiceId=madoufp_yubo&text={{java.encodeURI(java.encodeURI(speakText))}}&speed=0.9&volume=100&audioType=wav&voiceId=geyoump"
  },
  {
    "concurrentRate": "0",
    "contentType": "",
    "enabledCookieJar": false,
    "header": "",
    "id": 1652147270293,
    "lastUpdateTime": 1718381222491,
    "loginCheckJs": "",
    "loginUi": "",
    "loginUrl": "",
    "name": "B AI思必驰中文-葛爷 风趣",
    "url": "https://dds.dui.ai/runtime/v1/synthesize?voiceId=madoufp_yubo&text={{java.encodeURI(java.encodeURI(speakText))}}&speed=0.9&volume=100&audioType=wav&voiceId=geyou"
  },
  {
    "concurrentRate": "0",
    "contentType": "",
    "enabledCookieJar": false,
    "header": "",
    "id": 1652147028745,
    "lastUpdateTime": 1718381222491,
    "loginCheckJs": "",
    "loginUi": "",
    "loginUrl": "",
    "name": "B AI思必驰中文-连连 可爱",
    "url": "https://dds.dui.ai/runtime/v1/synthesize?voiceId=madoufp_yubo&text={{java.encodeURI(java.encodeURI(speakText))}}&speed=0.9&volume=100&audioType=wav&voiceId=lzliafp"
  },
  {
    "concurrentRate": "0",
    "contentType": "",
    "enabledCookieJar": false,
    "header": "",
    "id": 1652147111575,
    "lastUpdateTime": 1718381222491,
    "loginCheckJs": "",
    "loginUi": "",
    "loginUrl": "",
    "name": "B AI思必驰中文-连连 可爱",
    "url": "https://dds.dui.ai/runtime/v1/synthesize?voiceId=madoufp_yubo&text={{java.encodeURI(java.encodeURI(speakText))}}&speed=0.9&volume=100&audioType=wav&voiceId=lzliaf"
  },
  {
    "concurrentRate": "0",
    "contentType": "",
    "enabledCookieJar": false,
    "header": "",
    "id": 1652146532158,
    "lastUpdateTime": 1718381222491,
    "loginCheckJs": "",
    "loginUi": "",
    "loginUrl": "",
    "name": "B AI思必驰外语-BRETT 英文",
    "url": "https://dds.dui.ai/runtime/v1/synthesize?voiceId=madoufp_yubo&text={{java.encodeURI(java.encodeURI(speakText))}}&speed=0.9&volume=100&audioType=wav&voiceId=brettmp"
  },
  {
    "concurrentRate": "0",
    "contentType": "",
    "enabledCookieJar": false,
    "header": "",
    "id": 1652147374294,
    "lastUpdateTime": 1718381222491,
    "loginCheckJs": "",
    "loginUi": "",
    "loginUrl": "",
    "name": "G AI思必驰中文-初阳 标准",
    "url": "https://dds.dui.ai/runtime/v1/synthesize?voiceId=madoufp_yubo&text={{java.encodeURI(java.encodeURI(speakText))}}&speed=0.9&volume=100&audioType=wav&voiceId=cyangf"
  },
  {
    "concurrentRate": "0",
    "contentType": "",
    "enabledCookieJar": false,
    "header": "",
    "id": 1652146713450,
    "lastUpdateTime": 1718381222491,
    "loginCheckJs": "",
    "loginUi": "",
    "loginUrl": "",
    "name": "G AI思必驰中文-初阳 精品",
    "url": "https://dds.dui.ai/runtime/v1/synthesize?voiceId=madoufp_yubo&text={{java.encodeURI(java.encodeURI(speakText))}}&speed=0.9&volume=100&audioType=wav&voiceId=cyangfp"
  },
  {
    "concurrentRate": "0",
    "contentType": "",
    "enabledCookieJar": false,
    "header": "",
    "id": 1652146610899,
    "lastUpdateTime": 1718381222491,
    "loginCheckJs": "",
    "loginUi": "",
    "loginUrl": "",
    "name": "G AI思必驰中文-婷婷 甜美",
    "url": "https://dds.dui.ai/runtime/v1/synthesize?voiceId=madoufp_yubo&text={{java.encodeURI(java.encodeURI(speakText))}}&speed=0.9&volume=100&audioType=wav&voiceId=xmguof"
  },
  {
    "concurrentRate": "0",
    "contentType": "",
    "enabledCookieJar": false,
    "header": "",
    "id": 1652146696830,
    "lastUpdateTime": 1718381222491,
    "loginCheckJs": "",
    "loginUi": "",
    "loginUrl": "",
    "name": "G AI思必驰中文-安宁 精品",
    "url": "https://dds.dui.ai/runtime/v1/synthesize?voiceId=madoufp_yubo&text={{java.encodeURI(java.encodeURI(speakText))}}&speed=1&volume=100&audioType=wav&voiceId=aningfp"
  },
  {
    "concurrentRate": "0",
    "contentType": "",
    "enabledCookieJar": false,
    "header": "",
    "id": 1652146826917,
    "lastUpdateTime": 1718381222491,
    "loginCheckJs": "",
    "loginUi": "",
    "loginUrl": "",
    "name": "G AI思必驰中文-小九 客服",
    "url": "https://dds.dui.ai/runtime/v1/synthesize?voiceId=madoufp_yubo&text={{java.encodeURI(java.encodeURI(speakText))}}&speed=0.9&volume=100&audioType=wav&voiceId=xijiufp"
  },
  {
    "concurrentRate": "0",
    "contentType": "",
    "enabledCookieJar": false,
    "header": "",
    "id": 1652147179438,
    "lastUpdateTime": 1718381222491,
    "loginCheckJs": "",
    "loginUi": "",
    "loginUrl": "",
    "name": "G AI思必驰中文-小佚 平和",
    "url": "https://dds.dui.ai/runtime/v1/synthesize?voiceId=madoufp_yubo&text={{java.encodeURI(java.encodeURI(speakText))}}&speed=0.9&volume=100&audioType=wav&voiceId=anonyf"
  },
  {
    "concurrentRate": "0",
    "contentType": "",
    "enabledCookieJar": false,
    "header": "",
    "id": 1652146560212,
    "lastUpdateTime": 1718381222491,
    "loginCheckJs": "",
    "loginUi": "",
    "loginUrl": "",
    "name": "G AI思必驰中文-小兰 温柔",
    "url": "https://dds.dui.ai/runtime/v1/synthesize?voiceId=madoufp_yubo&text={{java.encodeURI(java.encodeURI(speakText))}}&speed=0.9&volume=100&audioType=wav&voiceId=gqlanfp"
  },
  {
    "concurrentRate": "0",
    "contentType": "",
    "enabledCookieJar": false,
    "header": "",
    "id": 1652147503481,
    "lastUpdateTime": 1718381222491,
    "loginCheckJs": "",
    "loginUi": "",
    "loginUrl": "",
    "name": "G AI思必驰中文-小兰 温柔",
    "url": "https://dds.dui.ai/runtime/v1/synthesize?voiceId=madoufp_yubo&text={{java.encodeURI(java.encodeURI(speakText))}}&speed=0.9&volume=100&audioType=wav&voiceId=gqlanf"
  },
  {
    "concurrentRate": "0",
    "contentType": "",
    "enabledCookieJar": false,
    "header": "",
    "id": 1652146575340,
    "lastUpdateTime": 1718381222491,
    "loginCheckJs": "",
    "loginUi": "",
    "loginUrl": "",
    "name": "G AI思必驰中文-小咪 甜美",
    "url": "https://dds.dui.ai/runtime/v1/synthesize?voiceId=madoufp_yubo&text={{java.encodeURI(java.encodeURI(speakText))}}&speed=0.9&volume=100&audioType=wav&voiceId=xmamif"
  },
  {
    "concurrentRate": "0",
    "contentType": "",
    "enabledCookieJar": false,
    "header": "",
    "id": 1652147339161,
    "lastUpdateTime": 1718381222491,
    "loginCheckJs": "",
    "loginUi": "",
    "loginUrl": "",
    "name": "G AI思必驰中文-小妖 传统",
    "url": "https://dds.dui.ai/runtime/v1/synthesize?voiceId=madoufp_yubo&text={{java.encodeURI(java.encodeURI(speakText))}}&speed=0.9&volume=100&audioType=wav&voiceId=xiyaof"
  },
  {
    "concurrentRate": "0",
    "contentType": "",
    "enabledCookieJar": false,
    "header": "",
    "id": 1652147414309,
    "lastUpdateTime": 1718381222491,
    "loginCheckJs": "",
    "loginUi": "",
    "loginUrl": "",
    "name": "G AI思必驰中文-小妖 清新",
    "url": "https://dds.dui.ai/runtime/v1/synthesize?voiceId=madoufp_yubo&text={{java.encodeURI(java.encodeURI(speakText))}}&speed=0.9&volume=100&audioType=wav&voiceId=xiyaof_qingxin"
  },
  {
    "concurrentRate": "0",
    "contentType": "",
    "enabledCookieJar": false,
    "header": "",
    "id": 1652147163756,
    "lastUpdateTime": 1718381222491,
    "loginCheckJs": "",
    "loginUi": "",
    "loginUrl": "",
    "name": "G AI思必驰中文-小妮 邻家",
    "url": "https://dds.dui.ai/runtime/v1/synthesize?voiceId=madoufp_yubo&text={{java.encodeURI(java.encodeURI(speakText))}}&speed=0.9&volume=100&audioType=wav&voiceId=hyanif"
  },
  {
    "concurrentRate": "0",
    "contentType": "",
    "enabledCookieJar": false,
    "header": "",
    "id": 1652147558223,
    "lastUpdateTime": 1718381222491,
    "loginCheckJs": "",
    "loginUi": "",
    "loginUrl": "",
    "name": "G AI思必驰中文-小妮 邻家",
    "url": "https://dds.dui.ai/runtime/v1/synthesize?voiceId=madoufp_yubo&text={{java.encodeURI(java.encodeURI(speakText))}}&speed=0.9&volume=100&audioType=wav&voiceId=hyanifa"
  },
  {
    "concurrentRate": "0",
    "contentType": "",
    "enabledCookieJar": false,
    "header": "",
    "id": 1652147545272,
    "lastUpdateTime": 1718381222492,
    "loginCheckJs": "",
    "loginUi": "",
    "loginUrl": "",
    "name": "G AI思必驰中文-小洁 清亮",
    "url": "https://dds.dui.ai/runtime/v1/synthesize?voiceId=madoufp_yubo&text={{java.encodeURI(java.encodeURI(speakText))}}&speed=0.9&volume=100&audioType=wav&voiceId=smjief"
  },
  {
    "concurrentRate": "0",
    "contentType": "",
    "enabledCookieJar": false,
    "header": "",
    "id": 1652146670279,
    "lastUpdateTime": 1718381222492,
    "loginCheckJs": "",
    "loginUi": "",
    "loginUrl": "",
    "name": "G AI思必驰中文-小浩 标准",
    "url": "https://dds.dui.ai/runtime/v1/synthesize?voiceId=madoufp_yubo&text={{java.encodeURI(java.encodeURI(speakText))}}&speed=0.9&volume=100&audioType=wav&voiceId=lucyfa"
  },
  {
    "concurrentRate": "0",
    "contentType": "",
    "enabledCookieJar": false,
    "header": "",
    "id": 1652146746019,
    "lastUpdateTime": 1718381222492,
    "loginCheckJs": "",
    "loginUi": "",
    "loginUrl": "",
    "name": "G AI思必驰中文-小玲 欢快",
    "url": "https://dds.dui.ai/runtime/v1/synthesize?voiceId=madoufp_yubo&text={{java.encodeURI(java.encodeURI(speakText))}}&speed=0.9&volume=100&audioType=wav&voiceId=zhilingfp_huankuai"
  },
  {
    "concurrentRate": "0",
    "contentType": "",
    "enabledCookieJar": false,
    "header": "",
    "id": 1652146684218,
    "lastUpdateTime": 1718381222492,
    "loginCheckJs": "",
    "loginUi": "",
    "loginUrl": "",
    "name": "G AI思必驰中文-小玲 甜美",
    "url": "https://dds.dui.ai/runtime/v1/synthesize?voiceId=madoufp_yubo&text={{java.encodeURI(java.encodeURI(speakText))}}&speed=0.9&volume=100&audioType=wav&voiceId=zhilingfp"
  },
  {
    "concurrentRate": "0",
    "contentType": "",
    "enabledCookieJar": false,
    "header": "",
    "id": 1652147133313,
    "lastUpdateTime": 1718381222492,
    "loginCheckJs": "",
    "loginUi": "",
    "loginUrl": "",
    "name": "G AI思必驰中文-小玲 甜美",
    "url": "https://dds.dui.ai/runtime/v1/synthesize?voiceId=madoufp_yubo&text={{java.encodeURI(java.encodeURI(speakText))}}&speed=0.9&volume=100&audioType=wav&voiceId=zhilingf"
  },
  {
    "concurrentRate": "0",
    "contentType": "",
    "enabledCookieJar": false,
    "header": "",
    "id": 1652146729980,
    "lastUpdateTime": 1718381222492,
    "loginCheckJs": "",
    "loginUi": "",
    "loginUrl": "",
    "name": "G AI思必驰中文-小美 客服",
    "url": "https://dds.dui.ai/runtime/v1/synthesize?voiceId=madoufp_yubo&text={{java.encodeURI(java.encodeURI(speakText))}}&speed=0.9&volume=100&audioType=wav&voiceId=juan1f"
  },
  {
    "concurrentRate": "0",
    "contentType": "",
    "enabledCookieJar": false,
    "header": "",
    "id": 1652146546792,
    "lastUpdateTime": 1718381222492,
    "loginCheckJs": "",
    "loginUi": "",
    "loginUrl": "",
    "name": "G AI思必驰中文-小静 甜美",
    "url": "https://dds.dui.ai/runtime/v1/synthesize?voiceId=madoufp_yubo&text={{java.encodeURI(java.encodeURI(speakText))}}&speed=0.9&volume=100&audioType=wav&voiceId=xjingfp"
  },
  {
    "concurrentRate": "0",
    "contentType": "",
    "enabledCookieJar": false,
    "header": "",
    "id": 1652147591369,
    "lastUpdateTime": 1718381222492,
    "loginCheckJs": "",
    "loginUi": "",
    "loginUrl": "",
    "name": "G AI思必驰中文-小静 飘逸",
    "url": "https://dds.dui.ai/runtime/v1/synthesize?voiceId=madoufp_yubo&text={{java.encodeURI(java.encodeURI(speakText))}}&speed=0.9&volume=100&audioType=wav&voiceId=xjingf"
  },
  {
    "concurrentRate": "0",
    "contentType": "",
    "enabledCookieJar": false,
    "header": "",
    "id": 1652146765292,
    "lastUpdateTime": 1718381222492,
    "loginCheckJs": "",
    "loginUi": "",
    "loginUrl": "",
    "name": "G AI思必驰中文-晶晶 知性",
    "url": "https://dds.dui.ai/runtime/v1/synthesize?voiceId=madoufp_yubo&text={{java.encodeURI(java.encodeURI(speakText))}}&speed=0.9&volume=100&audioType=wav&voiceId=jjingfp"
  },
  {
    "concurrentRate": "0",
    "contentType": "",
    "enabledCookieJar": false,
    "header": "",
    "id": 1652147396113,
    "lastUpdateTime": 1718381222492,
    "loginCheckJs": "",
    "loginUi": "",
    "loginUrl": "",
    "name": "G AI思必驰中文-晶晶 知性",
    "url": "https://dds.dui.ai/runtime/v1/synthesize?voiceId=madoufp_yubo&text={{java.encodeURI(java.encodeURI(speakText))}}&speed=0.9&volume=100&audioType=wav&voiceId=jjingf"
  },
  {
    "concurrentRate": "0",
    "contentType": "",
    "enabledCookieJar": false,
    "header": "",
    "id": 1652147455704,
    "lastUpdateTime": 1718381222492,
    "loginCheckJs": "",
    "loginUi": "",
    "loginUrl": "",
    "name": "G AI思必驰中文-株儿 传统",
    "url": "https://dds.dui.ai/runtime/v1/synthesize?voiceId=madoufp_yubo&text={{java.encodeURI(java.encodeURI(speakText))}}&speed=0.9&volume=100&audioType=wav&voiceId=zzherf"
  },
  {
    "concurrentRate": "0",
    "contentType": "",
    "enabledCookieJar": false,
    "header": "",
    "id": 1652147219210,
    "lastUpdateTime": 1718381222492,
    "loginCheckJs": "",
    "loginUi": "",
    "loginUrl": "",
    "name": "G AI思必驰中文-然然 可爱",
    "url": "https://dds.dui.ai/runtime/v1/synthesize?voiceId=madoufp_yubo&text={{java.encodeURI(java.encodeURI(speakText))}}&speed=0.9&volume=100&audioType=wav&voiceId=qianranf"
  },
  {
    "concurrentRate": "0",
    "contentType": "",
    "enabledCookieJar": false,
    "header": "",
    "id": 1652147355345,
    "lastUpdateTime": 1718381222492,
    "loginCheckJs": "",
    "loginUi": "",
    "loginUrl": "",
    "name": "G AI思必驰中文-瑶瑶 标准",
    "url": "https://dds.dui.ai/runtime/v1/synthesize?voiceId=madoufp_yubo&text={{java.encodeURI(java.encodeURI(speakText))}}&speed=0.9&volume=100&audioType=wav&voiceId=luyaof"
  },
  {
    "concurrentRate": "0",
    "contentType": "",
    "enabledCookieJar": false,
    "header": "",
    "id": 1652148469271,
    "lastUpdateTime": 1718381222492,
    "loginCheckJs": "",
    "loginUi": "",
    "loginUrl": "",
    "name": "G AI思必驰中文-璃璃 商务",
    "url": "https://dds.dui.ai/runtime/v1/synthesize?voiceId=madoufp_yubo&text={{java.encodeURI(java.encodeURI(speakText))}}&speed=0.9&volume=100&audioType=wav&voiceId=lili1f_shangwu"
  },
  {
    "concurrentRate": "0",
    "contentType": "",
    "enabledCookieJar": false,
    "header": "",
    "id": 1652146779543,
    "lastUpdateTime": 1718381222492,
    "loginCheckJs": "",
    "loginUi": "",
    "loginUrl": "",
    "name": "G AI思必驰中文-璃璃 娱报",
    "url": "https://dds.dui.ai/runtime/v1/synthesize?voiceId=madoufp_yubo&text={{java.encodeURI(java.encodeURI(speakText))}}&speed=0.9&volume=100&audioType=wav&voiceId=lili1f_yubo"
  },
  {
    "concurrentRate": "0",
    "contentType": "",
    "enabledCookieJar": false,
    "header": "",
    "id": 1652148458689,
    "lastUpdateTime": 1718381222492,
    "loginCheckJs": "",
    "loginUi": "",
    "loginUrl": "",
    "name": "G AI思必驰中文-璃璃 电台",
    "url": "https://dds.dui.ai/runtime/v1/synthesize?voiceId=madoufp_yubo&text={{java.encodeURI(java.encodeURI(speakText))}}&speed=0.9&volume=100&audioType=wav&voiceId=lili1f_diantai"
  },
  {
    "concurrentRate": "0",
    "contentType": "",
    "enabledCookieJar": false,
    "header": "",
    "id": 1652147469607,
    "lastUpdateTime": 1718381222492,
    "loginCheckJs": "",
    "loginUi": "",
    "loginUrl": "",
    "name": "G AI思必驰中文-砖砖 故事",
    "url": "https://dds.dui.ai/runtime/v1/synthesize?voiceId=madoufp_yubo&text={{java.encodeURI(java.encodeURI(speakText))}}&speed=0.9&volume=100&audioType=wav&voiceId=zzhuaf"
  },
  {
    "concurrentRate": "0",
    "contentType": "",
    "enabledCookieJar": false,
    "header": "",
    "id": 1652147304309,
    "lastUpdateTime": 1718381222492,
    "loginCheckJs": "",
    "loginUi": "",
    "loginUrl": "",
    "name": "G AI思必驰中文-绝音 恐怖",
    "url": "https://dds.dui.ai/runtime/v1/synthesize?voiceId=madoufp_yubo&text={{java.encodeURI(java.encodeURI(speakText))}}&speed=0.6&volume=100&audioType=wav&voiceId=juyinf_guigushi"
  },
  {
    "concurrentRate": "0",
    "contentType": "",
    "enabledCookieJar": false,
    "header": "",
    "id": 1652147579793,
    "lastUpdateTime": 1718381222492,
    "loginCheckJs": "",
    "loginUi": "",
    "loginUrl": "",
    "name": "G AI思必驰中文-考拉 清纯",
    "url": "https://dds.dui.ai/runtime/v1/synthesize?voiceId=madoufp_yubo&text={{java.encodeURI(java.encodeURI(speakText))}}&speed=0.9&volume=100&audioType=wav&voiceId=kaolaf"
  },
  {
    "concurrentRate": "0",
    "contentType": "",
    "enabledCookieJar": false,
    "header": "",
    "id": 1652146624551,
    "lastUpdateTime": 1718381222492,
    "loginCheckJs": "",
    "loginUi": "",
    "loginUrl": "",
    "name": "G AI思必驰中文-芳芳 客服",
    "url": "https://dds.dui.ai/runtime/v1/synthesize?voiceId=madoufp_yubo&text={{java.encodeURI(java.encodeURI(speakText))}}&speed=0.9&volume=100&audioType=wav&voiceId=gdfanfp"
  },
  {
    "concurrentRate": "0",
    "contentType": "",
    "enabledCookieJar": false,
    "header": "",
    "id": 1652146654159,
    "lastUpdateTime": 1718381222492,
    "loginCheckJs": "",
    "loginUi": "",
    "loginUrl": "",
    "name": "G AI思必驰中文-蓝雨 传统",
    "url": "https://dds.dui.ai/runtime/v1/synthesize?voiceId=madoufp_yubo&text={{java.encodeURI(java.encodeURI(speakText))}}&speed=0.9&volume=100&audioType=wav&voiceId=lanyuf"
  },
  {
    "concurrentRate": "0",
    "contentType": "",
    "enabledCookieJar": false,
    "header": "",
    "id": 1652146810860,
    "lastUpdateTime": 1718381222492,
    "loginCheckJs": "",
    "loginUi": "",
    "loginUrl": "",
    "name": "G AI思必驰中文-行者 精品",
    "url": "https://dds.dui.ai/runtime/v1/synthesize?voiceId=madoufp_yubo&text={{java.encodeURI(java.encodeURI(speakText))}}&speed=0.9&volume=100&audioType=wav&voiceId=xizhefp"
  },
  {
    "concurrentRate": "0",
    "contentType": "",
    "enabledCookieJar": false,
    "header": "",
    "id": 1652147085645,
    "lastUpdateTime": 1718381222492,
    "loginCheckJs": "",
    "loginUi": "",
    "loginUrl": "",
    "name": "G AI思必驰中文-贝壳 传统",
    "url": "https://dds.dui.ai/runtime/v1/synthesize?voiceId=madoufp_yubo&text={{java.encodeURI(java.encodeURI(speakText))}}&speed=0.9&volume=100&audioType=wav&voiceId=xbekef"
  },
  {
    "concurrentRate": "0",
    "contentType": "",
    "enabledCookieJar": false,
    "header": "",
    "id": 1652148398736,
    "lastUpdateTime": 1718381222492,
    "loginCheckJs": "",
    "loginUi": "",
    "loginUrl": "",
    "name": "G AI思必驰中文-阿姨 标准",
    "url": "https://dds.dui.ai/runtime/v1/synthesize?voiceId=madoufp_yubo&text={{java.encodeURI(java.encodeURI(speakText))}}&speed=0.8&volume=100&audioType=wav&voiceId=yaayif"
  },
  {
    "concurrentRate": "0",
    "contentType": "",
    "enabledCookieJar": false,
    "header": "",
    "id": 1652146844931,
    "lastUpdateTime": 1718381222492,
    "loginCheckJs": "",
    "loginUi": "",
    "loginUrl": "",
    "name": "G AI思必驰中文-零八 清新",
    "url": "https://dds.dui.ai/runtime/v1/synthesize?voiceId=madoufp_yubo&text={{java.encodeURI(java.encodeURI(speakText))}}&speed=0.9&volume=100&audioType=wav&voiceId=linbafp_qingxin"
  },
  {
    "concurrentRate": "0",
    "contentType": "",
    "enabledCookieJar": false,
    "header": "",
    "id": 1652147319609,
    "lastUpdateTime": 1718381222492,
    "loginCheckJs": "",
    "loginUi": "",
    "loginUrl": "",
    "name": "G AI思必驰中文-风吟 传统",
    "url": "https://dds.dui.ai/runtime/v1/synthesize?voiceId=madoufp_yubo&text={{java.encodeURI(java.encodeURI(speakText))}}&speed=0.8&volume=100&audioType=wav&voiceId=feyinf"
  },
  {
    "concurrentRate": "0",
    "contentType": "",
    "enabledCookieJar": false,
    "header": "",
    "id": 1652146797041,
    "lastUpdateTime": 1718381222492,
    "loginCheckJs": "",
    "loginUi": "",
    "loginUrl": "",
    "name": "G AI思必驰中文-风吟 精品",
    "url": "https://dds.dui.ai/runtime/v1/synthesize?voiceId=madoufp_yubo&text={{java.encodeURI(java.encodeURI(speakText))}}&speed=0.9&volume=100&audioType=wav&voiceId=feyinfp"
  },
  {
    "concurrentRate": "0",
    "contentType": "",
    "enabledCookieJar": false,
    "header": "",
    "id": 1652146589303,
    "lastUpdateTime": 1718381222492,
    "loginCheckJs": "",
    "loginUi": "",
    "loginUrl": "",
    "name": "G AI思必驰中文-麻豆 娱播",
    "url": "https://dds.dui.ai/runtime/v1/synthesize?voiceId=madoufp_yubo&text={{java.encodeURI(java.encodeURI(speakText))}}&speed=0.9&volume=100&audioType=wav&voiceId=madoufp_yubo"
  },
  {
    "concurrentRate": "0",
    "contentType": "",
    "enabledCookieJar": false,
    "header": "",
    "id": 1652146639339,
    "lastUpdateTime": 1718381222492,
    "loginCheckJs": "",
    "loginUi": "",
    "loginUrl": "",
    "name": "G AI思必驰中文-麻豆 温柔",
    "url": "https://dds.dui.ai/runtime/v1/synthesize?voiceId=madoufp_yubo&text={{java.encodeURI(java.encodeURI(speakText))}}&speed=0.9&volume=100&audioType=wav&voiceId=madoufp_wenrou"
  },
  {
    "concurrentRate": "0",
    "contentType": "",
    "enabledCookieJar": false,
    "header": "",
    "id": 1652146953536,
    "lastUpdateTime": 1718381222492,
    "loginCheckJs": "",
    "loginUi": "",
    "loginUrl": "",
    "name": "G AI思必驰方言-何春 粤语",
    "url": "https://dds.dui.ai/runtime/v1/synthesize?voiceId=madoufp_yubo&text={{java.encodeURI(java.encodeURI(speakText))}}&speed=0.9&volume=100&audioType=wav&voiceId=hchunf_ctn"
  },
  {
    "concurrentRate": "0",
    "contentType": "",
    "enabledCookieJar": false,
    "header": "",
    "id": 1652146866064,
    "lastUpdateTime": 1718381222492,
    "loginCheckJs": "",
    "loginUi": "",
    "loginUrl": "",
    "name": "G AI思必驰方言-叶子 上海",
    "url": "https://dds.dui.ai/runtime/v1/synthesize?voiceId=madoufp_yubo&text={{java.encodeURI(java.encodeURI(speakText))}}&speed=0.9&volume=100&audioType=wav&voiceId=yezi1f_csh"
  },
  {
    "concurrentRate": "0",
    "contentType": "",
    "enabledCookieJar": false,
    "header": "",
    "id": 1652146918525,
    "lastUpdateTime": 1718381222492,
    "loginCheckJs": "",
    "loginUi": "",
    "loginUrl": "",
    "name": "G AI思必驰方言-大瑶 山东",
    "url": "https://dds.dui.ai/runtime/v1/synthesize?voiceId=madoufp_yubo&text={{java.encodeURI(java.encodeURI(speakText))}}&speed=0.9&volume=100&audioType=wav&voiceId=dayaof_csd"
  },
  {
    "concurrentRate": "0",
    "contentType": "",
    "enabledCookieJar": false,
    "header": "",
    "id": 1652146901837,
    "lastUpdateTime": 1718381222492,
    "loginCheckJs": "",
    "loginUi": "",
    "loginUrl": "",
    "name": "G AI思必驰方言-文卿 四川",
    "url": "https://dds.dui.ai/runtime/v1/synthesize?voiceId=madoufp_yubo&text={{java.encodeURI(java.encodeURI(speakText))}}&speed=0.9&volume=100&audioType=wav&voiceId=wqingf_csn"
  },
  {
    "concurrentRate": "0",
    "contentType": "",
    "enabledCookieJar": false,
    "header": "",
    "id": 1652146936161,
    "lastUpdateTime": 1718381222492,
    "loginCheckJs": "",
    "loginUi": "",
    "loginUrl": "",
    "name": "G AI思必驰方言-晓健 粤语",
    "url": "https://dds.dui.ai/runtime/v1/synthesize?voiceId=madoufp_yubo&text={{java.encodeURI(java.encodeURI(speakText))}}&speed=0.9&volume=100&audioType=wav&voiceId=lunaif_ctn"
  },
  {
    "concurrentRate": "0",
    "contentType": "",
    "enabledCookieJar": false,
    "header": "",
    "id": 1652146970409,
    "lastUpdateTime": 1718381222492,
    "loginCheckJs": "",
    "loginUi": "",
    "loginUrl": "",
    "name": "G AI思必驰方言-木兰 河南",
    "url": "https://dds.dui.ai/runtime/v1/synthesize?voiceId=madoufp_yubo&text={{java.encodeURI(java.encodeURI(speakText))}}&speed=0.9&volume=100&audioType=wav&voiceId=xizhuf_cyu"
  },
  {
    "concurrentRate": "0",
    "contentType": "",
    "enabledCookieJar": false,
    "header": "",
    "id": 1652147006982,
    "lastUpdateTime": 1718381222492,
    "loginCheckJs": "",
    "loginUi": "",
    "loginUrl": "",
    "name": "G AI思必驰方言-翠花 东北",
    "url": "https://dds.dui.ai/runtime/v1/synthesize?voiceId=madoufp_yubo&text={{java.encodeURI(java.encodeURI(speakText))}}&speed=1&volume=100&audioType=wav&voiceId=xjingf_cdb"
  },
  {
    "concurrentRate": "0",
    "contentType": "",
    "enabledCookieJar": false,
    "header": "",
    "id": 1652146882937,
    "lastUpdateTime": 1718381222492,
    "loginCheckJs": "",
    "loginUi": "",
    "loginUrl": "",
    "name": "G AI思必驰方言-胖胖 四川",
    "url": "https://dds.dui.ai/runtime/v1/synthesize?voiceId=madoufp_yubo&text={{java.encodeURI(java.encodeURI(speakText))}}&speed=0.9&volume=100&audioType=wav&voiceId=ppangf_csn"
  },
  {
    "concurrentRate": "0",
    "contentType": "",
    "enabledCookieJar": false,
    "header": "",
    "id": 1652146989588,
    "lastUpdateTime": 1718381222492,
    "loginCheckJs": "",
    "loginUi": "",
    "loginUrl": "",
    "name": "G AI思必驰方言-风颜 闽南",
    "url": "https://dds.dui.ai/runtime/v1/synthesize?voiceId=madoufp_yubo&text={{java.encodeURI(java.encodeURI(speakText))}}&speed=0.9&volume=100&audioType=wav&voiceId=qfyanf_cmn"
  },
  {
    "concurrentRate": "0",
    "enabledCookieJar": false,
    "id": 1636018619114,
    "lastUpdateTime": 1718381222492,
    "name": "思必驰 季老师",
    "url": "https://dds.dui.ai/runtime/v1/synthesize?voiceId=jlshimp&text={{java.encodeURI(java.encodeURI(speakText))}}&speed=6&volume=100&audioType=wav"
  },
  {
    "concurrentRate": "0",
    "enabledCookieJar": false,
    "id": 1637414032674,
    "lastUpdateTime": 1718381222492,
    "name": "思必驰 晶晶",
    "url": "https://dds.dui.ai/runtime/v1/synthesize?voiceId=jjingfp&text={{java.encodeURI(java.encodeURI(speakText))}}&speed=6&volume=100&audioType=wav\n\n"
  },
  {
    "concurrentRate": "0",
    "contentType": "",
    "enabledCookieJar": false,
    "header": "",
    "id": 1636953235263,
    "lastUpdateTime": 1718381222492,
    "loginCheckJs": "",
    "loginUi": "",
    "loginUrl": "",
    "name": "思必驰 考拉",
    "url": "https://dds.dui.ai/runtime/v1/synthesize?voiceId=kaolam_diantai&text={{java.encodeURI(java.encodeURI(speakText))}}&speed=6&volume=100&audioType=wav\n\n"
  },
  {
    "concurrentRate": "0",
    "enabledCookieJar": false,
    "id": 1636117750794,
    "lastUpdateTime": 1718381222492,
    "name": "思必驰-温柔",
    "url": "https://dds.dui.ai/runtime/v1/synthesize?voiceId=madoufp_wenrou&text={{java.encodeURI(java.encodeURI(speakText))}}&speed=6&volume=100&audioType=wav"
  },
  {
    "concurrentRate": "0",
    "contentType": "",
    "enabledCookieJar": false,
    "header": "",
    "id": 1660216748406,
    "lastUpdateTime": 1718381222492,
    "loginCheckJs": "",
    "loginUi": "",
    "loginUrl": "",
    "name": "思必驰优雅",
    "url": "https://dds.dui.ai/runtime/v1/synthesize?voiceId=zhilingfp&text={{java.encodeURI(java.encodeURI(speakText))}}&speed=6&volume=100&audioType=wav\n\n"
  },
  {
    "concurrentRate": "0",
    "contentType": "",
    "enabledCookieJar": false,
    "header": "",
    "id": 1660388079329,
    "lastUpdateTime": 1718381222492,
    "loginCheckJs": "",
    "loginUi": "",
    "loginUrl": "",
    "name": "思必驰俞老师",
    "url": "https://dds.dui.ai/runtime/v1/synthesize?voiceId=yukaimp&text={{java.encodeURI(java.encodeURI(speakText))}}&speed=1&volume=100&audioType=wav"
  },
  {
    "concurrentRate": "0",
    "contentType": "",
    "enabledCookieJar": false,
    "header": "",
    "id": 1660216160353,
    "lastUpdateTime": 1718381222492,
    "loginCheckJs": "",
    "loginUi": "",
    "loginUrl": "",
    "name": "思必驰季老师",
    "url": "https://dds.dui.ai/runtime/v1/synthesize?voiceId=jlshimp&text={{java.encodeURI(java.encodeURI(speakText))}}&speed=6&volume=100&audioType=wav"
  },
  {
    "concurrentRate": "0",
    "contentType": "",
    "enabledCookieJar": false,
    "header": "",
    "id": 1660553991141,
    "lastUpdateTime": 1718381222493,
    "loginCheckJs": "",
    "loginUi": "",
    "loginUrl": "",
    "name": "思必驰客服女声",
    "url": "https://dds.dui.ai/runtime/v1/synthesize?voiceId=gdfanfp&text={{java.encodeURI(java.encodeURI(speakText))}}&speed=6&volume=100&audioType=wav\n\n"
  },
  {
    "concurrentRate": "0",
    "contentType": "",
    "enabledCookieJar": false,
    "header": "",
    "id": 1660387836720,
    "lastUpdateTime": 1718381222493,
    "loginCheckJs": "",
    "loginUi": "",
    "loginUrl": "",
    "name": "思必驰小军",
    "url": "https://dds.dui.ai/runtime/v1/synthesize?voiceId=xijunma&text={{java.encodeURI(java.encodeURI(speakText))}}&speed=1&volume=100&audioType=wav"
  },
  {
    "concurrentRate": "0",
    "contentType": "",
    "enabledCookieJar": false,
    "header": "",
    "id": 1660387912335,
    "lastUpdateTime": 1718381222493,
    "loginCheckJs": "",
    "loginUi": "",
    "loginUrl": "",
    "name": "思必驰小江",
    "url": "https://dds.dui.ai/runtime/v1/synthesize?voiceId=wjianm_xsheng&text={{java.encodeURI(java.encodeURI(speakText))}}&speed=1&volume=100&audioType=wav"
  },
  {
    "concurrentRate": "0",
    "contentType": "",
    "enabledCookieJar": false,
    "header": "",
    "id": 1660388912246,
    "lastUpdateTime": 1718381222493,
    "loginCheckJs": "",
    "loginUi": "",
    "loginUrl": "",
    "name": "思必驰川话",
    "url": "https://dds.dui.ai/runtime/v1/synthesize?voiceId=ppangf_csn&text={{java.encodeURI(java.encodeURI(speakText))}}&speed=1&volume=100&audioType=wav"
  },
  {
    "concurrentRate": "0",
    "contentType": "",
    "enabledCookieJar": false,
    "header": "",
    "id": 1660388685722,
    "lastUpdateTime": 1718381222493,
    "loginCheckJs": "",
    "loginUi": "",
    "loginUrl": "",
    "name": "思必驰欢快",
    "url": "https://dds.dui.ai/runtime/v1/synthesize?voiceId=zhilingfp_huankuai&text={{java.encodeURI(java.encodeURI(speakText))}}&speed=1&volume=100&audioType=wav"
  },
  {
    "concurrentRate": "0",
    "contentType": "",
    "enabledCookieJar": false,
    "header": "",
    "id": 1660388495951,
    "lastUpdateTime": 1718381222493,
    "loginCheckJs": "",
    "loginUi": "",
    "loginUrl": "",
    "name": "思必驰温柔",
    "url": "https://dds.dui.ai/runtime/v1/synthesize?voiceId=gqlanfp&text={{java.encodeURI(java.encodeURI(speakText))}}&speed=1&volume=100&audioType=wav"
  }
]