[
  {
    "bookName": "动漫客电子杂志",
    "deviceId": "",
    "lastRead": 1717292324613,
    "readTime": 15715
  },
  {
    "bookName": "知音漫客电子杂志",
    "deviceId": "",
    "lastRead": 1717292372857,
    "readTime": 1514
  },
  {
    "bookName": "大学棒棒糖",
    "deviceId": "",
    "lastRead": 1717458304566,
    "readTime": 23675
  },
  {
    "bookName": "吸血鬼公主渴望着败北凌辱",
    "deviceId": "",
    "lastRead": 1717458553450,
    "readTime": 905
  },
  {
    "bookName": "成何体统：全2册",
    "deviceId": "",
    "lastRead": 1717678602188,
    "readTime": 58836
  },
  {
    "bookName": "偷星九月天",
    "deviceId": "",
    "lastRead": 1717817759121,
    "readTime": 245568
  },
  {
    "bookName": "活着",
    "deviceId": "",
    "lastRead": 1717905638550,
    "readTime": 40210
  },
  {
    "bookName": "一地鸡毛",
    "deviceId": "",
    "lastRead": 1717905694924,
    "readTime": 26766
  },
  {
    "bookName": "刀剑神域",
    "deviceId": "",
    "lastRead": 1717910071610,
    "readTime": 23821
  },
  {
    "bookName": "风之谷",
    "deviceId": "",
    "lastRead": 1717910374978,
    "readTime": 34384
  },
  {
    "bookName": "深雪（1VS1，校园H）",
    "deviceId": "",
    "lastRead": 1718236450538,
    "readTime": 4458
  },
  {
    "bookName": "曲茎通幽（黑白花）",
    "deviceId": "",
    "lastRead": 1718236760122,
    "readTime": 114898
  },
  {
    "bookName": "｜吃瓜｜加州大学UCSD女博士吴佳怡 孕期23周出轨 被操的羊水破裂孩子流产 聊天记录",
    "deviceId": "",
    "lastRead": 1718236782452,
    "readTime": 4184
  },
  {
    "bookName": "超級公務員",
    "deviceId": "",
    "lastRead": 1718237006251,
    "readTime": 24126
  },
  {
    "bookName": "第一次和高潮，都只屬於你～重逢後的性愛放蕩又苦澀",
    "deviceId": "",
    "lastRead": 1718237167130,
    "readTime": 99818
  },
  {
    "bookName": "對媚藥過敏的女孩被插入時依舊高度敏感～即使是誤會也無法停止高潮",
    "deviceId": "",
    "lastRead": 1718237313941,
    "readTime": 101158
  },
  {
    "bookName": "征服女神",
    "deviceId": "",
    "lastRead": 1718237536817,
    "readTime": 199589
  },
  {
    "bookName": "夢幻速食店",
    "deviceId": "",
    "lastRead": 1718237552998,
    "readTime": 9370
  },
  {
    "bookName": "男人驯兽师(完结)",
    "deviceId": "",
    "lastRead": 1718237735923,
    "readTime": 167258
  },
  {
    "bookName": "镖人",
    "deviceId": "",
    "lastRead": 1718269792930,
    "readTime": 26591
  },
  {
    "bookName": "镇魂街",
    "deviceId": "",
    "lastRead": 1718270009002,
    "readTime": 18538
  },
  {
    "bookName": "博人传-火影次世代-",
    "deviceId": "",
    "lastRead": 1718270988134,
    "readTime": 25966
  },
  {
    "bookName": "灵能百分百",
    "deviceId": "",
    "lastRead": 1718271361120,
    "readTime": 26361
  },
  {
    "bookName": "妖怪名单",
    "deviceId": "",
    "lastRead": 1718272136985,
    "readTime": 196476
  },
  {
    "bookName": "狐妖小红娘",
    "deviceId": "",
    "lastRead": 1718272266012,
    "readTime": 21813
  },
  {
    "bookName": "爱情公寓漫画版",
    "deviceId": "",
    "lastRead": 1718286534969,
    "readTime": 18801
  },
  {
    "bookName": "刺客伍六七",
    "deviceId": "",
    "lastRead": 1718378024784,
    "readTime": 4054
  },
  {
    "bookName": "养敌为患",
    "deviceId": "",
    "lastRead": 1718378230829,
    "readTime": 86821
  },
  {
    "bookName": "Fate_Grand Order-turas realta-",
    "deviceId": "",
    "lastRead": 1718470840235,
    "readTime": 30993
  },
  {
    "bookName": "全职高手",
    "deviceId": "",
    "lastRead": 1718472218251,
    "readTime": 26808
  },
  {
    "bookName": "步天歌",
    "deviceId": "",
    "lastRead": 1718784381223,
    "readTime": 40332
  },
  {
    "bookName": "日月同错",
    "deviceId": "",
    "lastRead": 1718784389825,
    "readTime": 16669
  },
  {
    "bookName": "(C94) [Kikunoben (Saizu Nitou Gunsou)] Shipping Records (Kantai Collection -KanColle-) [Chinese]",
    "deviceId": "",
    "lastRead": 1718952883106,
    "readTime": 25682
  },
  {
    "bookName": "[SHIS (Z-ton)] Mesudachi",
    "deviceId": "",
    "lastRead": 1718952974420,
    "readTime": 64923
  },
  {
    "bookName": "猎艳",
    "deviceId": "",
    "lastRead": 1718953019883,
    "readTime": 17419
  },
  {
    "bookName": "[Naruho-dou (Naruhodo)] Tsunade no In Kangoku R (Naruto)",
    "deviceId": "",
    "lastRead": 1718953102077,
    "readTime": 46667
  },
  {
    "bookName": "[TAMA] MONMUSU -Kyuubi no Kitsune Hen- (COMIC Unreal 2017-12 Vol. 70) [Chinese",
    "deviceId": "",
    "lastRead": 1718953153210,
    "readTime": 9508
  },
  {
    "bookName": "(C91) [Shoot The Moon (Fuetakishi)] High Elf x High School Dosukebe Smell",
    "deviceId": "",
    "lastRead": 1718953289760,
    "readTime": 83971
  },
  {
    "bookName": "[XTER] OUR [X] PROMISE (Final Fantasy VII) [chinese]",
    "deviceId": "",
    "lastRead": 1718953418394,
    "readTime": 116413
  },
  {
    "bookName": "小花仙",
    "deviceId": "",
    "lastRead": 1718979859445,
    "readTime": 30315
  },
  {
    "bookName": "小花仙外传——穿越时空的约定",
    "deviceId": "",
    "lastRead": 1718979941813,
    "readTime": 60799
  },
  {
    "bookName": "一人之下番外·",
    "deviceId": "",
    "lastRead": 1719378992548,
    "readTime": 372
  },
  {
    "bookName": "一人之下番外·锈铁",
    "deviceId": "",
    "lastRead": 1719379034240,
    "readTime": 14250
  },
  {
    "bookName": "灵笼 · 月魁传",
    "deviceId": "",
    "lastRead": 1719405863469,
    "readTime": 127972
  },
  {
    "bookName": "难缠小恶女",
    "deviceId": "",
    "lastRead": 1719493396623,
    "readTime": 349692
  },
  {
    "bookName": "物理魔法使马修",
    "deviceId": "",
    "lastRead": 1719497843320,
    "readTime": 23400
  },
  {
    "bookName": "Re:从零开始的异世界生活 官方精选集",
    "deviceId": "",
    "lastRead": 1719673202824,
    "readTime": 786
  },
  {
    "bookName": "在地下城寻求邂逅是否搞错了什么",
    "deviceId": "",
    "lastRead": 1719673302705,
    "readTime": 71207
  },
  {
    "bookName": "王牌御史",
    "deviceId": "",
    "lastRead": 1719720960983,
    "readTime": 50789
  },
  {
    "bookName": "恒沙记",
    "deviceId": "",
    "lastRead": 1719747574048,
    "readTime": 108186
  },
  {
    "bookName": "兄妹的秘密授課",
    "deviceId": "",
    "lastRead": 1720158398731,
    "readTime": 13138
  },
  {
    "bookName": "兄妹的秘密授课",
    "deviceId": "",
    "lastRead": 1720158457506,
    "readTime": 43673
  },
  {
    "bookName": "石纪元（Dr.Stone）",
    "deviceId": "",
    "lastRead": 1720172249411,
    "readTime": 71672
  },
  {
    "bookName": "约定的梦幻岛",
    "deviceId": "",
    "lastRead": 1720172356832,
    "readTime": 13359
  },
  {
    "bookName": "妃夕妍雪",
    "deviceId": "",
    "lastRead": 1720202026214,
    "readTime": 3859
  },
  {
    "bookName": "你的名字。",
    "deviceId": "",
    "lastRead": 1720202195928,
    "readTime": 7298
  },
  {
    "bookName": "神兵玄奇",
    "deviceId": "",
    "lastRead": 1720486840376,
    "readTime": 25051
  },
  {
    "bookName": "神兵玄奇 I",
    "deviceId": "",
    "lastRead": 1720486861127,
    "readTime": 19603
  },
  {
    "bookName": "九九八十一",
    "deviceId": "",
    "lastRead": 1721281518479,
    "readTime": 1030086
  },
  {
    "bookName": "午时三刻",
    "deviceId": "",
    "lastRead": 1721281535351,
    "readTime": 15457497
  },
  {
    "bookName": "甜蜜家园（sweet home）~",
    "deviceId": "",
    "lastRead": 1721281566127,
    "readTime": 82621
  },
  {
    "bookName": "大理寺日志",
    "deviceId": "",
    "lastRead": 1721281626886,
    "readTime": 20056959
  },
  {
    "bookName": "一拳超人",
    "deviceId": "",
    "lastRead": 1721281695182,
    "readTime": 41887
  },
  {
    "bookName": "DARLING in the FRANXX",
    "deviceId": "",
    "lastRead": 1721281738488,
    "readTime": 108927
  },
  {
    "bookName": "我独自升级",
    "deviceId": "",
    "lastRead": 1721281773877,
    "readTime": 54170665
  },
  {
    "bookName": "红楼梦",
    "deviceId": "",
    "lastRead": 1721292142814,
    "readTime": 139304
  },
  {
    "bookName": "成何体统",
    "deviceId": "",
    "lastRead": 1721563721293,
    "readTime": 1852
  },
  {
    "bookName": "冲突",
    "deviceId": "",
    "lastRead": 1721620872803,
    "readTime": 358859
  },
  {
    "bookName": "庆余年",
    "deviceId": "",
    "lastRead": 1721703735564,
    "readTime": 37983349
  },
  {
    "bookName": "罗小黑战记·蓝溪镇",
    "deviceId": "",
    "lastRead": 1721704160374,
    "readTime": 1271810
  },
  {
    "bookName": "时光代理人",
    "deviceId": "",
    "lastRead": 1721704332027,
    "readTime": 3666414
  },
  {
    "bookName": "尸兄（我叫白小飞）",
    "deviceId": "",
    "lastRead": 1721986006671,
    "readTime": 1515376
  },
  {
    "bookName": "一人之下",
    "deviceId": "",
    "lastRead": 1722223213346,
    "readTime": 3575374
  },
  {
    "bookName": "驱魔录",
    "deviceId": "",
    "lastRead": 1722499601916,
    "readTime": 21992143
  }
]