[
  {
    "bookName": "动漫客电子杂志",
    "deviceId": "",
    "lastRead": 1717292324613,
    "readTime": 15715
  },
  {
    "bookName": "知音漫客电子杂志",
    "deviceId": "",
    "lastRead": 1717292372857,
    "readTime": 1514
  },
  {
    "bookName": "大学棒棒糖",
    "deviceId": "",
    "lastRead": 1717458304566,
    "readTime": 23675
  },
  {
    "bookName": "吸血鬼公主渴望着败北凌辱",
    "deviceId": "",
    "lastRead": 1717458553450,
    "readTime": 905
  },
  {
    "bookName": "成何体统：全2册",
    "deviceId": "",
    "lastRead": 1717678602188,
    "readTime": 58836
  },
  {
    "bookName": "偷星九月天",
    "deviceId": "",
    "lastRead": 1717817759121,
    "readTime": 245568
  },
  {
    "bookName": "活着",
    "deviceId": "",
    "lastRead": 1717905638550,
    "readTime": 40210
  },
  {
    "bookName": "一地鸡毛",
    "deviceId": "",
    "lastRead": 1717905694924,
    "readTime": 26766
  },
  {
    "bookName": "刀剑神域",
    "deviceId": "",
    "lastRead": 1717910071610,
    "readTime": 23821
  },
  {
    "bookName": "风之谷",
    "deviceId": "",
    "lastRead": 1717910374978,
    "readTime": 34384
  },
  {
    "bookName": "尸兄（我叫白小飞）",
    "deviceId": "",
    "lastRead": 1718204068709,
    "readTime": 17990
  },
  {
    "bookName": "深雪（1VS1，校园H）",
    "deviceId": "",
    "lastRead": 1718236450538,
    "readTime": 4458
  },
  {
    "bookName": "曲茎通幽（黑白花）",
    "deviceId": "",
    "lastRead": 1718236760122,
    "readTime": 114898
  },
  {
    "bookName": "｜吃瓜｜加州大学UCSD女博士吴佳怡 孕期23周出轨 被操的羊水破裂孩子流产 聊天记录",
    "deviceId": "",
    "lastRead": 1718236782452,
    "readTime": 4184
  },
  {
    "bookName": "超級公務員",
    "deviceId": "",
    "lastRead": 1718237006251,
    "readTime": 24126
  },
  {
    "bookName": "第一次和高潮，都只屬於你～重逢後的性愛放蕩又苦澀",
    "deviceId": "",
    "lastRead": 1718237167130,
    "readTime": 99818
  },
  {
    "bookName": "對媚藥過敏的女孩被插入時依舊高度敏感～即使是誤會也無法停止高潮",
    "deviceId": "",
    "lastRead": 1718237313941,
    "readTime": 101158
  },
  {
    "bookName": "征服女神",
    "deviceId": "",
    "lastRead": 1718237536817,
    "readTime": 199589
  },
  {
    "bookName": "夢幻速食店",
    "deviceId": "",
    "lastRead": 1718237552998,
    "readTime": 9370
  },
  {
    "bookName": "男人驯兽师(完结)",
    "deviceId": "",
    "lastRead": 1718237735923,
    "readTime": 167258
  },
  {
    "bookName": "镖人",
    "deviceId": "",
    "lastRead": 1718269792930,
    "readTime": 26591
  },
  {
    "bookName": "镇魂街",
    "deviceId": "",
    "lastRead": 1718270009002,
    "readTime": 18538
  },
  {
    "bookName": "驱魔录",
    "deviceId": "",
    "lastRead": 1718270405212,
    "readTime": 4166
  },
  {
    "bookName": "博人传-火影次世代-",
    "deviceId": "",
    "lastRead": 1718270988134,
    "readTime": 25966
  },
  {
    "bookName": "灵能百分百",
    "deviceId": "",
    "lastRead": 1718271361120,
    "readTime": 26361
  },
  {
    "bookName": "王牌御史",
    "deviceId": "",
    "lastRead": 1718271893509,
    "readTime": 50665
  },
  {
    "bookName": "妖怪名单",
    "deviceId": "",
    "lastRead": 1718272136985,
    "readTime": 196476
  },
  {
    "bookName": "狐妖小红娘",
    "deviceId": "",
    "lastRead": 1718272266012,
    "readTime": 21813
  },
  {
    "bookName": "爱情公寓漫画版",
    "deviceId": "",
    "lastRead": 1718286534969,
    "readTime": 18801
  },
  {
    "bookName": "一拳超人",
    "deviceId": "",
    "lastRead": 1718360862351,
    "readTime": 16189
  },
  {
    "bookName": "刺客伍六七",
    "deviceId": "",
    "lastRead": 1718378024784,
    "readTime": 4054
  },
  {
    "bookName": "养敌为患",
    "deviceId": "",
    "lastRead": 1718378230829,
    "readTime": 86821
  },
  {
    "bookName": "甜蜜家园（sweet home）~",
    "deviceId": "",
    "lastRead": 1718447207948,
    "readTime": 74386
  },
  {
    "bookName": "大理寺日志",
    "deviceId": "",
    "lastRead": 1718447215943,
    "readTime": 33589
  },
  {
    "bookName": "灵笼 · 月魁传",
    "deviceId": "",
    "lastRead": 1718447672996,
    "readTime": 124481
  },
  {
    "bookName": "Fate_Grand Order-turas realta-",
    "deviceId": "",
    "lastRead": 1718470840235,
    "readTime": 30993
  },
  {
    "bookName": "在地下城寻求邂逅是否搞错了什么",
    "deviceId": "",
    "lastRead": 1718471798494,
    "readTime": 48080
  },
  {
    "bookName": "全职高手",
    "deviceId": "",
    "lastRead": 1718472218251,
    "readTime": 26808
  },
  {
    "bookName": "午时三刻",
    "deviceId": "",
    "lastRead": 1718688387159,
    "readTime": 14610008
  },
  {
    "bookName": "罗小黑战记·蓝溪镇",
    "deviceId": "",
    "lastRead": 1718777212089,
    "readTime": 883037
  },
  {
    "bookName": "步天歌",
    "deviceId": "",
    "lastRead": 1718784381223,
    "readTime": 40332
  },
  {
    "bookName": "日月同错",
    "deviceId": "",
    "lastRead": 1718784389825,
    "readTime": 16669
  },
  {
    "bookName": "时光代理人",
    "deviceId": "",
    "lastRead": 1718849135709,
    "readTime": 2958913
  },
  {
    "bookName": "(C94) [Kikunoben (Saizu Nitou Gunsou)] Shipping Records (Kantai Collection -KanColle-) [Chinese]",
    "deviceId": "",
    "lastRead": 1718952883106,
    "readTime": 25682
  },
  {
    "bookName": "[SHIS (Z-ton)] Mesudachi",
    "deviceId": "",
    "lastRead": 1718952974420,
    "readTime": 64923
  },
  {
    "bookName": "猎艳",
    "deviceId": "",
    "lastRead": 1718953019883,
    "readTime": 17419
  },
  {
    "bookName": "[Naruho-dou (Naruhodo)] Tsunade no In Kangoku R (Naruto)",
    "deviceId": "",
    "lastRead": 1718953102077,
    "readTime": 46667
  },
  {
    "bookName": "[TAMA] MONMUSU -Kyuubi no Kitsune Hen- (COMIC Unreal 2017-12 Vol. 70) [Chinese",
    "deviceId": "",
    "lastRead": 1718953153210,
    "readTime": 9508
  },
  {
    "bookName": "(C91) [Shoot The Moon (Fuetakishi)] High Elf x High School Dosukebe Smell",
    "deviceId": "",
    "lastRead": 1718953289760,
    "readTime": 83971
  },
  {
    "bookName": "[XTER] OUR [X] PROMISE (Final Fantasy VII) [chinese]",
    "deviceId": "",
    "lastRead": 1718953418394,
    "readTime": 116413
  },
  {
    "bookName": "小花仙",
    "deviceId": "",
    "lastRead": 1718979859445,
    "readTime": 30315
  },
  {
    "bookName": "小花仙外传——穿越时空的约定",
    "deviceId": "",
    "lastRead": 1718979941813,
    "readTime": 60799
  },
  {
    "bookName": "庆余年",
    "deviceId": "",
    "lastRead": 1719026620035,
    "readTime": 34608647
  },
  {
    "bookName": "一人之下",
    "deviceId": "",
    "lastRead": 1719054516035,
    "readTime": 1621466
  },
  {
    "bookName": "我独自升级",
    "deviceId": "",
    "lastRead": 1719226195497,
    "readTime": 38533867
  }
]