[
  {
    "articleStyle": 0,
    "customOrder": -24967,
    "enableJs": true,
    "enabled": true,
    "enabledCookieJar": false,
    "header": "{\n\"User-Agent\": \"Mozilla/5.0 (Linux; U; Android 8.1.0; zh-CN; MI 8 Lite Build/OPM1.171019.019) AppleWebKit/537.36 (KHTML, like Gecko) Version/4.0 Chrome/78.0.3904.108 UCBrowser/13.2.0.1100 Mobile Safari/537.36\"\n}",
    "lastUpdateTime": 1675946926480,
    "loadWithBaseUrl": true,
    "ruleArticles": "id.content@h3",
    "ruleLink": "a@href",
    "ruleTitle": "a@textNodes",
    "singleUrl": true,
    "sortUrl": "首页::http://yuedu.miaogongzi.net/gx.html",
    "sourceGroup": "书源",
    "sourceIcon": "https://i.loli.net/2021/06/23/S7rvWRZtPIq34MJ.png",
    "sourceName": "喵公子书源管理",
    "sourceUrl": "http://yuedu.miaogongzi.net/gx.html"
  },
  {
    "articleStyle": 0,
    "customOrder": 0,
    "enableJs": true,
    "enabled": true,
    "enabledCookieJar": true,
    "lastUpdateTime": 0,
    "loadWithBaseUrl": true,
    "ruleArticles": "id.content@h3",
    "ruleLink": "a@href",
    "ruleTitle": "a@textNodes",
    "singleUrl": true,
    "sortUrl": "首页::https://legado.aoaostar.com",
    "sourceGroup": "书源",
    "sourceIcon": "https://www.aoaostar.com/favicon.ico",
    "sourceName": "阅读APP源 - AOAOSTAR",
    "sourceUrl": "https://legado.aoaostar.com"
  },
  {
    "articleStyle": 0,
    "customOrder": 0,
    "enableJs": true,
    "enabled": true,
    "enabledCookieJar": true,
    "lastUpdateTime": 0,
    "loadWithBaseUrl": true,
    "ruleArticles": "id.content@h3",
    "ruleLink": "a@href",
    "ruleTitle": "a@textNodes",
    "singleUrl": true,
    "sortUrl": "首页::https://www.yuque.com/legado/wiki",
    "sourceGroup": "书源",
    "sourceIcon": "https://www.yuque.com/favicon.ico",
    "sourceName": "阅读APP使用文档",
    "sourceUrl": "https://www.yuque.com/legado/wiki"
  },
  {
    "articleStyle": 0,
    "customOrder": 2,
    "enableJs": true,
    "enabled": true,
    "enabledCookieJar": true,
    "lastUpdateTime": 0,
    "loadWithBaseUrl": true,
    "singleUrl": true,
    "sourceGroup": "legado",
    "sourceIcon": "https://cdn.jsdelivr.net/gh/gedoor/legado@master/app/src/main/res/mipmap-hdpi/ic_launcher.png",
    "sourceName": "使用说明",
    "sourceUrl": "https://www.yuque.com/legado"
  },
  {
    "articleStyle": 0,
    "customOrder": 3,
    "enableJs": true,
    "enabled": true,
    "enabledCookieJar": true,
    "lastUpdateTime": 0,
    "loadWithBaseUrl": true,
    "singleUrl": true,
    "sourceGroup": "legado",
    "sourceIcon": "http://mmbiz.qpic.cn/mmbiz_png/hpfMV8hEuL2eS6vnCxvTzoOiaCAibV6exBzJWq9xMic9xDg3YXAick87tsfafic0icRwkQ5ibV0bJ84JtSuxhPuEDVquA/0?wx_fmt=png",
    "sourceName": "小说拾遗",
    "sourceUrl": "snssdk1128://user/profile/562564899806367"
  },
  {
    "articleStyle": 0,
    "customOrder": 4,
    "enableJs": true,
    "enabled": true,
    "enabledCookieJar": true,
    "lastUpdateTime": 0,
    "loadWithBaseUrl": true,
    "singleUrl": true,
    "sourceGroup": "legado",
    "sourceIcon": "https://cdn.jsdelivr.net/gh/mgz0227/meowcloud/icon.png",
    "sourceName": "Meow云",
    "sourceUrl": "https://pan.miaogongzi.net"
  },
  {
    "articleStyle": 0,
    "customOrder": 5,
    "enableJs": true,
    "enabled": true,
    "enabledCookieJar": true,
    "lastUpdateTime": 0,
    "loadWithBaseUrl": true,
    "singleUrl": true,
    "sourceGroup": "legado",
    "sourceIcon": "https://cdn.jsdelivr.net/gh/gedoor/legado@master/app/src/main/res/mipmap-hdpi/ic_launcher.png",
    "sourceName": "烏雲净化",
    "sourceUrl": "https://www.lanzoux.com/b0bw8jwoh"
  }
]