[
  {
    "articleStyle": 0,
    "customOrder": -24984,
    "enableJs": true,
    "enabled": true,
    "enabledCookieJar": false,
    "header": "{\n\"User-Agent\": \"Mozilla/5.0 (Linux; U; Android 8.1.0; zh-CN; MI 8 Lite Build/OPM1.171019.019) AppleWebKit/537.36 (KHTML, like Gecko) Version/4.0 Chrome/78.0.3904.108 UCBrowser/13.2.0.1100 Mobile Safari/537.36\"\n}",
    "lastUpdateTime": 1675946926480,
    "loadWithBaseUrl": true,
    "ruleArticles": "id.content@h3",
    "ruleLink": "a@href",
    "ruleTitle": "a@textNodes",
    "singleUrl": true,
    "sortUrl": "首页::http://yuedu.miaogongzi.net/gx.html",
    "sourceGroup": "书源",
    "sourceIcon": "https://i.loli.net/2021/06/23/S7rvWRZtPIq34MJ.png",
    "sourceName": "喵公子书源管理",
    "sourceUrl": "http://yuedu.miaogongzi.net/gx.html"
  },
  {
    "articleStyle": 0,
    "customOrder": -24982,
    "enableJs": true,
    "enabled": true,
    "enabledCookieJar": true,
    "lastUpdateTime": 0,
    "loadWithBaseUrl": true,
    "ruleArticles": "id.content@h3",
    "ruleLink": "a@href",
    "ruleTitle": "a@textNodes",
    "singleUrl": true,
    "sortUrl": "首页::https://www.yuque.com/legado/wiki",
    "sourceGroup": "书源",
    "sourceIcon": "https://www.yuque.com/favicon.ico",
    "sourceName": "阅读APP使用文档",
    "sourceUrl": "https://www.yuque.com/legado/wiki"
  },
  {
    "articleStyle": 0,
    "customOrder": -24978,
    "enableJs": true,
    "enabled": true,
    "enabledCookieJar": true,
    "header": "{\n  \"User-Agent\": \"Mozilla/5.0 (X11; Linux x86_64) AppleWebKit/537.36 (KHTML, like Gecko) Chrome/127.0.0.0 Safari/537.36\"\n}",
    "lastUpdateTime": 0,
    "loadWithBaseUrl": true,
    "ruleArticles": "class.fxlist_Conday@tag.ul@tag.li",
    "ruleContent": "class.artBcon@tag.p@html",
    "ruleLink": "li > a@href",
    "ruleNextPage": "class.coursePage@tag.li.-3@tag.a@href",
    "rulePubDate": "time@font@textNodes",
    "ruleTitle": "a@textNodes",
    "singleUrl": false,
    "sortUrl": "公务员::https://sd.huatu.com/gwy/kaoshi/\n事业单位::https://sd.huatu.com/sydw/kaoshi/\n三支一扶::https://sd.huatu.com/szyf/kaoshi/\n公安招警::https://sd.huatu.com/zhaojing/kaoshi/\n国企招聘::https://sd.huatu.com/gqzp/kaoshi/",
    "sourceGroup": "资讯·JD.Z",
    "sourceIcon": "https://www.huatu.com/favicon.ico",
    "sourceName": "华图教育",
    "sourceUrl": "https://www.huatu.com"
  },
  {
    "articleStyle": 0,
    "customOrder": -24977,
    "enableJs": true,
    "enabled": true,
    "enabledCookieJar": false,
    "header": "{\n  \"User-Agent\": \"Mozilla/5.0 (X11; Linux x86_64) AppleWebKit/537.36 (KHTML, like Gecko) Chrome/127.0.0.0 Safari/537.36\"\n}",
    "lastUpdateTime": 0,
    "loadWithBaseUrl": true,
    "loginUrl": "https://www.jnrcw.com.cn/login/",
    "ruleArticles": "class.news_index_box_list@tag.li",
    "ruleContent": "class.zx_art_content@html",
    "ruleImage": "class.news_index_box_list_img@tag.a@tag.img@src",
    "ruleLink": "class.news_index_box_list_r_h1@tag.a@href",
    "rulePubDate": "class.news_index_box_list_r_p@tag.p.-1@textNodes",
    "ruleTitle": "class.news_index_box_list_r_h1@tag.a@textNodes",
    "singleUrl": false,
    "sortUrl": "济宁::https://www.jnrcw.com.cn/article/\n邹城::https://www.zcrcw.com/article/\n兖州::https://www.yanzhoujob.com/article/\n曲阜::https://www.qfrcw.com/article/\n梁山::https://www.liangshanrc.com/article/\n微山::https://www.weishanrc.com/article/\n金乡::https://www.jinxiangrc.com/article/\n汶上::https://www.wenshangjob.com/article/\n嘉祥::https://www.jiaxiangjob.com/article/\n泗水::https://www.sishuijob.com/article/\n鱼台::https://www.yutaijob.com/article/",
    "sourceGroup": "资讯·JD.Z",
    "sourceIcon": "https://www.jnrcw.com.cn/favicon.ico",
    "sourceName": "济宁人才网",
    "sourceUrl": "https://www.jnrcw.com.cn/"
  },
  {
    "articleStyle": 0,
    "customOrder": -24976,
    "enableJs": true,
    "enabled": true,
    "enabledCookieJar": false,
    "header": "{\n  \"User-Agent\": \"Mozilla/5.0 (X11; Linux x86_64) AppleWebKit/537.36 (KHTML, like Gecko) Chrome/127.0.0.0 Safari/537.36\"\n}",
    "lastUpdateTime": 0,
    "loadWithBaseUrl": true,
    "ruleArticles": "class.album__list-item js_album_item js_wx_tap_highlight wx_tap_cell",
    "ruleContent": "section@p@html",
    "ruleLink": "class.album__list-item js_album_item js_wx_tap_highlight wx_tap_cell@data-link",
    "rulePubDate": "class.js_article_create_time album__item-info-item@textNodes",
    "ruleTitle": "class.album__item-title-wrp.0@textNodes",
    "singleUrl": false,
    "sortUrl": "泰安招聘信息汇总::https://mp.weixin.qq.com/mp/appmsgalbum?__biz=MzIzNjQ3NzE3MA==&action=getalbum&album_id=3487489444427579398&scene=173&subscene=227&sessionid=1717557691&enterid=1717557694&from_msgid=2247611661&from_itemidx=1&count=3&nolastread=1#wechat_redirect\n最新事业单位招聘::https://mp.weixin.qq.com/mp/appmsgalbum?__biz=MzIzNjQ3NzE3MA==&action=getalbum&album_id=3487490195946192899&scene=173&subscene=227&sessionid=1717557691&enterid=1717557777&from_msgid=2247611661&from_itemidx=1&count=3&nolastread=1#wechat_redirect\n最新国企招聘::https://mp.weixin.qq.com/mp/appmsgalbum?__biz=MzIzNjQ3NzE3MA==&action=getalbum&album_id=3487490739595100166&scene=173&subscene=227&sessionid=1717557887&enterid=1717557891&from_msgid=2247610111&from_itemidx=1&count=3&nolastread=1#wechat_redirect\n最新大厂招聘::https://mp.weixin.qq.com/mp/appmsgalbum?__biz=MzIzNjQ3NzE3MA==&action=getalbum&album_id=3487491693933477891&scene=173&subscene=227&sessionid=1717558031&enterid=1717558039&from_msgid=2247606702&from_itemidx=1&count=3&nolastread=1#wechat_redirect",
    "sourceGroup": "资讯·JD.Z",
    "sourceIcon": "http://m.ta.bendibao.com/images/logo_small.png",
    "sourceName": "泰安本地宝",
    "sourceUrl": "http://ta.bendibao.com/"
  },
  {
    "articleStyle": 0,
    "customOrder": -24975,
    "enableJs": true,
    "enabled": true,
    "enabledCookieJar": false,
    "header": "{\n  \"User-Agent\": \"Mozilla/5.0 (X11; Linux x86_64) AppleWebKit/537.36 (KHTML, like Gecko) Chrome/127.0.0.0 Safari/537.36\"\n}",
    "lastUpdateTime": 0,
    "loadWithBaseUrl": true,
    "ruleArticles": "class.J-has-share listNews-item-s1 clearfix",
    "ruleContent": "class.article-content@html",
    "ruleDescription": "",
    "ruleLink": "class.J-share-a@href",
    "ruleNextPage": "class.paginator@tag.li.-2@tag.a@href",
    "rulePubDate": "class.from@textNodes",
    "ruleTitle": "class.J-share-a@textNodes",
    "singleUrl": false,
    "sortUrl": "招聘::https://jining.bendibao.com/job/\n资讯::https://jining.bendibao.com/news/\n交通::https://jining.bendibao.com/traffic/\n教育::https://jining.bendibao.com/edu/\n旅游::https://jining.bendibao.com/tour/\n美食::https://jining.bendibao.com/meishi/",
    "sourceGroup": "资讯·JD.Z",
    "sourceIcon": "https://jining.bendibao.com/favicon.ico",
    "sourceName": "济宁本地宝",
    "sourceUrl": "https://jining.bendibao.com/"
  },
  {
    "articleStyle": 0,
    "customOrder": 0,
    "enableJs": true,
    "enabled": true,
    "enabledCookieJar": false,
    "header": "{\n  \"User-Agent\": \"Mozilla/5.0 (X11; Linux x86_64) AppleWebKit/537.36 (KHTML, like Gecko) Chrome/127.0.0.0 Safari/537.36\"\n}",
    "lastUpdateTime": 0,
    "loadWithBaseUrl": true,
    "ruleArticles": "span > li",
    "ruleContent": "class.container@html",
    "ruleLink": "a@href",
    "rulePubDate": "span > li@textNodes",
    "ruleTitle": "a@textNodes",
    "singleUrl": false,
    "sortUrl": "新闻::https://www.atzlinux.com/News/index.htm",
    "sourceGroup": "资讯·JD.Z",
    "sourceIcon": "http://www.atzlinux.com/favicon.ico",
    "sourceName": "铜豌豆 Linux",
    "sourceUrl": "http://www.atzlinux.com/"
  },
  {
    "articleStyle": 0,
    "customOrder": 0,
    "enableJs": true,
    "enabled": true,
    "enabledCookieJar": false,
    "header": "{\n  \"User-Agent\": \"Mozilla/5.0 (X11; Linux x86_64) AppleWebKit/537.36 (KHTML, like Gecko) Chrome/127.0.0.0 Safari/537.36\"\n}",
    "lastUpdateTime": 0,
    "loadWithBaseUrl": true,
    "ruleArticles": "class.media media-lg border-bottom1",
    "ruleContent": "class.met-editor clearfix@html",
    "ruleDescription": "",
    "ruleLink": "class.media-body@tag.h4@tag.a@href",
    "ruleNextPage": "class.NextA@href",
    "rulePubDate": "class.media-body@tag.p.1@tag.span.0@textNodes",
    "ruleTitle": "class.media-body@tag.p.0@textNodes",
    "singleUrl": false,
    "sortUrl": "新闻::http://www.ubuntukylin.com/news/list-2-cn.html\n优麒麟动态::http://www.ubuntukylin.com/news/list-5-cn.html\n技术分享::http://www.ubuntukylin.com/news/list-559-cn.html",
    "sourceGroup": "资讯·JD.Z",
    "sourceIcon": "https://www.ubuntukylin.com/favicon.ico",
    "sourceName": "优麒麟",
    "sourceUrl": "https://www.ubuntukylin.com/"
  },
  {
    "articleStyle": 1,
    "customOrder": 0,
    "enableJs": true,
    "enabled": true,
    "enabledCookieJar": false,
    "header": "{\n  \"User-Agent\": \"Mozilla/5.0 (X11; Linux x86_64) AppleWebKit/537.36 (KHTML, like Gecko) Chrome/127.0.0.0 Safari/537.36\"\n}",
    "lastUpdateTime": 0,
    "loadWithBaseUrl": true,
    "ruleArticles": "class.newsitem",
    "ruleContent": "class.article@html",
    "ruleImage": "class.cover-box@tag.img@src",
    "ruleLink": "class.newsitem@href",
    "ruleNextPage": "class.n_page@tag.a.-1",
    "rulePubDate": "class.newsitem@tag.span@textNodes",
    "ruleTitle": "class.newsitem@tag.p@textNodes",
    "singleUrl": false,
    "sortUrl": "公司新闻::https://www.loongson.cn/news/list",
    "sourceGroup": "资讯·JD.Z",
    "sourceIcon": "https://www.loongson.cn/images/favicon.ico",
    "sourceName": "龙芯中科",
    "sourceUrl": "https://www.loongson.cn/"
  },
  {
    "articleStyle": 0,
    "customOrder": 0,
    "enableJs": true,
    "enabled": true,
    "enabledCookieJar": false,
    "header": "{\n  \"User-Agent\": \"Mozilla/5.0 (X11; Linux x86_64) AppleWebKit/537.36 (KHTML, like Gecko) Chrome/127.0.0.0 Safari/537.36\"\n}",
    "lastUpdateTime": 0,
    "loadWithBaseUrl": true,
    "ruleArticles": "class.news",
    "ruleContent": "class.postentry@tag.p@html",
    "ruleLink": "class.news@tag.a@href",
    "ruleNextPage": "id.news@tag.a.-1@href",
    "ruleTitle": "class.news@tag.a@textNodes",
    "singleUrl": false,
    "sortUrl": "新闻::https://www.archlinuxcn.org/",
    "sourceGroup": "资讯·JD.Z",
    "sourceIcon": "https://www.archlinuxcn.org/wp-content/themes/askin2010/images/favicon.ico",
    "sourceName": "Arch Linux CN",
    "sourceUrl": "https://www.archlinuxcn.org/"
  },
  {
    "articleStyle": 1,
    "customOrder": 0,
    "enableJs": true,
    "enabled": true,
    "enabledCookieJar": false,
    "header": "{\n  \"User-Agent\": \"Mozilla/5.0 (X11; Linux x86_64) AppleWebKit/537.36 (KHTML, like Gecko) Chrome/127.0.0.0 Safari/537.36\"\n}",
    "lastUpdateTime": 0,
    "loadWithBaseUrl": true,
    "ruleArticles": "class.type-post",
    "ruleContent": "class.entry-content@html",
    "ruleDescription": "",
    "ruleImage": "class.entry-figure@tag.a@tag.img@src",
    "ruleLink": "class.entry-figure@tag.a@href",
    "ruleNextPage": "class.next page-numbers@href",
    "rulePubDate": "",
    "ruleTitle": "class.entry-title@tag.a@textNodes",
    "singleUrl": false,
    "sortUrl": "社区新闻::https://www.deepin.org/zh/community-news/",
    "sourceGroup": "资讯·JD.Z",
    "sourceIcon": "https://www.deepin.org/index/favicon.ico",
    "sourceName": "deepin  - 基于Linux的开源国产操作系统",
    "sourceUrl": "https://www.deepin.org/index/"
  },
  {
    "articleStyle": 0,
    "customOrder": 0,
    "enableJs": true,
    "enabled": true,
    "enabledCookieJar": false,
    "header": "{\n  \"User-Agent\": \"Mozilla/5.0 (X11; Linux x86_64) AppleWebKit/537.36 (KHTML, like Gecko) Chrome/127.0.0.0 Safari/537.36\"\n}",
    "lastUpdateTime": 0,
    "loadWithBaseUrl": true,
    "ruleArticles": "class.list-group@tag.a",
    "ruleContent": "class.markdown-body@html",
    "ruleLink": "class.list-group-item list-group-item-action@href",
    "ruleNextPage": "class.extend next@href",
    "rulePubDate": "class.list-group-item list-group-item-action@tag.time@textNodes",
    "ruleTitle": "class.list-group-item-title@textNodes",
    "singleUrl": false,
    "sortUrl": "归档::https://onehu.xyz/archives/",
    "sourceGroup": "小说·JD.Z",
    "sourceIcon": "https://onehu.xyz/img/fluid.png",
    "sourceName": "我不是盐神",
    "sourceUrl": "https://onehu.xyz/"
  },
  {
    "articleStyle": 0,
    "customOrder": 0,
    "enableJs": true,
    "enabled": true,
    "enabledCookieJar": false,
    "header": "{\n  \"User-Agent\": \"Mozilla/5.0 (X11; Linux x86_64) AppleWebKit/537.36 (KHTML, like Gecko) Chrome/127.0.0.0 Safari/537.36\"\n}",
    "lastUpdateTime": 0,
    "loadWithBaseUrl": true,
    "loginUrl": "https://passport.csdn.net/login",
    "ruleArticles": "class. active-blog",
    "ruleContent": "class.article_content clearfix@html",
    "ruleImage": "class.img@src",
    "ruleLink": "class.blog@href",
    "ruleTitle": "class.blog-text@textNodes",
    "singleUrl": false,
    "sortUrl": "推荐::https://blog.csdn.net/\n资讯::https://blog.csdn.net/nav/news\n开源::https://blog.csdn.net/nav/open-source\n后端::https://blog.csdn.net/nav/back-end\n前端::https://blog.csdn.net/nav/web\n移动开发::https://blog.csdn.net/nav/mobile\n编程语言::https://blog.csdn.net/nav/lang\nJAVA::https://blog.csdn.net/nav/java\nPython::https://blog.csdn.net/nav/python\n人工智能::https://blog.csdn.net/nav/ai\nAIGC::https://blog.csdn.net/nav/aigc-0\n大数据::https://blog.csdn.net/nav/big-data\n数据库::https://blog.csdn.net/nav/database\n结构与算法::https://blog.csdn.net/nav/algo\n音视频::https://blog.csdn.net/nav/avi\n云原生::https://blog.csdn.net/nav/cloud-native\n云平台::https://blog.csdn.net/nav/cloud\n前沿技术::https://blog.csdn.net/nav/advanced-technology\n小程序::https://blog.csdn.net/nav/miniprog-0\n运维::https://blog.csdn.net/nav/ops\n服务器::https://blog.csdn.net/nav/server\n操作系统::https://blog.csdn.net/nav/os\n硬件开发::https://blog.csdn.net/nav/hardware\n嵌入式::https://blog.csdn.net/nav/embedded\n微软技术::https://blog.csdn.net/nav/microsoft\n软件工程::https://blog.csdn.net/nav/software-engineering\n测试::https://blog.csdn.net/nav/test\n网络空间安全::https://blog.csdn.net/nav/sec\n网络与通信::https://blog.csdn.net/nav/telecommunication\n用户体验设计::https://blog.csdn.net/nav/design\n学习与成长::https://blog.csdn.net/nav/job\n搜索::https://blog.csdn.net/nav/search\n开发工具::https://blog.csdn.net/nav/devtools\n游戏::https://blog.csdn.net/nav/game\nHarmonyOS::https://blog.csdn.net/nav/harmonyos\n区块链::https://blog.csdn.net/nav/blockchain\n数学::https://blog.csdn.net/nav/math\n3C硬件::https://blog.csdn.net/nav/3c-hardware",
    "sourceGroup": "资讯·JD.Z",
    "sourceIcon": "https://g.csdnimg.cn/static/logo/favicon32.ico",
    "sourceName": "CSDN博客",
    "sourceUrl": "https://blog.csdn.net/"
  },
  {
    "articleStyle": 0,
    "customOrder": 0,
    "enableJs": true,
    "enabled": true,
    "enabledCookieJar": false,
    "header": "{\n  \"User-Agent\": \"Mozilla/5.0 (X11; Linux x86_64) AppleWebKit/537.36 (KHTML, like Gecko) Chrome/127.0.0.0 Safari/537.36\"\n}",
    "lastUpdateTime": 0,
    "loadWithBaseUrl": true,
    "loginUrl": "https://linux265.com/login",
    "ruleArticles": "class.grid",
    "ruleContent": "class.content@html",
    "ruleImage": "class.ico@tag.a@tag.img@src",
    "ruleLink": "class.ln@tag.a@href",
    "ruleNextPage": "class.fr-pa fr@tag.a.-1@href",
    "rulePubDate": "class.timestr@textNodes",
    "ruleTitle": "class.ln@tag.a@textNodes",
    "singleUrl": false,
    "sortUrl": "最新资讯::https://linux265.com/news/\nUbuntu::https://linux265.com/news/g73.html#groups\nDebian::https://linux265.com/news/g81.html#groups\nCentOS::https://linux265.com/news/g82.html#groups\nLAMP::https://linux265.com/news/g85.html#groups\nLNMP::https://linux265.com/news/g86.html#groups\nCommands::https://linux265.com/news/g87.html#groups\nTops::https://linux265.com/news/g74.html#groups",
    "sourceGroup": "资讯·JD.Z",
    "sourceIcon": "https://linux265.com/favicon.ico",
    "sourceName": "Linux265",
    "sourceUrl": "https://linux265.com/news/"
  },
  {
    "articleStyle": 0,
    "customOrder": 0,
    "enableJs": true,
    "enabled": true,
    "enabledCookieJar": false,
    "header": "{\n  \"User-Agent\": \"Mozilla/5.0 (X11; Linux x86_64) AppleWebKit/537.36 (KHTML, like Gecko) Chrome/127.0.0.0 Safari/537.36\"\n}",
    "lastUpdateTime": 0,
    "loadWithBaseUrl": true,
    "ruleArticles": "class.hentry",
    "ruleContent": "class.entry-content@html",
    "ruleLink": "class.entry-title@tag.a@href",
    "ruleNextPage": "class.next page-numbers@href",
    "rulePubDate": "class.published@textNodes",
    "ruleTitle": "class.entry-title@tag.a@textNodes",
    "singleUrl": false,
    "sortUrl": "资讯::https://www.linuxmi.com/zixun\nLinux教程::https://www.linuxmi.com/linux\nPython教程::https://www.linuxmi.com/python\nC/C++::https://www.linuxmi.com/c\nMySQL::https://www.linuxmi.com/mysql\nVim::https://www.linuxmi.com/vim\nLinux下载::https://www.linuxmi.com/linuxxiazai\n其他::https://www.linuxmi.com/qita",
    "sourceGroup": "资讯·JD.Z",
    "sourceIcon": "https://www.linuxmi.com/wp-content/uploads/2020/02/cropped-Favicon-32x32.png",
    "sourceName": "Linux迷",
    "sourceUrl": "https://www.linuxmi.com/"
  },
  {
    "articleStyle": 0,
    "customOrder": 0,
    "enableJs": true,
    "enabled": true,
    "enabledCookieJar": false,
    "header": "{\n  \"User-Agent\": \"Mozilla/5.0 (X11; Linux x86_64) AppleWebKit/537.36 (KHTML, like Gecko) Chrome/127.0.0.0 Safari/537.36\"\n}",
    "lastUpdateTime": 0,
    "loadWithBaseUrl": true,
    "loginUrl": "https://www.howgo.cc/login/",
    "ruleArticles": "class.list-grid list-grid-padding",
    "ruleContent": "class.panel-body single mt-2@html",
    "ruleImage": "class.media-content@data-src",
    "ruleLink": "class.list-body@tag.h2@tag.a@href",
    "rulePubDate": "class.mx-1@textNodes",
    "ruleTitle": "class.list-body@tag.h2@tag.a@textNodes",
    "singleUrl": false,
    "sortUrl": "最新文章::https://www.howgo.cc/blog\nAIGC人工智能::https://www.howgo.cc/aigc\n影视资讯::https://www.howgo.cc/yingshizixun\n资讯::https://www.howgo.cc/blog?cat=3\n影视资讯::https://www.howgo.cc/blog?cat=5902\n剧集::https://www.howgo.cc/blog?cat=7005\n电影推荐::https://www.howgo.cc/blog?cat=707",
    "sourceGroup": "资讯·JD.Z",
    "sourceIcon": "https://www.howgo.cc/wp-content/uploads/2023/02/6276a957094754312949bbe4.png",
    "sourceName": "好狗资讯",
    "sourceUrl": "https://www.howgo.cc/"
  },
  {
    "articleStyle": 0,
    "customOrder": 0,
    "enableJs": true,
    "enabled": true,
    "enabledCookieJar": false,
    "header": "{\n  \"User-Agent\": \"Mozilla/5.0 (X11; Linux x86_64) AppleWebKit/537.36 (KHTML, like Gecko) Chrome/127.0.0.0 Safari/537.36\"\n}",
    "lastUpdateTime": 0,
    "loadWithBaseUrl": true,
    "ruleArticles": "class.ul1@tag.li",
    "ruleContent": "class.art_in@html",
    "ruleLink": "class.f_l@tag.a@href",
    "ruleNextPage": "id.pageContents@tag.a.-2@href",
    "rulePubDate": "class.f_r@textNodes",
    "ruleTitle": "class.f_l@tag.a@textNodes",
    "singleUrl": false,
    "sortUrl": "全部::http://t.imop.com/list/0-1.htm\n公告::http://t.imop.com/list/24-1.htm\n新闻::http://t.imop.com/list/23-1.htm\n活动::http://t.imop.com/list/369-1.htm\n维护::http://t.imop.com/list/821-1.htm",
    "sourceGroup": "游戏·JD.Z",
    "sourceIcon": "http://t.imop.com/favicon.ico",
    "sourceName": "天书奇谈",
    "sourceUrl": "http://t.imop.com/"
  },
  {
    "articleStyle": 0,
    "customOrder": 0,
    "enableJs": true,
    "enabled": true,
    "enabledCookieJar": false,
    "header": "{\n  \"User-Agent\": \"Mozilla/5.0 (X11; Linux x86_64) AppleWebKit/537.36 (KHTML, like Gecko) Chrome/127.0.0.0 Safari/537.36\"\n}",
    "lastUpdateTime": 0,
    "loadWithBaseUrl": true,
    "ruleArticles": "div > p@class.on",
    "ruleContent": "class.rep_text@html",
    "ruleLink": "a@href",
    "rulePubDate": "span@textNodes",
    "ruleTitle": "a@textNodes",
    "singleUrl": false,
    "sortUrl": "最新::http://t.wanmei.com/news/index.shtml\n新闻::http://t.wanmei.com/news/gamenews/list.shtml\n公告::http://t.wanmei.com/news/gamebroad/list.shtml\n活动::http://t.wanmei.com/news/gameevent/list.shtml\n媒体::http://t.wanmei.com/news/gamemedia/list.shtml",
    "sourceGroup": "游戏·JD.Z",
    "sourceIcon": "http://t.wanmei.com/favicon.ico",
    "sourceName": "炫舞Touch",
    "sourceUrl": "http://t.wanmei.com/main.htm"
  },
  {
    "articleStyle": 0,
    "customOrder": 0,
    "enableJs": true,
    "enabled": true,
    "enabledCookieJar": false,
    "header": "{\n  \"User-Agent\": \"Mozilla/5.0 (X11; Linux x86_64) AppleWebKit/537.36 (KHTML, like Gecko) Chrome/127.0.0.0 Safari/537.36\"\n}",
    "lastUpdateTime": 0,
    "loadWithBaseUrl": true,
    "loginUrl": "http://www.juwanhezi.com/login",
    "ruleArticles": "class.list-item default block",
    "ruleContent": "class.post card card-md@html",
    "ruleImage": "class.media-content lazy commodity-img@data-original",
    "ruleLink": "class.h-1x.0@href",
    "ruleNextPage": "class.page-item.-2@tag.a@href",
    "rulePubDate": "class.d-none d-md-inline-block ms-2 ms-md-2.0@textNodes",
    "ruleTitle": "class.h-1x@textNodes",
    "singleUrl": false,
    "sortUrl": "首页::http://www.juwanhezi.com/",
    "sourceGroup": "资讯·JD.Z",
    "sourceIcon": "http://www.juwanhezi.com/static/themes/icon_100.png",
    "sourceName": "聚玩盒子",
    "sourceUrl": "http://www.juwanhezi.com/"
  },
  {
    "articleStyle": 0,
    "customOrder": 0,
    "enableJs": true,
    "enabled": true,
    "enabledCookieJar": false,
    "header": "{\n  \"User-Agent\": \"Mozilla/5.0 (X11; Linux x86_64) AppleWebKit/537.36 (KHTML, like Gecko) Chrome/127.0.0.0 Safari/537.36\"\n}",
    "lastUpdateTime": 0,
    "loadWithBaseUrl": true,
    "ruleArticles": "class.posts-item list ajax-item no_margin flex",
    "ruleContent": "class.article-content@html",
    "ruleImage": "//class.item-thumbnail@tag.a@tag.img@src",
    "ruleLink": "class.item-heading@tag.a@href",
    "ruleNextPage": "class.next page-numbers@href",
    "rulePubDate": "class.icon-circle@textNodes",
    "ruleTitle": "class.item-heading@tag.a@textNodes",
    "singleUrl": false,
    "sortUrl": "最新发布::https://www.sixyin.com/\n图文漫画::https://www.sixyin.com/topics/tuman\n影音视频::https://www.sixyin.com/topics/yingshi\n下载工具::https://www.sixyin.com/topics/xiazai\n正版优惠::https://www.sixyin.com/topics/zhengban",
    "sourceGroup": "资讯·JD.Z",
    "sourceIcon": "https://www.sixyin.com/wp-content/uploads/2020/07/1595643570-favicon.png",
    "sourceName": "六音",
    "sourceUrl": "https://www.sixyin.com/"
  },
  {
    "articleStyle": 0,
    "customOrder": 0,
    "enableJs": true,
    "enabled": true,
    "enabledCookieJar": false,
    "header": "{\n  \"User-Agent\": \"Mozilla/5.0 (X11; Linux x86_64) AppleWebKit/537.36 (KHTML, like Gecko) Chrome/127.0.0.0 Safari/537.36\"\n}",
    "lastUpdateTime": 0,
    "loadWithBaseUrl": true,
    "loginUrl": "https://www.ghxi.com/login",
    "ruleArticles": "class.item",
    "ruleContent": "class.entry-content@html",
    "ruleImage": "class.attachment-default size-default wp-post-image j-lazy@data-original",
    "ruleLink": "class.item-title@tag.a@href",
    "ruleNextPage": "class.next@tag.a@href",
    "rulePubDate": "class.item-meta-li date@textNodes",
    "ruleTitle": "class.item-title@tag.a@textNodes",
    "singleUrl": false,
    "sortUrl": "最新::https://www.ghxi.com/category/all\nPC::https://www.ghxi.com/category/all/pcsoft\n安卓::https://www.ghxi.com/category/all/android\n补丁/虚拟机::https://www.ghxi.com/category/all/patch\n系统::https://www.ghxi.com/category/all/system\n实验室::https://www.ghxi.com/category/all/laboratory\n文档图书::https://www.ghxi.com/category/all/course",
    "sourceGroup": "资讯·JD.Z",
    "sourceIcon": "https://www.ghxi.com/favicon.ico",
    "sourceName": "果核剥壳",
    "sourceUrl": "https://www.ghxi.com/"
  },
  {
    "articleStyle": 0,
    "customOrder": 0,
    "enableJs": true,
    "enabled": true,
    "enabledCookieJar": false,
    "header": "{\n  \"User-Agent\": \"Mozilla/5.0 (X11; Linux x86_64) AppleWebKit/537.36 (KHTML, like Gecko) Chrome/127.0.0.0 Safari/537.36\"\n}",
    "lastUpdateTime": 0,
    "loadWithBaseUrl": true,
    "ruleArticles": "class.selectpost",
    "ruleContent": "class.news_warp_center@html",
    "ruleImage": "class.selectpost@tag.a@tag.img@data-original",
    "ruleLink": "class.text@tag.a.0@href",
    "ruleNextPage": "class.next@tag.a@href",
    "rulePubDate": "class.bq@tag.span@textNodes",
    "ruleTitle": "class.text@tag.a.0@textNodes",
    "singleUrl": false,
    "sortUrl": "游戏新闻::https://www.3dmgame.com/news/game/#newsnav\n动漫影视::https://www.3dmgame.com/news/acg/#newsnav\n智能数码::https://www.3dmgame.com/news/next/#newsnav\n时事焦点::https://www.3dmgame.com/news_36_1/#newsnav",
    "sourceGroup": "游戏·JD.Z",
    "sourceIcon": "https://www.3dmgame.com/favicon.ico",
    "sourceName": "3DMGame",
    "sourceUrl": "https://www.3dmgame.com/"
  },
  {
    "articleStyle": 0,
    "customOrder": 0,
    "enableJs": true,
    "enabled": true,
    "enabledCookieJar": false,
    "header": "{\n  \"User-Agent\": \"Mozilla/5.0 (X11; Linux x86_64) AppleWebKit/537.36 (KHTML, like Gecko) Chrome/127.0.0.0 Safari/537.36\"\n}",
    "lastUpdateTime": 0,
    "loadWithBaseUrl": true,
    "ruleArticles": "class.entry",
    "ruleContent": "class.entry-content@html",
    "ruleImage": "class.entry-banner@tag.a@tag.img@data-src",
    "ruleLink": "class.entry-title@tag.a@href",
    "ruleNextPage": "class.pagenavi@tag.a.-1@href",
    "rulePubDate": "//class.entry-cat@textNodes##,",
    "ruleTitle": "class.entry-title@tag.a@textNodes",
    "singleUrl": false,
    "sortUrl": "限时免费::https://www.iplaysoft.com/free\n精选::https://www.iplaysoft.com/tag/%E7%B2%BE%E9%80%89\nAndroid::https://www.iplaysoft.com/os/android-platform\niOS::https://www.iplaysoft.com/os/ios-platform\nWindows::https://www.iplaysoft.com/os/windows-platform\nMac::https://www.iplaysoft.com/os/mac-platform\nLinux::https://www.iplaysoft.com/os/linux-platform",
    "sourceGroup": "资讯·JD.Z",
    "sourceIcon": "https://cdn.iplaysoft.com/ips/icon/favicon-v1/16.png",
    "sourceName": "异次元软件世界",
    "sourceUrl": "https://www.iplaysoft.com/"
  },
  {
    "articleStyle": 0,
    "customOrder": 0,
    "enableJs": true,
    "enabled": true,
    "enabledCookieJar": false,
    "header": "{\n  \"User-Agent\": \"Mozilla/5.0 (X11; Linux x86_64) AppleWebKit/537.36 (KHTML, like Gecko) Chrome/127.0.0.0 Safari/537.36\"\n}",
    "lastUpdateTime": 0,
    "loadWithBaseUrl": true,
    "ruleArticles": "class.clearfix",
    "ruleContent": "class.article-box@html",
    "ruleLink": "class.clearfix@tag.a@href",
    "ruleNextPage": "class.laypage_next@href",
    "rulePubDate": "class.clearfix@tag.em@textNodes",
    "ruleTitle": "class.clearfix@tag.a@textNodes",
    "singleUrl": false,
    "sortUrl": "新闻::https://gp.qq.com/gicp/news/685/0/4000/1.html\n公告::https://gp.qq.com/gicp/news/685/0/4001/1.html\n活动::https://gp.qq.com/gicp/news/685/0/4003/1.html\n赛事::https://gp.qq.com/gicp/news/685/0/4467/1.html",
    "sourceGroup": "游戏·JD.Z",
    "sourceIcon": "https://gp.qq.com/favicon.ico",
    "sourceName": "和平精英",
    "sourceUrl": "https://gp.qq.com/main.shtml"
  },
  {
    "articleStyle": 0,
    "customOrder": 0,
    "enableJs": true,
    "enabled": true,
    "enabledCookieJar": false,
    "header": "{\n  \"User-Agent\": \"Mozilla/5.0 (X11; Linux x86_64) AppleWebKit/537.36 (KHTML, like Gecko) Chrome/127.0.0.0 Safari/537.36\"\n}",
    "lastUpdateTime": 0,
    "loadWithBaseUrl": true,
    "ruleArticles": "class.pic-txt clearfix",
    "ruleContent": "class.mainBox@html",
    "ruleImage": "class.pic-txt clearfix@tag.a@tag.img@src",
    "ruleLink": "class.tit blue@tag.a@href",
    "ruleNextPage": "class.next@href",
    "rulePubDate": "class.other@tag.span.1@textNodes",
    "ruleTitle": "class.tit blue@tag.a@textNodes",
    "singleUrl": false,
    "sortUrl": "新车::http://www.pcauto.com.cn/chexun/nation/\n评测::http://www.pcauto.com.cn/chexun/pingce/\n导购::http://www.pcauto.com.cn/chexun/teach/\n用车::http://www.pcauto.com.cn/chexun/drivers/\n用品::http://www.pcauto.com.cn/chexun/yongpin/\n文化::http://www.pcauto.com.cn/chexun/wenhua/\n行业::http://www.pcauto.com.cn/chexun/news/\n技术::http://www.pcauto.com.cn/chexun/tech/\n改装::http://www.pcauto.com.cn/chexun/tuning/\n赛事::http://www.pcauto.com.cn/chexun/motosport/",
    "sourceGroup": "资讯·JD.Z",
    "sourceIcon": "http://www.pcauto.com.cn/favicon.ico",
    "sourceName": "太平洋汽车",
    "sourceUrl": "http://www.pcauto.com.cn/"
  },
  {
    "articleStyle": 0,
    "customOrder": 0,
    "enableJs": true,
    "enabled": true,
    "enabledCookieJar": false,
    "header": "{\n  \"User-Agent\": \"Mozilla/5.0 (X11; Linux x86_64) AppleWebKit/537.36 (KHTML, like Gecko) Chrome/127.0.0.0 Safari/537.36\"\n}",
    "lastUpdateTime": 0,
    "loadWithBaseUrl": true,
    "ruleArticles": "class.list@tag.li",
    "ruleContent": "class.artText@html",
    "ruleLink": "a@href",
    "ruleNextPage": "class.pager@tag.a.-2@href",
    "rulePubDate": "class.time@textNodes",
    "ruleTitle": "class.title@textNodes",
    "singleUrl": false,
    "sortUrl": "新闻::https://moba.163.com/news/official/\n公告::https://moba.163.com/news/update/\n活动::https://moba.163.com/news/activity/\n媒体::https://moba.163.com/news/media/",
    "sourceGroup": "游戏·JD.Z",
    "sourceIcon": "https://moba.163.com/favicon.ico",
    "sourceName": "决战！平安京",
    "sourceUrl": "https://moba.163.com/index.html"
  },
  {
    "articleStyle": 0,
    "customOrder": 0,
    "enableJs": true,
    "enabled": true,
    "enabledCookieJar": true,
    "header": "{\n  \"User-Agent\": \"Mozilla/5.0 (X11; Linux x86_64) AppleWebKit/537.36 (KHTML, like Gecko) Chrome/127.0.0.0 Safari/537.36\"\n}",
    "lastUpdateTime": 0,
    "loadWithBaseUrl": true,
    "ruleArticles": "class.news-list@tag.li",
    "ruleContent": "class.artText@html",
    "ruleLink": "tag.a@href",
    "ruleNextPage": "class.pager@tag.a.-2@href",
    "ruleTitle": "class.news-tit@text",
    "singleUrl": false,
    "sortUrl": "新闻列表::http://opl.163.com/news/index.html",
    "sourceGroup": "游戏·JD.Z",
    "sourceIcon": "https://opl.163.com/favicon.ico",
    "sourceName": "平安京OPL职业联赛",
    "sourceUrl": "https://opl.163.com/"
  },
  {
    "articleStyle": 0,
    "customOrder": 0,
    "enableJs": true,
    "enabled": true,
    "enabledCookieJar": false,
    "header": "{\n  \"User-Agent\": \"Mozilla/5.0 (X11; Linux x86_64) AppleWebKit/537.36 (KHTML, like Gecko) Chrome/127.0.0.0 Safari/537.36\"\n}",
    "lastUpdateTime": 0,
    "loadWithBaseUrl": true,
    "ruleArticles": "class.main-list cm-list-pt@tag.li",
    "ruleContent": "class.content@tag.table@html",
    "ruleImage": "class.cf@tag.img@src",
    "ruleLink": "tag.a@href",
    "ruleNextPage": "class.pager page-number@tag.li.-1@tag.a@href",
    "rulePubDate": "class.date fr@textNodes",
    "ruleTitle": "class.tit@textNodes",
    "singleUrl": false,
    "sortUrl": "热点速报::http://esports.yzz.cn/redian/\n游戏前沿::http://esports.yzz.cn/qianyan/\n精彩赛事::http://esports.yzz.cn/saishi/",
    "sourceGroup": "游戏·JD.Z",
    "sourceIcon": "http://w1.cdn.yzz.cn/esports/favicon.ico",
    "sourceName": "叶子猪电竞",
    "sourceUrl": "http://esports.yzz.cn/"
  },
  {
    "articleStyle": 0,
    "customOrder": 0,
    "enableJs": true,
    "enabled": true,
    "enabledCookieJar": false,
    "header": "{\n  \"User-Agent\": \"Mozilla/5.0 (X11; Linux x86_64) AppleWebKit/537.36 (KHTML, like Gecko) Chrome/127.0.0.0 Safari/537.36\"\n}",
    "lastUpdateTime": 0,
    "loadWithBaseUrl": true,
    "ruleArticles": "class.latestPost",
    "ruleContent": "class.post-single-content box mark-links entry-content@html",
    "ruleImage": "class.post-img@tag.a@tag.img@data-lazy-src",
    "ruleLink": "class.title post-title@tag.a@href",
    "ruleNextPage": "class.next page-numbers@href",
    "rulePubDate": "class.thetime updated@tag.span@textNodes",
    "ruleTitle": "class.title post-title@tag.a@textNodes",
    "singleUrl": false,
    "sortUrl": "Games::https://www.appinn.com/category/games/\nAndroid::https://www.appinn.com/category/android/\niOS::https://www.appinn.com/category/ios/\nMacOS::https://www.appinn.com/category/mac/\nWindows::https://www.appinn.com/category/windows/\nChrome::https://www.appinn.com/category/chrome/\nWeb::https://www.appinn.com/category/online-tools/",
    "sourceGroup": "资讯·JD.Z",
    "sourceIcon": "https://www.appinn.com/wp-content/uploads/Appinn-icon-32.jpg",
    "sourceName": "小众软件",
    "sourceUrl": "https://www.appinn.com/"
  },
  {
    "articleStyle": 0,
    "customOrder": 0,
    "enableJs": true,
    "enabled": true,
    "enabledCookieJar": false,
    "header": "{\n  \"User-Agent\": \"Mozilla/5.0 (X11; Linux x86_64) AppleWebKit/537.36 (KHTML, like Gecko) Chrome/127.0.0.0 Safari/537.36\"\n}",
    "lastUpdateTime": 0,
    "loadWithBaseUrl": true,
    "ruleArticles": "class.blog@tag.ul@tag.li",
    "ruleContent": "class.post__content@html",
    "ruleLink": "a@href",
    "rulePubDate": "class.date@textNodes",
    "ruleTitle": "a@textNodes",
    "singleUrl": false,
    "sortUrl": "踩坑预警::https://aosc.io/zh-cn/news/warnings/\n社区资讯::https://aosc.io/zh-cn/news/archives/\n活动信息::https://aosc.io/zh-cn/news/events/",
    "sourceGroup": "资讯·JD.Z",
    "sourceIcon": "https://aosc.io/assets/aosc.svg",
    "sourceName": "AOSC 社区门户",
    "sourceUrl": "https://aosc.io/zh-cn/"
  },
  {
    "articleStyle": 0,
    "customOrder": 0,
    "enableJs": true,
    "enabled": true,
    "enabledCookieJar": false,
    "header": "{\n  \"User-Agent\": \"Mozilla/5.0 (X11; Linux x86_64) AppleWebKit/537.36 (KHTML, like Gecko) Chrome/127.0.0.0 Safari/537.36\"\n}",
    "lastUpdateTime": 0,
    "loadWithBaseUrl": true,
    "loginUrl": "https://service.zol.com.cn/user/login.php?",
    "ruleArticles": "class.content-list imglazyload@tag.li",
    "ruleContent": "id.article-content@html",
    "ruleImage": "class.info-pic@tag.img@src",
    "ruleLink": "class.info-head@tag.a@href",
    "ruleNextPage": "class.page@tag.a.-1@href",
    "rulePubDate": "class.foot-date@textNodes",
    "ruleTitle": "class.info-head@tag.a@textNodes",
    "singleUrl": false,
    "sortUrl": "手机::https://mobile.zol.com.cn/list.html\n汽车::https://auto.zol.com.cn/list.html\n家电::https://jd.zol.com.cn/more/2_1028.shtml\n网络::https://biz.zol.com.cn/list.html\n台式电脑::https://pc.zol.com.cn/list.html\n笔记本电脑::https://nb.zol.com.cn/more/3_1981.shtml",
    "sourceGroup": "资讯·JD.Z",
    "sourceIcon": "https://icon.zol-img.com.cn/favicon.ico",
    "sourceName": "中关村在线",
    "sourceUrl": "https://www.zol.com.cn/"
  },
  {
    "articleStyle": 0,
    "customOrder": 0,
    "enableJs": true,
    "enabled": true,
    "enabledCookieJar": false,
    "header": "{\n  \"User-Agent\": \"Mozilla/5.0 (X11; Linux x86_64) AppleWebKit/537.36 (KHTML, like Gecko) Chrome/127.0.0.0 Safari/537.36\"\n  \"Referer\": \"http://www.banyuetan.org/\"\n}",
    "lastUpdateTime": 0,
    "loadWithBaseUrl": true,
    "ruleArticles": "class.clearFix@tag.li",
    "ruleContent": "class.detail_content@html",
    "ruleImage": "tag.a@tag.img@src",
    "ruleLink": "tag.h3@tag.a@href",
    "ruleNextPage": "class.listpage@tag.a.-1@href",
    "rulePubDate": "tag.span@class.tag3@textNodes",
    "ruleTitle": "tag.h3@tag.a@textNodes",
    "singleUrl": false,
    "sortUrl": "今日谈::http://www.banyuetan.org/byt/jinritan/index.html\n时政讲解::http://www.banyuetan.org/byt/shizhengjiangjie/index.html\n评论::http://www.banyuetan.org/byt/banyuetanpinglun/index.html\n基层治理::http://www.banyuetan.org/byt/jicengzhili/index.html\n文化::http://www.banyuetan.org/byt/wenhua/index.html\n教育::http://www.banyuetan.org/byt/jiaoyu/index.html\n经济::http://www.banyuetan.org/byt/jingji/index.html\n军事::http://www.banyuetan.org/byt/junshi/index.html\n国际::http://www.banyuetan.org/byt/guoji/index.html\n企业::http://www.banyuetan.org/byt/qiyezixun/index.html\n科技::http://www.banyuetan.org/byt/keji/index.html\n生态::http://www.banyuetan.org/byt/shengtai/index.html\n民生::http://www.banyuetan.org/byt/minshenghuati/index.html\n京港::http://www.banyuetan.org/byt/jingganghezuo/index.html\n健康::http://www.banyuetan.org/byt/jiankangzhongguo/index.html",
    "sourceGroup": "资讯·JD.Z",
    "sourceIcon": "http://www.banyuetan.org/favicon.ico",
    "sourceName": "半月谈",
    "sourceUrl": "http://www.banyuetan.org/"
  },
  {
    "articleStyle": 0,
    "customOrder": 0,
    "enableJs": true,
    "enabled": true,
    "enabledCookieJar": true,
    "lastUpdateTime": 0,
    "loadWithBaseUrl": true,
    "singleUrl": true,
    "sourceComment": "官网：www.yiove.com",
    "sourceGroup": "书源",
    "sourceIcon": "https://shuyuan.yiove.com/logo.jpeg",
    "sourceName": "Yiove 书源仓库",
    "sourceUrl": "https://shuyuan.yiove.com"
  },
  {
    "articleStyle": 0,
    "customOrder": 0,
    "enableJs": true,
    "enabled": true,
    "enabledCookieJar": false,
    "lastUpdateTime": 0,
    "loadWithBaseUrl": true,
    "ruleArticles": "id.content@h3",
    "ruleLink": "a@href",
    "ruleTitle": "a@textNodes",
    "singleUrl": true,
    "sortUrl": "首页::https://legado.aoaostar.com",
    "sourceGroup": "书源",
    "sourceIcon": "https://www.aoaostar.com/favicon.ico",
    "sourceName": "阅读APP源 - AOAOSTAR",
    "sourceUrl": "https://legado.aoaostar.com"
  },
  {
    "articleStyle": 0,
    "customOrder": 0,
    "enableJs": true,
    "enabled": true,
    "enabledCookieJar": false,
    "header": "{\n  \"User-Agent\": \"Mozilla/5.0 (X11; Linux x86_64) AppleWebKit/537.36 (KHTML, like Gecko) Chrome/127.0.0.0 Safari/537.36\"\n}",
    "lastUpdateTime": 0,
    "loadWithBaseUrl": true,
    "ruleArticles": "class.article-item",
    "ruleContent": "class.article-content rich-text-cnt@html",
    "ruleLink": "tag.a@href",
    "rulePubDate": "class.update-time@textNodes",
    "ruleTitle": "tag.a@tag.h3@textNodes",
    "singleUrl": false,
    "sortUrl": "推荐::https://www.ssydt.com/article?type=\n时事月报::https://www.ssydt.com/sszz\n时事日报::https://www.ssydt.com/ssrz\n申论每日一练::https://www.ssydt.com/article?type=16\n招考信息::https://www.ssydt.com/article?type=12\n常识和技巧::https://www.ssydt.com/article?type=13\n时事周刊::https://www.ssydt.com/sszk\n官网公告::https://www.ssydt.com/article?type=8\n重要会议::https://www.ssydt.com/article?type=10\n领导讲话::https://www.ssydt.com/article?type=11\n时事评论::https://www.ssydt.com/shishipinglun",
    "sourceGroup": "资讯·JD.Z",
    "sourceIcon": "https://www.ssydt.com/favicon.ico",
    "sourceName": "时事一点通",
    "sourceUrl": "https://www.ssydt.com/"
  },
  {
    "articleStyle": 0,
    "customOrder": 0,
    "enableJs": true,
    "enabled": true,
    "enabledCookieJar": false,
    "header": "{\n  \"User-Agent\": \"Mozilla/5.0 (X11; Linux x86_64) AppleWebKit/537.36 (KHTML, like Gecko) Chrome/127.0.0.0 Safari/537.36\"\n}",
    "lastUpdateTime": 0,
    "loadWithBaseUrl": true,
    "ruleArticles": "class.list01@tag.li",
    "ruleContent": "class.c_l_c_06_5@html",
    "ruleLink": "tag.a.1@href",
    "ruleNextPage": "class.next@tag.a@href",
    "rulePubDate": "tag.span@textNodes",
    "ruleTitle": "tag.a.1@textNodes",
    "singleUrl": false,
    "sortUrl": "公务员::http://sdgwy.org/html/zkgg/gwy/index.html\n事业单位::http://sdgwy.org/html/zkgg/sydw/index.html\n村官::http://sdgwy.org/html/zkgg/cg/index.html\n招警::http://sdgwy.org/html/zkgg/zj/index.html\n选调生::http://sdgwy.org/html/zkgg/xds/index.html\n考试公告::http://sdgwy.org/html/xwsz/zyxw/index.html\n备考时事::http://sdgwy.org/html/xwsz/szzl/index.html",
    "sourceGroup": "资讯·JD.Z",
    "sourceIcon": "http://sdgwy.org/favicon.ico",
    "sourceName": "学宝教育山东考试网",
    "sourceUrl": "http://sdgwy.org/"
  },
  {
    "articleStyle": 0,
    "customOrder": 0,
    "enableJs": true,
    "enabled": true,
    "enabledCookieJar": false,
    "header": "{\n  \"User-Agent\": \"Mozilla/5.0 (X11; Linux x86_64) AppleWebKit/537.36 (KHTML, like Gecko) Chrome/127.0.0.0 Safari/537.36\"\n}",
    "lastUpdateTime": 0,
    "loadWithBaseUrl": true,
    "ruleArticles": "class.uc_post_list_box",
    "ruleContent": "class.entry-content@html",
    "ruleImage": "class.uc_post_list_image@tag.a@tag.img@src",
    "ruleLink": "class.uc_post_list_title@tag.a@href",
    "ruleNextPage": "class.page-numbers@href",
    "rulePubDate": "class.ue-grid-item-meta-data@textNodes",
    "ruleTitle": "class.uc_post_list_title@tag.a@textNodes",
    "singleUrl": false,
    "sortUrl": "技术博客::https://linglong.space/technical-case\n社区动态::https://www.linglong.space/operactivate",
    "sourceComment": "",
    "sourceGroup": "资讯·JD.Z",
    "sourceIcon": "https://linglong.dev/wp-content/uploads/2024/06/cropped-logo-1-32x32.png",
    "sourceName": "如意玲珑",
    "sourceUrl": "https://www.linglong.space/"
  },
  {
    "articleStyle": 0,
    "customOrder": 2,
    "enableJs": true,
    "enabled": true,
    "enabledCookieJar": true,
    "lastUpdateTime": 0,
    "loadWithBaseUrl": true,
    "singleUrl": true,
    "sourceGroup": "legado",
    "sourceIcon": "https://cdn.jsdelivr.net/gh/gedoor/legado@master/app/src/main/res/mipmap-hdpi/ic_launcher.png",
    "sourceName": "使用说明",
    "sourceUrl": "https://www.yuque.com/legado"
  },
  {
    "articleStyle": 0,
    "customOrder": 3,
    "enableJs": true,
    "enabled": true,
    "enabledCookieJar": true,
    "lastUpdateTime": 0,
    "loadWithBaseUrl": true,
    "singleUrl": true,
    "sourceGroup": "legado",
    "sourceIcon": "http://mmbiz.qpic.cn/mmbiz_png/hpfMV8hEuL2eS6vnCxvTzoOiaCAibV6exBzJWq9xMic9xDg3YXAick87tsfafic0icRwkQ5ibV0bJ84JtSuxhPuEDVquA/0?wx_fmt=png",
    "sourceName": "小说拾遗",
    "sourceUrl": "snssdk1128://user/profile/562564899806367"
  },
  {
    "articleStyle": 0,
    "customOrder": 4,
    "enableJs": true,
    "enabled": true,
    "enabledCookieJar": true,
    "lastUpdateTime": 0,
    "loadWithBaseUrl": true,
    "singleUrl": true,
    "sourceGroup": "legado",
    "sourceIcon": "https://cdn.jsdelivr.net/gh/mgz0227/meowcloud/icon.png",
    "sourceName": "Meow云",
    "sourceUrl": "https://pan.miaogongzi.net"
  },
  {
    "articleStyle": 0,
    "customOrder": 5,
    "enableJs": true,
    "enabled": true,
    "enabledCookieJar": true,
    "lastUpdateTime": 0,
    "loadWithBaseUrl": true,
    "singleUrl": true,
    "sourceGroup": "legado",
    "sourceIcon": "https://cdn.jsdelivr.net/gh/gedoor/legado@master/app/src/main/res/mipmap-hdpi/ic_launcher.png",
    "sourceName": "烏雲净化",
    "sourceUrl": "https://www.lanzoux.com/b0bw8jwoh"
  }
]