[
  {
    "lastUseTime": 1716608403102,
    "usage": 1,
    "word": "一人之下"
  },
  {
    "lastUseTime": 1716716840337,
    "usage": 1,
    "word": "午时三刻"
  },
  {
    "lastUseTime": 1716822935788,
    "usage": 1,
    "word": "日月同错"
  },
  {
    "lastUseTime": 1716822974119,
    "usage": 1,
    "word": "步天歌"
  },
  {
    "lastUseTime": 1716823038866,
    "usage": 1,
    "word": "偷星九月天"
  },
  {
    "lastUseTime": 1717292228536,
    "usage": 1,
    "word": "神漫"
  },
  {
    "lastUseTime": 1717292283463,
    "usage": 1,
    "word": "杂志"
  },
  {
    "lastUseTime": 1717308074233,
    "usage": 1,
    "word": "我独自升级"
  },
  {
    "lastUseTime": 1718898293302,
    "usage": 7,
    "word": "大学棒棒糖"
  },
  {
    "lastUseTime": 1718694850578,
    "usage": 2,
    "word": "成何体统"
  },
  {
    "lastUseTime": 1718357025410,
    "usage": 2,
    "word": "庆余年"
  },
  {
    "lastUseTime": 1717905557917,
    "usage": 1,
    "word": "三国演义"
  },
  {
    "lastUseTime": 1717905577929,
    "usage": 1,
    "word": "活着"
  },
  {
    "lastUseTime": 1717905648678,
    "usage": 1,
    "word": "一地鸡毛"
  },
  {
    "lastUseTime": 1718204101464,
    "usage": 2,
    "word": "刀剑神域"
  },
  {
    "lastUseTime": 1717910225604,
    "usage": 1,
    "word": "明日之子"
  },
  {
    "lastUseTime": 1717910334518,
    "usage": 2,
    "word": "宫崎骏"
  },
  {
    "lastUseTime": 1717910284834,
    "usage": 1,
    "word": "千与千寻"
  },
  {
    "lastUseTime": 1717911084756,
    "usage": 1,
    "word": "罗小黑"
  },
  {
    "lastUseTime": 1718203913636,
    "usage": 4,
    "word": "爱情公寓"
  },
  {
    "lastUseTime": 1718269776298,
    "usage": 1,
    "word": "镖人"
  },
  {
    "lastUseTime": 1718269812843,
    "usage": 1,
    "word": "大理寺日志"
  },
  {
    "lastUseTime": 1718269956594,
    "usage": 1,
    "word": "镇魂街"
  },
  {
    "lastUseTime": 1718270392253,
    "usage": 1,
    "word": "驱魔录"
  },
  {
    "lastUseTime": 1718270894686,
    "usage": 1,
    "word": "一拳超人"
  },
  {
    "lastUseTime": 1718270947317,
    "usage": 1,
    "word": "博人传"
  },
  {
    "lastUseTime": 1718271308692,
    "usage": 1,
    "word": "灵能百分百"
  },
  {
    "lastUseTime": 1718271771939,
    "usage": 1,
    "word": "王牌御史"
  },
  {
    "lastUseTime": 1718271901266,
    "usage": 1,
    "word": "妖怪名单"
  },
  {
    "lastUseTime": 1718272161742,
    "usage": 1,
    "word": "灵笼"
  },
  {
    "lastUseTime": 1718272237544,
    "usage": 1,
    "word": "狐妖小红娘"
  },
  {
    "lastUseTime": 1718360355170,
    "usage": 1,
    "word": "叶轻眉日记"
  },
  {
    "lastUseTime": 1718377974545,
    "usage": 1,
    "word": "刺客伍六七"
  },
  {
    "lastUseTime": 1718378074988,
    "usage": 1,
    "word": "养敌为患"
  },
  {
    "lastUseTime": 1718395340523,
    "usage": 1,
    "word": "sweet home"
  },
  {
    "lastUseTime": 1718470742008,
    "usage": 1,
    "word": "fate"
  },
  {
    "lastUseTime": 1718471171718,
    "usage": 1,
    "word": "angle beats"
  },
  {
    "lastUseTime": 1718471631606,
    "usage": 1,
    "word": "从零开始的异世界生活"
  },
  {
    "lastUseTime": 1718471732824,
    "usage": 1,
    "word": "在地下城寻求邂逅是否搞错了什么"
  },
  {
    "lastUseTime": 1718472129836,
    "usage": 1,
    "word": "拳皇"
  },
  {
    "lastUseTime": 1718472182229,
    "usage": 1,
    "word": "全职高手"
  },
  {
    "lastUseTime": 1718699544268,
    "usage": 1,
    "word": "太平天书"
  },
  {
    "lastUseTime": 1718842720439,
    "usage": 1,
    "word": "时光代理人"
  },
  {
    "lastUseTime": 1718844780161,
    "usage": 1,
    "word": "凸变英雄"
  },
  {
    "lastUseTime": 1718979760211,
    "usage": 1,
    "word": "小花仙"
  },
  {
    "lastUseTime": 1719070751894,
    "usage": 1,
    "word": "绝毒牧师"
  }
]