[
  {
    "lastUseTime": 1719407981188,
    "usage": 2,
    "word": "一人之下"
  },
  {
    "lastUseTime": 1716716840337,
    "usage": 1,
    "word": "午时三刻"
  },
  {
    "lastUseTime": 1716822935788,
    "usage": 1,
    "word": "日月同错"
  },
  {
    "lastUseTime": 1716822974119,
    "usage": 1,
    "word": "步天歌"
  },
  {
    "lastUseTime": 1716823038866,
    "usage": 1,
    "word": "偷星九月天"
  },
  {
    "lastUseTime": 1717292228536,
    "usage": 1,
    "word": "神漫"
  },
  {
    "lastUseTime": 1717292283463,
    "usage": 1,
    "word": "杂志"
  },
  {
    "lastUseTime": 1717308074233,
    "usage": 1,
    "word": "我独自升级"
  },
  {
    "lastUseTime": 1719492967584,
    "usage": 9,
    "word": "大学棒棒糖"
  },
  {
    "lastUseTime": 1721563679650,
    "usage": 3,
    "word": "成何体统"
  },
  {
    "lastUseTime": 1720202130592,
    "usage": 8,
    "word": "庆余年"
  },
  {
    "lastUseTime": 1720446490666,
    "usage": 2,
    "word": "三国演义"
  },
  {
    "lastUseTime": 1717905577929,
    "usage": 1,
    "word": "活着"
  },
  {
    "lastUseTime": 1717905648678,
    "usage": 1,
    "word": "一地鸡毛"
  },
  {
    "lastUseTime": 1718204101464,
    "usage": 2,
    "word": "刀剑神域"
  },
  {
    "lastUseTime": 1717910225604,
    "usage": 1,
    "word": "明日之子"
  },
  {
    "lastUseTime": 1717910334518,
    "usage": 2,
    "word": "宫崎骏"
  },
  {
    "lastUseTime": 1717910284834,
    "usage": 1,
    "word": "千与千寻"
  },
  {
    "lastUseTime": 1717911084756,
    "usage": 1,
    "word": "罗小黑"
  },
  {
    "lastUseTime": 1720201486758,
    "usage": 5,
    "word": "爱情公寓"
  },
  {
    "lastUseTime": 1718269776298,
    "usage": 1,
    "word": "镖人"
  },
  {
    "lastUseTime": 1718269812843,
    "usage": 1,
    "word": "大理寺日志"
  },
  {
    "lastUseTime": 1718269956594,
    "usage": 1,
    "word": "镇魂街"
  },
  {
    "lastUseTime": 1718270392253,
    "usage": 1,
    "word": "驱魔录"
  },
  {
    "lastUseTime": 1720201839729,
    "usage": 3,
    "word": "一拳超人"
  },
  {
    "lastUseTime": 1718270947317,
    "usage": 1,
    "word": "博人传"
  },
  {
    "lastUseTime": 1718271308692,
    "usage": 1,
    "word": "灵能百分百"
  },
  {
    "lastUseTime": 1718271771939,
    "usage": 1,
    "word": "王牌御史"
  },
  {
    "lastUseTime": 1718271901266,
    "usage": 1,
    "word": "妖怪名单"
  },
  {
    "lastUseTime": 1718272161742,
    "usage": 1,
    "word": "灵笼"
  },
  {
    "lastUseTime": 1718272237544,
    "usage": 1,
    "word": "狐妖小红娘"
  },
  {
    "lastUseTime": 1719411985100,
    "usage": 2,
    "word": "叶轻眉日记"
  },
  {
    "lastUseTime": 1718377974545,
    "usage": 1,
    "word": "刺客伍六七"
  },
  {
    "lastUseTime": 1718378074988,
    "usage": 1,
    "word": "养敌为患"
  },
  {
    "lastUseTime": 1718395340523,
    "usage": 1,
    "word": "sweet home"
  },
  {
    "lastUseTime": 1718470742008,
    "usage": 1,
    "word": "fate"
  },
  {
    "lastUseTime": 1718471171718,
    "usage": 1,
    "word": "angle beats"
  },
  {
    "lastUseTime": 1719673161465,
    "usage": 2,
    "word": "从零开始的异世界生活"
  },
  {
    "lastUseTime": 1719673249144,
    "usage": 2,
    "word": "在地下城寻求邂逅是否搞错了什么"
  },
  {
    "lastUseTime": 1718472129836,
    "usage": 1,
    "word": "拳皇"
  },
  {
    "lastUseTime": 1718472182229,
    "usage": 1,
    "word": "全职高手"
  },
  {
    "lastUseTime": 1718699544268,
    "usage": 1,
    "word": "太平天书"
  },
  {
    "lastUseTime": 1718842720439,
    "usage": 1,
    "word": "时光代理人"
  },
  {
    "lastUseTime": 1718844780161,
    "usage": 1,
    "word": "凸变英雄"
  },
  {
    "lastUseTime": 1718979760211,
    "usage": 1,
    "word": "小花仙"
  },
  {
    "lastUseTime": 1719070751894,
    "usage": 1,
    "word": "绝毒牧师"
  },
  {
    "lastUseTime": 1719378895953,
    "usage": 1,
    "word": "物理魔法使马修"
  },
  {
    "lastUseTime": 1719378985706,
    "usage": 1,
    "word": "一人之下 锈铁"
  },
  {
    "lastUseTime": 1719411183597,
    "usage": 4,
    "word": "一人之下番外"
  },
  {
    "lastUseTime": 1720201474729,
    "usage": 2,
    "word": "恒沙记"
  },
  {
    "lastUseTime": 1720201503279,
    "usage": 2,
    "word": "Python"
  },
  {
    "lastUseTime": 1719973422856,
    "usage": 1,
    "word": "九九八十一"
  },
  {
    "lastUseTime": 1720170407588,
    "usage": 1,
    "word": "神魔英雄传"
  },
  {
    "lastUseTime": 1720170458793,
    "usage": 1,
    "word": "剑勇传说"
  },
  {
    "lastUseTime": 1720172109180,
    "usage": 1,
    "word": "约定的梦幻岛"
  },
  {
    "lastUseTime": 1720172144147,
    "usage": 1,
    "word": "石纪元"
  },
  {
    "lastUseTime": 1720180404269,
    "usage": 1,
    "word": "逃亡花"
  },
  {
    "lastUseTime": 1720185226741,
    "usage": 1,
    "word": "雾山五行"
  },
  {
    "lastUseTime": 1720198935703,
    "usage": 1,
    "word": "铁甲小宝"
  },
  {
    "lastUseTime": 1720201509705,
    "usage": 1,
    "word": "Linux"
  },
  {
    "lastUseTime": 1720201865572,
    "usage": 1,
    "word": "我的"
  },
  {
    "lastUseTime": 1720446479452,
    "usage": 1,
    "word": "水浒传"
  },
  {
    "lastUseTime": 1720486798228,
    "usage": 2,
    "word": "神兵玄奇"
  },
  {
    "lastUseTime": 1720580312779,
    "usage": 1,
    "word": "DARLING in the FRANXX"
  },
  {
    "lastUseTime": 1720703275229,
    "usage": 1,
    "word": "神厨小福贵"
  },
  {
    "lastUseTime": 1721291945071,
    "usage": 1,
    "word": "红楼梦"
  },
  {
    "lastUseTime": 1721620905420,
    "usage": 2,
    "word": "冲突"
  },
  {
    "lastUseTime": 1721785505988,
    "usage": 1,
    "word": "悟空传"
  }
]