{"options":{"check_for_updates":true,"comment":null,"compatopts_for_requires":true,"compat_wrappedjsobject":false,"compat_metadata":false,"compat_foreach":false,"compat_prototypes":false,"noframes":null,"run_at":null,"override":{"use_includes":[],"orig_includes":[],"merge_includes":true,"use_matches":[],"orig_matches":["*://item.taobao.com/*","*://yun.baidu.com/share/*","*://*detail.tmall.com/*","*://pan.baidu.com/share/*","*://*detail.tmall.hk/*","*://*.taobao.com/*","*://yun.baidu.com/s/*","*://*.tmall.com/*","*://pan.baidu.com/s/*","*://*.tmall.hk/*","*://yun.baidu.com/disk/home*","*://*.liangxinyao.com/*","*://pan.baidu.com/disk/home*","*://*.taobao.com/*","*://*.tmall.com/*","*://*.tmall.hk/*","*://*.jd.com/*","*://*.jd.hk/*","*://*.yiyaojd.com/*","*://*.liangxinyao.com/*"],"merge_matches":true,"use_excludes":[],"orig_excludes":["*://login.taobao.com/*","*://pages.tmall.com/*","*://uland.taobao.com"],"merge_excludes":true,"use_connects":[],"merge_connects":true,"use_blockers":[],"orig_run_at":"document-body","orig_noframes":null,"orig_connects":["azkou.cn","idey.cn","baidu.com","baiduyun.wiki","*","baidupcs.com"]}},"settings":{"enabled":false,"position":47},"meta":{"name":"(最新完美版)百度网盘下载助手","uuid":"9618d48a-92e0-46ad-be26-dd5876fd3c8f","modified":1633691635494}}