{"options":{"check_for_updates":true,"comment":null,"compatopts_for_requires":true,"compat_wrappedjsobject":false,"compat_metadata":false,"compat_foreach":false,"compat_prototypes":false,"noframes":null,"run_at":null,"override":{"use_includes":[],"orig_includes":[],"merge_includes":true,"use_matches":[],"orig_matches":["https://yz.chsi.com.cn/zsml/queryAction.do","https://yz.chsi.com.cn/sch/**","http://www.chinadegrees.cn/xwyyjsjyxx/xkpgjg/","http://www.cdgdc.edu.cn/xwyyjsjyxx/xkpgjg/"],"merge_matches":true,"use_excludes":[],"orig_excludes":[],"merge_excludes":true,"use_connects":[],"merge_connects":true,"use_blockers":[],"orig_run_at":"document-idle","orig_noframes":null,"orig_connects":[]}},"settings":{"enabled":true,"position":10},"meta":{"name":"985/211/双一流提示","uuid":"a5856300-654a-4508-8719-d850e7cc1897","modified":1633691635467}}