{"options":{"check_for_updates":true,"comment":null,"compatopts_for_requires":true,"compat_wrappedjsobject":false,"compat_metadata":false,"compat_foreach":false,"compat_prototypes":false,"noframes":null,"run_at":null,"override":{"use_includes":[],"orig_includes":["*://ipv6.baidu.com/*","*://www.baidu.com/*","*://www1.baidu.com/*","*://m.baidu.com/*","*://xueshu.baidu.com/s*","*://www.so.com/s?*","*://*.bing.com/*","*://encrypted.google.*/search*","*://*.google*/search*","*://*.google*/webhp*","*://*.zhihu.com/*","*://*duckduckgo.com/*","*://*.dogedoge.com/*"],"merge_includes":true,"use_matches":[],"orig_matches":[],"merge_matches":true,"use_excludes":[],"orig_excludes":["*://*.google*/sorry*","https://zhidao.baidu.com/*","https://*.zhidao.baidu.com/*","https://www.baidu.com/img/*"],"merge_excludes":true,"use_connects":[],"merge_connects":true,"use_blockers":[],"orig_run_at":"document-start","orig_noframes":null,"orig_connects":["baidu.com","google.com","google.com.hk","google.com.jp","bing.com","duckduckgo.com","dogedoge.com","so.com"]}},"settings":{"enabled":true,"position":16},"meta":{"name":"AC-baidu-重定向优化百度搜狗谷歌必应搜索_favicon_双列","uuid":"94459aeb-4c79-47f0-af81-dc9dd4d124c0","modified":1633691635473}}