{"options":{"check_for_updates":true,"comment":null,"compatopts_for_requires":true,"compat_wrappedjsobject":false,"compat_metadata":false,"compat_foreach":false,"compat_prototypes":false,"noframes":null,"run_at":null,"override":{"use_includes":[],"orig_includes":[],"merge_includes":true,"use_matches":[],"orig_matches":["https://www.bilibili.com/bangumi/*","http://www.yhdm.so/search/*"],"merge_matches":true,"use_excludes":[],"orig_excludes":[],"merge_excludes":true,"use_connects":[],"merge_connects":true,"use_blockers":[],"orig_run_at":"document-idle","orig_noframes":null,"orig_connects":["www.nekostu.top","localhost"]}},"settings":{"enabled":true,"position":33},"meta":{"name":"b站番剧播放页内跳转樱花搜索","uuid":"4dab7d68-f7b7-4d15-8466-3fd7b15f224e","modified":1633691635481}}