{"options":{"check_for_updates":true,"comment":null,"compatopts_for_requires":true,"compat_wrappedjsobject":false,"compat_metadata":false,"compat_foreach":false,"compat_prototypes":false,"noframes":null,"run_at":null,"override":{"use_includes":[],"orig_includes":["*://medium.com/*","*://twitter.com/*","*://mobile.twitter.com/*","*://weibo.com/*","*://*.weibo.com/*","*://*.vmgirls.com/*","*://wallpaperhub.app/*","*://*.bing.com/*","*://*.msn.cn/*"],"merge_includes":true,"use_matches":[],"orig_matches":[],"merge_matches":true,"use_excludes":[],"orig_excludes":[],"merge_excludes":true,"use_connects":[],"merge_connects":true,"use_blockers":[],"orig_run_at":"document-idle","orig_noframes":true,"orig_connects":[]}},"settings":{"enabled":true,"position":3},"meta":{"name":"Download Original Picture","uuid":"094f2d84-f2a9-4e0e-93bb-e5a44634b479","modified":1633691635454}}