{"options":{"check_for_updates":true,"comment":null,"compatopts_for_requires":true,"compat_wrappedjsobject":false,"compat_metadata":false,"compat_foreach":false,"compat_prototypes":false,"noframes":null,"run_at":null,"override":{"use_includes":[],"orig_includes":["http://www.baidu.com*","https://www.baidu.com*","http://www.google*","https://www.google*"],"merge_includes":true,"use_matches":[],"orig_matches":[],"merge_matches":true,"use_excludes":[],"orig_excludes":[],"merge_excludes":true,"use_connects":[],"merge_connects":true,"use_blockers":[],"orig_run_at":"document-start","orig_noframes":true,"orig_connects":[]}},"settings":{"enabled":true,"position":17},"meta":{"name":"Endless Google And Baidu","uuid":"9b4f8b18-822f-48f8-980a-bae9eae8656a","modified":1633691635474}}