{"options":{"check_for_updates":true,"comment":null,"compatopts_for_requires":true,"compat_wrappedjsobject":false,"compat_metadata":false,"compat_foreach":false,"compat_prototypes":false,"noframes":null,"run_at":null,"override":{"use_includes":[],"orig_includes":[],"merge_includes":true,"use_matches":[],"orig_matches":["*://*.baidu.com/*","*://*.google.com/*","*://*.bing.com/*","*://*.so.com/*","*://*.zhihu.com/*","*://*.douban.com/*","*://*twitter.com/*","*://*youtube.com/*","*://*/*"],"merge_matches":true,"use_excludes":[],"orig_excludes":[],"merge_excludes":true,"use_connects":[],"merge_connects":true,"use_blockers":[],"orig_run_at":"document-idle","orig_noframes":true,"orig_connects":["zhihu.com","baidu.com","baiducontent.com","dadiyouhui02.cn","*"]}},"settings":{"enabled":true,"position":19},"meta":{"name":"【屏蔽广告】屏蔽谷歌广告、百度广告、知乎广告、隐藏谷歌和百度搜索增强百度搜索结果的各种广告等等（过滤所有采用谷歌联盟和百度联盟等广告联盟的广告）","uuid":"d87669ac-d69f-4ed7-8b75-3c7329e4615d","modified":1633691635475}}