{"options":{"check_for_updates":true,"comment":null,"compatopts_for_requires":true,"compat_wrappedjsobject":false,"compat_metadata":false,"compat_foreach":false,"compat_prototypes":false,"noframes":null,"run_at":null,"override":{"use_includes":[],"orig_includes":[],"merge_includes":true,"use_matches":[],"orig_matches":["http://wenku.baidu.com/*","https://wenku.baidu.com/*"],"merge_matches":true,"use_excludes":[],"orig_excludes":[],"merge_excludes":true,"use_connects":[],"merge_connects":true,"use_blockers":[],"orig_run_at":"document-idle","orig_noframes":null,"orig_connects":[]}},"settings":{"enabled":true,"position":27},"meta":{"name":"【免费下载工具】百度文库下载页面快速跳转合集，支持文档下载和复制内容、下载卷、共享文档、VIP文档等内容复制","uuid":"50b7a7db-739e-4256-94a5-dff9ec896e27","modified":1633691635479}}