{"options":{"check_for_updates":true,"comment":null,"compatopts_for_requires":true,"compat_wrappedjsobject":false,"compat_metadata":false,"compat_foreach":false,"compat_prototypes":false,"noframes":null,"run_at":null,"override":{"use_includes":[],"orig_includes":["*://m.youku.com/v*","*://m.youku.com/a*","*://v.youku.com/v_*","*://v.youku.com/pad_show*","*://*.iqiyi.com/v_*","*://*.iqiyi.com/w_*","*://*.iqiyi.com/a_*","*://*.iqiyi.com/adv*","*.iq.com/play/*","*://*.le.com/ptv/vplay/*","*v.qq.com/x/cover/*","*v.qq.com/x/page/*","*v.qq.com/*play*","*v.qq.com/cover*","*://*.tudou.com/listplay/*","*://*.tudou.com/albumplay/*","*://*.tudou.com/programs/view/*","*://*.tudou.com/v*","*://*.mgtv.com/b/*","*://film.sohu.com/album/*","*://tv.sohu.com/v/*","*://*.acfun.cn/v/*","*://*.bilibili.com/video/*","*://*.bilibili.com/anime/*","*://*.bilibili.com/bangumi/play/*","*://*.pptv.com/show/*","*://*.baofeng.com/play/*","*://*.wasu.cn/Play/show*","*://v.yinyuetai.com/video/*","*://v.yinyuetai.com/playlist/*","*://*.wasu.cn/Play/show/*","*://music.taihe.com/song*","*://item.taobao.com/*","*://s.taobao.com/search*","*://list.tmall.com/search_product.htm*","*://detail.tmall.com/*","*://chaoshi.detail.tmall.com/*","*://detail.tmall.hk/*","*://item.jd.com/*","*://item.jd.hk/*","*://detail.vip.com/detail-*","*://product.suning.com/*","*://music.163.com/song*","*://music.163.com/m/song*","*://y.qq.com/*","*://*.kugou.com/*","*://*.kuwo.cn/*","*://*.xiami.com/*","*://music.taihe.com/*","*://*.1ting.com/player*","*://www.qingting.fm/*","*://www.lizhi.fm/*","*://music.migu.cn/*","*://www.shangxueba.com/ask/*.html","*://www.ximalaya.com/*","*://www.shangxueba.com/ask/*.html","*://pan.baidu.com/disk/home*","*://yun.baidu.com/disk/home*","*://pan.baidu.com/s/*","*://yun.baidu.com/s/*","*://pan.baidu.com/share/link*","*://yun.baidu.com/share/link*","*://wenku.baidu.com/view/*","*://blog.csdn.net/*"],"merge_includes":true,"use_matches":[],"orig_matches":[],"merge_matches":true,"use_excludes":[],"orig_excludes":["*://*.wandhi.com/*"],"merge_excludes":true,"use_connects":[],"merge_connects":true,"use_blockers":[],"orig_run_at":"document-end","orig_noframes":null,"orig_connects":["shangxueba365.com","api.wandhi.com","cdn.jsdelivr.net","tool.manmanbuy.com","xbeibeix.com","gwdang.com"]}},"settings":{"enabled":true,"position":9},"meta":{"name":"【玩的嗨】VIP工具箱,百度文库解析导出,全网VIP视频免费破解去广告,一站式音乐搜索下载,获取B站封面,下载B站视频等众多功能聚合 长期更新,放心使用","uuid":"31f3f4ce-a883-4215-ad2d-82ba7f939dda","modified":1633691635466}}