{"options":{"check_for_updates":true,"comment":null,"compatopts_for_requires":true,"compat_wrappedjsobject":false,"compat_metadata":false,"compat_foreach":false,"compat_prototypes":false,"noframes":null,"run_at":null,"override":{"use_includes":[],"orig_includes":["https://*/*","file:///*"],"merge_includes":true,"use_matches":[],"orig_matches":["http://*/*"],"merge_matches":true,"use_excludes":[],"orig_excludes":[],"merge_excludes":true,"use_connects":[],"merge_connects":true,"use_blockers":[],"orig_run_at":"document-idle","orig_noframes":null,"orig_connects":["youdao.com","iciba.com","translate.google.com","hjenglish.com","bing.com","chinacloudapi.cn","cambridge.org"]}},"settings":{"enabled":true,"position":34},"meta":{"name":"划词翻译：多词典查询","uuid":"62d59598-fc2e-4574-b927-deb4787ef80d","modified":1633691635482}}