{"options":{"check_for_updates":true,"comment":null,"compatopts_for_requires":true,"compat_wrappedjsobject":false,"compat_metadata":false,"compat_foreach":false,"compat_prototypes":false,"noframes":null,"run_at":null,"override":{"use_includes":[],"orig_includes":[],"merge_includes":true,"use_matches":[],"orig_matches":["http://ext.chrome.360.cn/*","https://ext.chrome.360.cn/*"],"merge_matches":true,"use_excludes":[],"orig_excludes":[],"merge_excludes":true,"use_connects":[],"merge_connects":true,"use_blockers":[],"orig_run_at":"body-start","orig_noframes":null,"orig_connects":[]}},"settings":{"enabled":true,"position":24},"meta":{"name":"去除360极速扩展中心限制","uuid":"dd4cdd85-fc34-4913-8362-38c25ebefd88","modified":1633691635478}}