{"options":{"check_for_updates":true,"comment":null,"compatopts_for_requires":true,"compat_wrappedjsobject":false,"compat_metadata":false,"compat_foreach":false,"compat_prototypes":false,"noframes":null,"run_at":null,"override":{"use_includes":[],"orig_includes":[],"merge_includes":true,"use_matches":[],"orig_matches":["https://space.bilibili.com/*"],"merge_matches":true,"use_excludes":[],"orig_excludes":[],"merge_excludes":true,"use_connects":[],"merge_connects":true,"use_blockers":[],"orig_run_at":"document-idle","orig_noframes":null,"orig_connects":["biliplus.com"]}},"settings":{"enabled":true,"position":22},"meta":{"name":"哔哩哔哩(B站|Bilibili)收藏夹Fix","uuid":"6730b86b-2de5-47bf-93fa-0a5bfae7bbda","modified":1633691635476}}