{"options":{"check_for_updates":true,"comment":null,"compatopts_for_requires":true,"compat_wrappedjsobject":false,"compat_metadata":false,"compat_foreach":false,"compat_prototypes":false,"noframes":null,"run_at":null,"override":{"use_includes":[],"orig_includes":[],"merge_includes":true,"use_matches":[],"orig_matches":["*://static.qspfw.moe.gov.cn/xf2021/learn-practice.html*","*://static.qspfw.moe.gov.cn/xf2021/learn_exam.html*"],"merge_matches":true,"use_excludes":[],"orig_excludes":[],"merge_excludes":true,"use_connects":[],"merge_connects":true,"use_blockers":[],"orig_run_at":"document-end","orig_noframes":null,"orig_connects":["api.gocos.cn"]}},"settings":{"enabled":true,"position":25},"meta":{"name":"普法网（宪法小卫士）课后练习、考试自动答题","uuid":"12967b16-0cee-4305-b13a-50b07f040929","modified":1633691635478}}