{"options":{"check_for_updates":true,"comment":null,"compatopts_for_requires":true,"compat_wrappedjsobject":false,"compat_metadata":false,"compat_foreach":false,"compat_prototypes":false,"noframes":null,"run_at":null,"override":{"use_includes":[],"orig_includes":[],"merge_includes":true,"use_matches":[],"orig_matches":["*://*.zhihuishu.com/*"],"merge_matches":true,"use_excludes":[],"orig_excludes":[],"merge_excludes":true,"use_connects":[],"merge_connects":true,"use_blockers":[],"orig_run_at":"document-end","orig_noframes":null,"orig_connects":["cx.icodef.com"]}},"settings":{"enabled":false,"position":37},"meta":{"name":"智慧树知到网课助手(支持图片题)(可作业)(可考试)","uuid":"e421dd4a-8ff5-4eab-998c-0e8efb1f5145","modified":1633691635484}}