{"options":{"check_for_updates":true,"comment":null,"compatopts_for_requires":true,"compat_wrappedjsobject":false,"compat_metadata":false,"compat_foreach":false,"compat_prototypes":false,"noframes":null,"run_at":null,"override":{"use_includes":[],"orig_includes":[],"merge_includes":true,"use_matches":[],"orig_matches":["*://pan.baidu.com/disk/*","*://pan.baidu.com/mbox/*","*://pan.baidu.com/play/*","*://yun.baidu.com/disk/*","*://yun.baidu.com/mbox/*","*://yun.baidu.com/play/*","*://pan.baidu.com/s/*","*://yun.baidu.com/s/*","*://pan.baidu.com/share/*","*://yun.baidu.com/share/*"],"merge_matches":true,"use_excludes":[],"orig_excludes":[],"merge_excludes":true,"use_connects":[],"merge_connects":true,"use_blockers":[],"orig_run_at":"document-idle","orig_noframes":null,"orig_connects":[]}},"settings":{"enabled":true,"position":14},"meta":{"name":"百度云去广告，快捷键倍速，免VIP解锁倍速、画质！全网独家！","uuid":"a99f7164-fd88-457f-95da-a3c182da1053","modified":1633691635470}}