{"options":{"check_for_updates":true,"comment":null,"compatopts_for_requires":true,"compat_wrappedjsobject":false,"compat_metadata":false,"compat_foreach":false,"compat_prototypes":false,"noframes":null,"run_at":null,"override":{"use_includes":[],"orig_includes":[],"merge_includes":true,"use_matches":[],"orig_matches":["https://*.zhihu.com/*","https://v.vzuu.com/video/*","https://video.zhihu.com/video/*"],"merge_matches":true,"use_excludes":[],"orig_excludes":[],"merge_excludes":true,"use_connects":[],"merge_connects":true,"use_blockers":[],"orig_run_at":"document-end","orig_noframes":null,"orig_connects":["zhihu.com","vzuu.com"]}},"settings":{"enabled":true,"position":8},"meta":{"name":"知乎网页助手","uuid":"8470121f-c604-4925-a7ac-969e383495df","modified":1633691635464}}