{"options":{"check_for_updates":true,"comment":null,"compatopts_for_requires":true,"compat_wrappedjsobject":false,"compat_metadata":false,"compat_foreach":false,"compat_prototypes":false,"noframes":null,"run_at":null,"override":{"use_includes":[],"orig_includes":["*/DefaultResult/Index*","*/KNS8/AdvSearch*","*/detail.aspx*","*/CatalogViewPage.aspx*","*/Article/*"],"merge_includes":true,"use_matches":[],"orig_matches":["https://www.cnki.net/"],"merge_matches":true,"use_excludes":[],"orig_excludes":[],"merge_excludes":true,"use_connects":[],"merge_connects":true,"use_blockers":[],"orig_run_at":"document-end","orig_noframes":null,"orig_connects":["cnki.net"]}},"settings":{"enabled":true,"position":4},"meta":{"name":"知网下载助手","uuid":"e34e2c69-e087-4277-bec8-4f77c30ffc77","modified":1633691635454}}