{"options":{"check_for_updates":true,"comment":null,"compatopts_for_requires":true,"compat_wrappedjsobject":false,"compat_metadata":false,"compat_foreach":false,"compat_prototypes":false,"noframes":null,"run_at":null,"override":{"use_includes":[],"orig_includes":["http://*","https://*"],"merge_includes":true,"use_matches":[],"orig_matches":[],"merge_matches":true,"use_excludes":[],"orig_excludes":["https://*.12315.cn","http*://*.pcs.baidu.com/*","http*://*.baidupcs.com/*","http*://*:8666/file/*","http*://*.baidu.com/file/*","http*://index.baidu.com/*","http*://*.gov/*","http*://*.gov.cn/*","http*://*.taobao.com/*","http*://*.tmall.com/*","http*://*.alimama.com/*","http*://*.jd.com/*","http*://*.zol.com.cn/*","http*://*.ctrip.com/*","http*://*.evernote.com/*","http*://*.yinxiang.com/*","http*://mail.*","http*://ping.*","http*://inbox.google.com/*","/^https?://(localhost|10\\.|192\\.|127\\.)/","/https?://www.baidu.com/(?:s|baidu)\\?/","http*://www.zhihu.com/question/*/answers/created","https://caiyun.feixin.10086.cn/portal/index.jsp#myfile*"],"merge_excludes":true,"use_connects":[],"merge_connects":true,"use_blockers":[],"orig_run_at":"document-idle","orig_noframes":true,"orig_connects":["agefans.tv"]}},"settings":{"enabled":false,"position":13},"meta":{"name":"网盘自动填写访问码【威力加强版】","uuid":"851026b9-f9be-4c6c-8ec0-6829df0a2a9c","modified":1633691635469}}