{"options":{"check_for_updates":true,"comment":null,"compatopts_for_requires":true,"compat_wrappedjsobject":false,"compat_metadata":false,"compat_foreach":false,"compat_prototypes":false,"noframes":null,"run_at":null,"override":{"use_includes":[],"orig_includes":["https://movie.douban.com/*","https://music.douban.com/*","https://book.douban.com/*","https://bangumi.moe/search/title*","https://desitorrents.tv/*","http://www.dingzi66.com/q*","http://www.x5v.net/*"],"merge_includes":true,"use_matches":[],"orig_matches":[],"merge_matches":true,"use_excludes":[],"orig_excludes":[],"merge_excludes":true,"use_connects":[],"merge_connects":true,"use_blockers":[],"orig_run_at":"document-end","orig_noframes":null,"orig_connects":["*"]}},"settings":{"enabled":true,"position":2},"meta":{"name":"豆瓣资源下载大师：1秒搞定豆瓣电影|音乐|图书下载","uuid":"fcad8174-b400-4718-856d-a64f8b2f3eeb","modified":1633691635453}}