{"options":{"check_for_updates":true,"comment":null,"compatopts_for_requires":true,"compat_wrappedjsobject":false,"compat_metadata":false,"compat_foreach":false,"compat_prototypes":false,"noframes":null,"run_at":null,"override":{"use_includes":[],"orig_includes":[],"merge_includes":true,"use_matches":[],"orig_matches":["*://*.chaoxing.com/*","*://*.edu.cn/*","*://*.nbdlib.cn/*","*://*.hnsyu.net/*"],"merge_matches":true,"use_excludes":[],"orig_excludes":[],"merge_excludes":true,"use_connects":[],"merge_connects":true,"use_blockers":[],"orig_run_at":"document-end","orig_noframes":null,"orig_connects":["api.muketool.com","api2.muketool.com"]}},"settings":{"enabled":true,"position":42},"meta":{"name":"超星学习通网课助手|内置题库，自动搜题|视频挂机播放、任务切换【✨聚合题库✨】","uuid":"0520388e-ce16-4f1b-bb9f-e7f90e131338","modified":1633691635487}}