{"options":{"check_for_updates":true,"comment":null,"compatopts_for_requires":true,"compat_wrappedjsobject":false,"compat_metadata":false,"compat_foreach":false,"compat_prototypes":false,"noframes":null,"run_at":null,"override":{"use_includes":[],"orig_includes":[],"merge_includes":true,"use_matches":[],"orig_matches":["*://*.chaoxing.com/*","*://*.edu.cn/*"],"merge_matches":true,"use_excludes":[],"orig_excludes":[],"merge_excludes":true,"use_connects":[],"merge_connects":true,"use_blockers":[],"orig_run_at":"document-end","orig_noframes":null,"orig_connects":["forestpolice.org"]}},"settings":{"enabled":false,"position":39},"meta":{"name":"超星网课助手","uuid":"5a5b5f32-01f9-4341-844d-1d59ca79679f","modified":1633691635485}}