{"options":{"check_for_updates":true,"comment":null,"compatopts_for_requires":true,"compat_wrappedjsobject":false,"compat_metadata":false,"compat_foreach":false,"compat_prototypes":false,"noframes":null,"run_at":null,"override":{"use_includes":[],"orig_includes":["*"],"merge_includes":true,"use_matches":[],"orig_matches":[],"merge_matches":true,"use_excludes":[],"orig_excludes":["*://www.kdocs.cn/p/*","*://docs.google.com/document/d/*","*://www.notion.so/*","*://www.wolai.com/*","*://yiqixie.qingque.cn/d/home/*","*://www.yuque.com/*/edit","*://*.cqaso.com/*","*://mail.*"],"merge_excludes":true,"use_connects":[],"merge_connects":true,"use_blockers":[],"orig_run_at":"document-body","orig_noframes":true,"orig_connects":[]}},"settings":{"enabled":true,"position":46},"meta":{"name":"链接助手","uuid":"f6fc1c34-6d8e-412e-9a6f-bcffca8ef00d","modified":1633691635493}}