{"options":{"check_for_updates":true,"comment":null,"compatopts_for_requires":true,"compat_wrappedjsobject":false,"compat_metadata":false,"compat_foreach":false,"compat_prototypes":false,"noframes":null,"run_at":null,"override":{"use_includes":[],"orig_includes":[],"merge_includes":true,"use_matches":[],"orig_matches":["*://*.zhihuishu.com/*"],"merge_matches":true,"use_excludes":[],"orig_excludes":[],"merge_excludes":true,"use_connects":[],"merge_connects":true,"use_blockers":[],"orig_run_at":"document-end","orig_noframes":null,"orig_connects":["api.muketool.com","api2.muketool.com"]}},"settings":{"enabled":true,"position":40},"meta":{"name":"🎈智慧树知到网课助手|🎈自带搜题、独家题库|🎈视频挂机播放、自动作业、任务切换|♏♈MukeTool团队重制版","uuid":"5e34c72c-bfbe-4bd5-a446-7b78ccf98f62","modified":1633691635486}}