{"options":{"check_for_updates":true,"comment":null,"compatopts_for_requires":true,"compat_wrappedjsobject":false,"compat_metadata":false,"compat_foreach":false,"compat_prototypes":false,"noframes":null,"run_at":null,"override":{"use_includes":[],"orig_includes":[],"merge_includes":true,"use_matches":[],"orig_matches":["*://*.chaoxing.com/exam/test/reVersionTestStartNew*","*://*.edu.cn/exam/test/reVersionTestStartNew*","*://*.nbdlib.cn/exam/test/reVersionTestStartNew*","*://*.hnsyu.net/exam/test/reVersionTestStartNew*"],"merge_matches":true,"use_excludes":[],"orig_excludes":[],"merge_excludes":true,"use_connects":[],"merge_connects":true,"use_blockers":[],"orig_run_at":"document-end","orig_noframes":null,"orig_connects":["api.muketool.com","api2.muketool.com"]}},"settings":{"enabled":true,"position":41},"meta":{"name":"🎈超星学习通助手考试专用版|🎈定制题库、答案秒出|♏♈MukeTool重制版","uuid":"877a94e5-9fff-4451-9b01-c9108976a8c2","modified":1633691635487}}