{"options":{"check_for_updates":false,"comment":null,"compat_foreach":false,"compat_metadata":false,"compat_prototypes":false,"compat_wrappedjsobject":false,"compatopts_for_requires":true,"noframes":null,"override":{"merge_connects":true,"merge_excludes":true,"merge_includes":true,"merge_matches":true,"orig_connects":[],"orig_excludes":[],"orig_includes":[],"orig_matches":["*study.enaea.edu.cn/viewerforccvideo*","*study.enaea.edu.cn/circleIndexRedirect*"],"orig_noframes":null,"orig_run_at":"document-idle","use_blockers":[],"use_connects":[],"use_excludes":[],"use_includes":[],"use_matches":[]},"run_at":null},"settings":{"enabled":true,"position":47},"meta":{"name":"学习公社/中国教育干部网络学院自动学习看视频(可提前查看试卷)","uuid":"4162ff30-d7c2-4c0b-b6b2-6376e0a41722","sc_uuid":"4162ff30-d7c2-4c0b-b6b2-6376e0a41722","modified":1725502851808,"file_url":"https://update.greasyfork.org/scripts/445232/%E5%AD%A6%E4%B9%A0%E5%85%AC%E7%A4%BE%E4%B8%AD%E5%9B%BD%E6%95%99%E8%82%B2%E5%B9%B2%E9%83%A8%E7%BD%91%E7%BB%9C%E5%AD%A6%E9%99%A2%E8%87%AA%E5%8A%A8%E5%AD%A6%E4%B9%A0%E7%9C%8B%E8%A7%86%E9%A2%91%28%E5%8F%AF%E6%8F%90%E5%89%8D%E6%9F%A5%E7%9C%8B%E8%AF%95%E5%8D%B7%29.user.js"}}