{"CPU 超频设置":[{"ComponentID":151,"ComponentKey":"50C2E868DD70","Settings":[]}],"Relive 设置":[{"ComponentID":59,"ComponentKey":"50C2E868DD70","Settings":[]}],"SystemDetails":{"CNVerson":"25.10.01.09","DisplayIDs":[{"Index":0,"Key":"819641297"}],"DynamicPowerSlider":"FALSE","GPUIDs":[{"AutoDefault":1,"Index":25088,"Key":"15BFC2140B1D05C2022.012.000.016","OD8AdvancedControl":0,"ODNComponentControl":0}],"GUID":"50C2E868DD70","View":"FALSE"},"全局设置":[{"ComponentID":4,"ComponentKey":"50C2E868DD70","Settings":[]},{"ComponentID":7,"ComponentKey":"15BFC2140B1D05C2022.012.000.016","Settings":[{"Name":"AntiAlias","Value":"1"},{"Name":"TFQ","Value":"1"},{"Name":"AntiAliasSamples","Value":"0"},{"Name":"EnableTripleBuffering","Value":"0"},{"Name":"ShaderCache","Value":"1"},{"Name":"ASD","Value":"-1"},{"Name":"SurfaceFormatReplacements","Value":"0"},{"Name":"VSyncControl","Value":"1"},{"Name":"MVPU","Value":""},{"Name":"Tessellation","Value":"64"},{"Name":"TurboSync","Value":"0"},{"Name":"AnisoType","Value":"0"},{"Name":"AnisoDegree","Value":"0"},{"Name":"MLF","Value":"0"},{"Name":"ASE","Value":"0"},{"Name":"GameMode","Value":""},{"Name":"Tessellation_OPTION","Value":"0"},{"Name":"EQAA","Value":"0"},{"Name":"ASTT","Value":"0"},{"ID":0,"Name":"Radeon™ Anti-Lag","State":0,"Value":0},{"ID":1,"Name":"Radeon™ Chill","SubSettings":[{"Name":"Toggle","Value":"0"},{"Name":"Min FPS","Value":"75"},{"Name":"Max FPS","Value":"140"}],"Value":""},{"ID":2,"Name":"Radeon™ Boost","State":0,"SubSettings":[{"Name":"MinRes","Value":"50"},{"Name":"HYPRShading","Value":"0"}],"Value":""},{"ID":3,"Name":"Radeon™ Image Sharpening","State":0,"SubSettings":[{"Name":"Radeon™ Image Sharpening","Value":"80"},{"Name":"锐化桌面","Value":"683"}],"Value":80},{"ID":7,"Name":"帧数目标控制","State":0,"Value":60},{"ID":8,"Name":"Radeon™ Super Resolution","State":0,"Value":75},{"ID":15,"Name":"AMD Fluid Motion Frames","State":0,"SubSettings":[{"Name":"Search Mode","Value":"0"},{"Name":"Performance Mode","Value":"0"}],"Value":""}]}],"向导配置文件设置":[{"ComponentID":142,"ComponentKey":"50C2E868DD70","Settings":[{"ID":142,"Name":"体验视图状态","Value":1}]},{"ComponentID":143,"ComponentKey":"50C2E868DD70","Settings":[{"ID":0,"Name":"向导配置文件","Value":3},{"ID":1,"Name":"显示向导","Value":1},{"ID":2,"Name":"向导最后一页","Value":"settings/system/"}]}],"性能设置":[{"ComponentID":157,"ComponentKey":"15BFC2140B1D05C2022.012.000.016","Settings":[{"ID":3,"Name":"UMA Carveout","State":1,"Value":1}]},{"ComponentID":90,"ComponentKey":"50C2E868DD70","Settings":[{"ID":3,"Name":"性能记录位置","Value":"C:\\Users\\23300\\AppData\\Local\\AMD\\CN"},{"ID":57,"Name":"FPS/延迟采样间隔","Value":25},{"ID":58,"Name":"硬件采样间隔","Value":100},{"ID":52,"Name":"图形显示持续时间","Value":60},{"ID":8,"Name":"FPS","Value":681},{"ID":39,"Name":"帧时间","Value":680},{"ID":53,"Name":"平均帧时间","Value":681},{"ID":40,"Name":"99th% FPS","Value":681},{"ID":42,"Name":"帧生成延迟","Value":681},{"ID":46,"Name":"渲染 API","Value":680},{"ID":43,"Name":"严重卡顿率","Value":680},{"ID":45,"Name":"轻微 Stutter Rate","Value":681},{"ID":18,"Name":"CPU UTIL","Value":681},{"ID":19,"Name":"系统内存使用率","Value":680},{"ID":31,"Name":"CPU 频率","Value":680},{"ID":32,"Name":"CPU 电压","Value":681},{"ID":33,"Name":"CPU 温度","Value":681},{"ID":34,"Name":"CPU 功率","Value":681},{"ID":35,"Name":"CPU EDC","Value":680},{"ID":36,"Name":"CPU TDC","Value":680},{"ID":5,"Name":"在记录期间隐藏指标叠加","Value":1},{"ID":6,"Name":"显示在视频/直播输出中","Value":0},{"ID":20,"Name":"启用指标叠加","Value":0},{"ID":56,"Name":"游戏指标叠加探测","Value":0},{"ID":21,"Name":"位置","Value":1},{"ID":23,"Name":"定位","Value":"40,40"},{"ID":30,"Name":"TransparencyWA","Value":1},{"ID":22,"Name":"透明度","Value":30},{"ID":25,"Name":"大小","Value":100},{"ID":55,"Name":"图形/量表尺寸","Value":100},{"ID":26,"Name":"列","Value":1},{"ID":27,"Name":"指标名称颜色","Value":0},{"ID":28,"Name":"自定义名称颜色","Value":"#F8FFFF"},{"ID":48,"Name":"指标值颜色","Value":0},{"ID":49,"Name":"自定义值颜色","Value":"#F8FFFF"},{"ID":50,"Name":"指标背景色","Value":0},{"ID":51,"Name":"自定义背景色","Value":"#000000"},{"ID":29,"Name":"显示图形仪表","Value":0},{"ID":47,"Name":"指标配置文件","Value":1}]},{"ComponentID":90,"ComponentKey":"15BFC2140B1D05C2022.012.000.016","Settings":[{"ID":9,"Name":"GPU UTIL","Value":681},{"ID":10,"Name":"GPU SCLK","Value":681},{"ID":11,"Name":"GPU MCLK","Value":681},{"ID":12,"Name":"GPU TEMP","Value":681},{"ID":15,"Name":"GPU PWR","Value":681},{"ID":17,"Name":"GPU 显存","Value":680},{"ID":44,"Name":"GPU 电压","Value":681}]}],"显示器":[{"ComponentID":152,"ComponentKey":"819641297","Settings":[{"ID":14,"Name":"显示色彩增强","SubSettings":[{"Name":"Toggle","Value":"0"},{"Name":"ContrastValue","Value":"5"}],"Value":""},{"ID":15,"Name":"色觉障碍校正","Value":0},{"ID":16,"Name":"红色盲","Value":10},{"ID":18,"Name":"蓝色盲","Value":0},{"ID":17,"Name":"绿色盲","Value":0}]},{"ComponentID":31,"ComponentKey":"819641297","Settings":[{"Name":"Virtual Super Resolution","Value":0}]},{"ComponentID":33,"ComponentKey":"819641297","Settings":[{"ID":10,"Name":"AMD FreeSync","Value":1}]},{"ComponentID":35,"ComponentKey":"819641297","Settings":[{"ID":9,"Name":"GPU 缩放","Value":0},{"ID":11,"Name":"缩放模式","Value":0}]},{"ComponentID":46,"ComponentKey":"819641297","Settings":[{"ID":2,"Name":"Vari-Bright","State":1,"Value":4}]},{"ComponentID":60,"ComponentKey":"819641297","Settings":[{"ID":0,"Name":"色调","Value":0},{"ID":1,"Name":"饱和度","Value":100},{"ID":2,"Name":"亮度","Value":0},{"ID":3,"Name":"对比度","Value":100},{"ID":4,"Name":"色温","State":1,"Value":6500}]}],"智能设置":[{"ComponentID":190,"ComponentKey":"50C2E868DD70","Settings":[{"ID":0,"Name":"AMD Assistant","Value":0}]}],"热键设置":[{"ComponentID":93,"ComponentKey":"50C2E868DD70","Settings":[{"ID":9999,"Name":"使用快捷键","State":1,"Value":""},{"ID":10000,"Name":"使用显示热键","State":0,"Value":""},{"ID":2,"Name":"打开边栏","Value":"Alt,Z"},{"ID":12,"Name":"打开全屏","Value":"Alt,R"},{"ID":13,"Name":"切换性能记录","Value":"Ctrl+Alt,L"},{"ID":14,"Name":"切换性能叠加","Value":"Ctrl+Shift,O"},{"ID":15,"Name":"切换 Radeon™ Anti-Lag","Value":"Alt,L"},{"ID":16,"Name":"切换 Radeon™ Boost","Value":"Alt,K"},{"ID":17,"Name":"切换 Radeon™ Anti-Lag/Boost 指示器","Value":"Shift+Alt,L"},{"ID":18,"Name":"切换 Radeon™ Chill","Value":"Alt,VK_F11"},{"ID":19,"Name":"切换 Radeon™ Super Resolution","Value":"Alt,U"},{"ID":20,"Name":"切换 AMD Fluid Motion Frames 2.1","Value":"Alt+Shift,G"},{"ID":32,"Name":"将屏幕旋转 0 度","Value":"Ctrl+Alt,VK_UP"},{"ID":33,"Name":"将屏幕逆时针旋转 90 度","Value":"Ctrl+Alt,VK_LEFT"},{"ID":34,"Name":"将屏幕旋转 180 度","Value":"Ctrl+Alt,VK_DOWN"},{"ID":35,"Name":"将屏幕顺时针旋转 90 度","Value":"Ctrl+Alt,VK_RIGHT"},{"ID":36,"Name":"切换性能叠加配置文件","Value":"Ctrl+Shift,X"}]}],"系统设置":[{"ComponentID":15,"ComponentKey":"50C2E868DD70","Settings":[{"ID":0,"Name":"问题检测","State":1,"Value":""}]}],"视频设置":[{"ComponentID":6,"ComponentKey":"15BFC2140B1D05C2022.012.000.016","Settings":[{"ID":4,"Name":"自定义亮度","Value":0},{"ID":0,"Name":"启用视频配置文件","State":0,"Value":""},{"ID":1,"Name":"视频配置文件","Value":0}]}],"音频设置":[{"ComponentID":169,"ComponentKey":"50C2E868DD70","Settings":[{"ID":1,"Name":"AMD Audio Noise Suppression","State":0,"Value":""},{"ID":2,"Name":"输入设备","Value":""},{"ID":3,"Name":"输出设备","Value":""},{"ID":4,"Name":"处理器选择","Value":0}]}],"首选项设置":[{"ComponentID":57,"ComponentKey":"50C2E868DD70","Settings":[{"ID":2,"Name":"系统托盘菜单","State":0,"Value":""},{"ID":4,"Name":"广告","State":1,"Value":""},{"ID":8,"Name":"Toast 通知","State":1,"Value":""},{"ID":6,"Name":"始终在最上面","State":0,"Value":""},{"ID":5,"Name":"语言","State":20,"Value":""},{"ID":7,"Name":"边栏位置","State":0,"Value":""},{"ID":11,"Name":"Web 浏览器","State":0,"Value":""},{"ID":10,"Name":"动画和效果","State":1,"Value":""},{"ID":12,"Name":"游戏调整追踪和通知","State":1,"Value":""},{"ID":13,"Name":"功能帮助和教程","State":1,"Value":""}]}]}