[
  {
    "author": "",
    "bookUrl": "https://m.mhkami.com/book/45536/",
    "canUpdate": true,
    "coverUrl": "https://pic.yydsmh.com/man8/121510/cover.jpg",
    "durChapterIndex": 83,
    "durChapterPos": 0,
    "durChapterTime": 1731404236563,
    "durChapterTitle": "82 不动如山",
    "group": 0,
    "intro": "",
    "kind": "其它",
    "lastCheckCount": 1,
    "lastCheckTime": 1765557222417,
    "latestChapterTime": 1756730474115,
    "latestChapterTitle": "121 梦中斗法①",
    "name": "午时三刻",
    "order": -2,
    "origin": "https://m.mhkami.com",
    "originName": "🌠 漫神",
    "originOrder": 5140,
    "readConfig": {
      "dailyChapters": 3,
      "delTag": 0,
      "reSegment": false,
      "readSimulating": false,
      "reverseToc": false,
      "splitLongChapter": true
    },
    "syncTime": 1731404236748,
    "tocUrl": "https://m.mhkami.com/book/45536/",
    "totalChapterNum": 123,
    "type": 80,
    "wordCount": ""
  },
  {
    "author": "",
    "bookUrl": "https://m.mhkami.com/book/4327/",
    "canUpdate": true,
    "coverUrl": "https://pic.tmsmh.com/picbed/ohmanhua/cover/co15896.png",
    "customCoverUrl": "https://p6.ecombdimg.com/tos-cn-i-scl3phc04j/0156779168db4208b6af715706d69294~tplv-scl3phc04j-image.jpeg",
    "customIntro": "",
    "durChapterIndex": 10,
    "durChapterPos": 19,
    "durChapterTime": 1738060328494,
    "durChapterTitle": "第四回 千年两面 下",
    "group": 0,
    "intro": "",
    "kind": "玄幻,冒险",
    "lastCheckCount": 1,
    "lastCheckTime": 1765557221016,
    "latestChapterTime": 1763868670605,
    "latestChapterTitle": "第一百六十五回：日月同错",
    "name": "日月同错",
    "order": -3,
    "origin": "https://m.mhkami.com",
    "originName": "🌠 漫神",
    "originOrder": 5140,
    "readConfig": {
      "dailyChapters": 3,
      "delTag": 0,
      "reSegment": false,
      "readSimulating": false,
      "reverseToc": false,
      "splitLongChapter": true
    },
    "syncTime": 1738060328735,
    "tocUrl": "https://m.mhkami.com/book/4327/",
    "totalChapterNum": 318,
    "type": 80,
    "wordCount": ""
  },
  {
    "author": "",
    "bookUrl": "https://m.mhkami.com/book/3646/",
    "canUpdate": true,
    "coverUrl": "https://pic.tmsmh.com/picbed/ohmanhua/cover/co14401.png",
    "customCoverUrl": "https://pic.tiaomans.xyz/picbed/ohmanhua/cover/co14401.png,{\"headers\":\"{\\\"Referer\\\":\\\"https://yemancomic.com\\\"}\"}",
    "durChapterIndex": 0,
    "durChapterPos": 0,
    "durChapterTime": 1722592825103,
    "durChapterTitle": "1 第一回",
    "group": 0,
    "intro": "",
    "kind": "玄幻,古风",
    "lastCheckCount": 3,
    "lastCheckTime": 1765557221129,
    "latestChapterTime": 1763868669862,
    "latestChapterTitle": "第152话 兄妹识海相见 论兽灾大祸",
    "name": "步天歌",
    "order": -4,
    "origin": "https://m.mhkami.com",
    "originName": "🌠 漫神",
    "originOrder": 5140,
    "readConfig": {
      "dailyChapters": 3,
      "delTag": 0,
      "reSegment": false,
      "readSimulating": false,
      "reverseToc": false,
      "splitLongChapter": true
    },
    "syncTime": 1722592825180,
    "tocUrl": "https://m.mhkami.com/book/3646/",
    "totalChapterNum": 175,
    "type": 80,
    "wordCount": ""
  },
  {
    "author": "",
    "bookUrl": "https://m.mhkami.com/book/29/",
    "canUpdate": true,
    "coverUrl": "https://pic.tmsmh.com/picbed/ohmanhua/cover/co10123.png",
    "customCoverUrl": "https://oss.mkzcdn.com/comic/cover/20181206/5c0888b6959f2-600x800.jpg!cover-400",
    "durChapterIndex": 0,
    "durChapterPos": 45,
    "durChapterTime": 1722688089268,
    "durChapterTitle": "第1话 快乐小女佣",
    "group": 0,
    "intro": "",
    "kind": "热血,玄幻",
    "lastCheckCount": 0,
    "lastCheckTime": 1765557220907,
    "latestChapterTime": 1716823058807,
    "latestChapterTitle": "番外2 偷星九月天少年版",
    "name": "偷星九月天",
    "order": -5,
    "origin": "https://m.mhkami.com",
    "originName": "🌠 漫神",
    "originOrder": 5140,
    "readConfig": {
      "dailyChapters": 3,
      "delTag": 0,
      "reSegment": false,
      "readSimulating": false,
      "reverseToc": false,
      "splitLongChapter": true
    },
    "syncTime": 1722688089081,
    "tocUrl": "https://m.mhkami.com/book/29/",
    "totalChapterNum": 461,
    "type": 80,
    "wordCount": ""
  },
  {
    "author": "",
    "bookUrl": "https://m.mhkami.com/book/657/",
    "canUpdate": true,
    "coverUrl": "https://pic.piuqiupia.com/picbed/ohmanhua/cover/co11023.png",
    "customCoverUrl": "https://pic.tiaomans.xyz/picbed/ohmanhua/cover/co11023.png,{\"headers\":\"{\\\"Referer\\\":\\\"https://yemancomic.com\\\"}\"}",
    "durChapterIndex": 0,
    "durChapterPos": 0,
    "durChapterTime": 1722592826546,
    "durChapterTitle": "第1话 人物简介",
    "group": 0,
    "intro": "",
    "kind": "搞笑,恋爱",
    "lastCheckCount": 0,
    "lastCheckTime": 1765557221028,
    "latestChapterTime": 1718203896969,
    "latestChapterTitle": "第90话 最终话：“巢”人随变",
    "name": "爱情公寓漫画版",
    "order": -9,
    "origin": "https://m.mhkami.com",
    "originName": "🌠 漫神",
    "originOrder": 1548,
    "readConfig": {
      "dailyChapters": 3,
      "delTag": 0,
      "reSegment": false,
      "readSimulating": false,
      "reverseToc": false,
      "splitLongChapter": true
    },
    "syncTime": 1722592827013,
    "tocUrl": "https://m.mhkami.com/book/657/",
    "totalChapterNum": 91,
    "type": 80,
    "wordCount": ""
  },
  {
    "author": "",
    "bookUrl": "https://m.mhkami.com/book/98/",
    "canUpdate": true,
    "coverUrl": "https://pic.piuqiupia.com/picbed/ohmanhua/cover/co10283.png",
    "customCoverUrl": "https://manhua.acimg.cn/vertical/0/20_15_33_8580b9f229027ed5ddb469004dad5a60_1618904002938.jpg/210",
    "durChapterIndex": 7,
    "durChapterPos": 25,
    "durChapterTime": 1721986008377,
    "durChapterTitle": "第8集",
    "group": 0,
    "intro": "",
    "kind": "恐怖,爆笑",
    "lastCheckCount": 3,
    "lastCheckTime": 1765557221429,
    "latestChapterTime": 1738044783206,
    "latestChapterTitle": "2025新年快乐",
    "name": "尸兄（我叫白小飞）",
    "order": -10,
    "origin": "https://m.mhkami.com",
    "originName": "🌠 漫神",
    "originOrder": 1548,
    "readConfig": {
      "dailyChapters": 3,
      "delTag": 0,
      "reSegment": false,
      "readSimulating": false,
      "reverseToc": false,
      "splitLongChapter": true
    },
    "syncTime": 1721986008633,
    "tocUrl": "https://m.mhkami.com/book/98/",
    "totalChapterNum": 524,
    "type": 80,
    "wordCount": ""
  },
  {
    "author": "",
    "bookUrl": "https://m.mhkami.com/book/460/",
    "canUpdate": true,
    "coverUrl": "https://pic.piuqiupia.com/picbed/ohmanhua/cover/co10847.png",
    "customCoverUrl": "https://manhua.acimg.cn/vertical/0/19_10_30_c7642d19f31d44b94966b371046b76f0_1537324246626.jpg/210",
    "durChapterIndex": 0,
    "durChapterPos": 0,
    "durChapterTime": 1722592831665,
    "durChapterTitle": "人设和背景",
    "group": 0,
    "intro": "",
    "kind": "战争,热血",
    "lastCheckCount": 4,
    "lastCheckTime": 1765557222875,
    "latestChapterTime": 1748944677928,
    "latestChapterTitle": "第一二二话下 天之道 人之道",
    "name": "镖人",
    "order": -11,
    "origin": "https://m.mhkami.com",
    "originName": "🌠 漫神",
    "originOrder": 1548,
    "readConfig": {
      "dailyChapters": 3,
      "delTag": 0,
      "reSegment": false,
      "readSimulating": false,
      "reverseToc": false,
      "splitLongChapter": true
    },
    "syncTime": 1722592831819,
    "tocUrl": "https://m.mhkami.com/book/460/",
    "totalChapterNum": 246,
    "type": 80,
    "wordCount": ""
  },
  {
    "author": "",
    "bookUrl": "https://m.mhkami.com/book/228/",
    "canUpdate": true,
    "coverUrl": "https://pic.piuqiupia.com/picbed/ohmanhua/cover/co10449.png",
    "customCoverUrl": "https://p6.ecombdimg.com/tos-cn-i-scl3phc04j/9dfcdeb188514e7780ddccdead9ca738~tplv-scl3phc04j-image.jpeg",
    "durChapterIndex": 1,
    "durChapterPos": 30,
    "durChapterTime": 1721281698474,
    "durChapterTitle": "1 第1拳 一拳",
    "group": 0,
    "intro": "",
    "kind": "热血,搞笑",
    "lastCheckCount": 6,
    "lastCheckTime": 1765557222165,
    "latestChapterTime": 1762699948378,
    "latestChapterTitle": "重制版35卷② 最不能碰见的家伙",
    "name": "一拳超人",
    "order": -15,
    "origin": "https://m.mhkami.com",
    "originName": "🌠 漫神",
    "originOrder": 1548,
    "readConfig": {
      "dailyChapters": 3,
      "delTag": 0,
      "reSegment": false,
      "readSimulating": false,
      "reverseToc": false,
      "splitLongChapter": true
    },
    "syncTime": 1721281698601,
    "tocUrl": "https://m.mhkami.com/book/228/",
    "totalChapterNum": 339,
    "type": 80,
    "wordCount": ""
  },
  {
    "author": "",
    "bookUrl": "https://m.mhkami.com/book/1967/",
    "canUpdate": true,
    "coverUrl": "https://pic.piuqiupia.com/picbed/ohmanhua/cover/co12531.png",
    "customCoverUrl": "https://p6.ecombdimg.com/tos-cn-i-scl3phc04j/c9dc112c27624663ba3f5bc2e118e72a~tplv-scl3phc04j-image.jpeg",
    "durChapterIndex": 0,
    "durChapterPos": 0,
    "durChapterTime": 1722592828934,
    "durChapterTitle": "第1话 漩涡博人！",
    "group": 0,
    "intro": "",
    "kind": "热血,励志",
    "lastCheckCount": 2,
    "lastCheckTime": 1765557221906,
    "latestChapterTime": 1761384830216,
    "latestChapterTitle": "TBW27话 互相残杀",
    "name": "博人传-火影次世代-",
    "order": -16,
    "origin": "https://m.mhkami.com",
    "originName": "🌠 漫神",
    "originOrder": 1548,
    "readConfig": {
      "dailyChapters": 3,
      "delTag": 0,
      "imageStyle": "FULL",
      "reSegment": false,
      "readSimulating": false,
      "reverseToc": false,
      "splitLongChapter": true
    },
    "syncTime": 1722592829117,
    "tocUrl": "https://m.mhkami.com/book/1967/",
    "totalChapterNum": 108,
    "type": 80,
    "wordCount": ""
  },
  {
    "author": "ONE,小学馆",
    "bookUrl": "https://m.gufengmh9.com/manhua/lingnengbaifenbai/",
    "canUpdate": true,
    "coverUrl": "https://res1.xiaoqinre.com/images/cover/201804/15238530680hHz5k9O111E1xT3.jpg,{\"headers\":\"{\\\"Referer\\\":\\\"https://m.gufengmh9.com/search/?keywords=%E7%81%B5%E8%83%BD%E7%99%BE%E5%88%86%E7%99%BE\\\"}\"}",
    "durChapterIndex": 0,
    "durChapterPos": 44,
    "durChapterTime": 1718271370011,
    "durChapterTitle": "001 自称灵能力者 灵幻新隆",
    "group": 0,
    "intro": "简介：【灵能正篇+师匠外传, 足本放送！】总觉得自己一无是处，但却拥有超能力的少年，昵称——龙套。因为想过普通的生活而封印了超能力的他，在代表感情的数字达到100%后，就会……！漫画家ONE倾情描绘的，充满欢笑、泪水以及意想不到的……战斗的每一天，就此开幕！",
    "kind": "少年漫画",
    "lastCheckCount": 0,
    "lastCheckTime": 1732660030228,
    "latestChapterTime": 1718271314369,
    "latestChapterTitle": "外传7 REIGEN",
    "name": "灵能百分百",
    "order": -17,
    "origin": "https://m.gufengmh8.com#♤Haxc",
    "originName": "🎨 古风漫画",
    "originOrder": 1228,
    "readConfig": {
      "dailyChapters": 3,
      "delTag": 0,
      "pageAnim": 3,
      "reSegment": false,
      "readSimulating": false,
      "reverseToc": false,
      "splitLongChapter": true
    },
    "syncTime": 0,
    "tocUrl": "https://m.gufengmh9.com/manhua/lingnengbaifenbai/",
    "totalChapterNum": 123,
    "type": 24,
    "wordCount": ""
  },
  {
    "author": "",
    "bookUrl": "https://m.mhkami.com/book/110/",
    "canUpdate": true,
    "coverUrl": "https://pic.piuqiupia.com/picbed/ohmanhua/cover/co10262.png",
    "customCoverUrl": "https://imges.tupian.my/ppmh/3843/3843.jpg",
    "durChapterIndex": 148,
    "durChapterPos": 0,
    "durChapterTime": 1719720961871,
    "durChapterTitle": "143,我大东关之心！",
    "group": 0,
    "intro": "",
    "kind": "玄幻,都市",
    "lastCheckCount": 2,
    "lastCheckTime": 1765557222518,
    "latestChapterTime": 1739624332878,
    "latestChapterTitle": "第762话 完结感言",
    "name": "王牌御史",
    "order": -18,
    "origin": "https://m.mhkami.com",
    "originName": "🌠 漫神",
    "originOrder": 1548,
    "readConfig": {
      "dailyChapters": 3,
      "delTag": 0,
      "reSegment": false,
      "readSimulating": false,
      "reverseToc": false,
      "splitLongChapter": true
    },
    "syncTime": 0,
    "tocUrl": "https://m.mhkami.com/book/110/",
    "totalChapterNum": 798,
    "type": 80,
    "wordCount": ""
  },
  {
    "author": "糖人家",
    "bookUrl": "https://cn.baozimh.com/comic/yaoguaimingdan-tangrenjia",
    "canUpdate": true,
    "coverUrl": "https://static-tw.baozimh.com/cover/yaoguaimingdan-tangrenjia.jpg?w=285&h=375&q=100",
    "customCoverUrl": "https://kkimgs.yisou.com/ims?kt=url&at=ori&key=aHR0cHM6Ly9zczAuYmFpZHUuY29tLzk0bzNkU2FnX3hJNGtoR2tvOVdUQW5GNmhoeS96aGlkYW8vcGljL2l0ZW0vMDYwODI4MzgxZjMwZTkyNGU4ZTY2YWMxNDQwODZlMDYxYzk1Zjc4NC5qcGc=&sign=yx:EIN3V-uKpp8foZRd1BbK4WK3q0M=&tv=0_0",
    "customIntro": "魅惑众生的九尾狐狸？吸人精气的合欢树妖？道家妹子求双修，仙家女神若即离。游走在这些危险分子中间可不是容易的事情。但为了世界和平，少年封夕豁出去啦！每周尽力更新！实在画不完随时盯着更新吧~作品群：9206702，595274283，713425461，377844535。欢迎进群讨论~",
    "durChapterIndex": 0,
    "durChapterPos": 25,
    "durChapterTime": 1736556335800,
    "durChapterTitle": "1.精气",
    "group": 0,
    "intro": "魅惑众生的九尾狐狸？吸人精气的合欢树妖？道家妹子求双修，仙家女神若即离。游走在这些危险分子中间可不是容易的事情。但为了世界和平，少年封夕豁出去啦！每周尽力更新！实在画不完随时盯着更新吧~作品群：9206702，595274283，713425461，377844535。欢迎进群讨论~",
    "kind": "连载中 国漫 恋爱 后宫",
    "lastCheckCount": 0,
    "lastCheckTime": 1742688409013,
    "latestChapterTime": 1730434701993,
    "latestChapterTitle": "571 548.和平共处",
    "name": "妖怪名单",
    "order": -19,
    "origin": "https://cn.baozimh.com/",
    "originName": "包子漫画",
    "originOrder": 1645,
    "readConfig": {
      "dailyChapters": 3,
      "delTag": 0,
      "pageAnim": 3,
      "reSegment": false,
      "readSimulating": false,
      "reverseToc": false,
      "splitLongChapter": true
    },
    "syncTime": 1736556335881,
    "tocUrl": "https://cn.baozimh.com/comic/yaoguaimingdan-tangrenjia",
    "totalChapterNum": 570,
    "type": 80,
    "wordCount": ""
  },
  {
    "author": "小新",
    "bookUrl": "https://m.gufengmh9.com/manhua/huyaoxiaohongniang/",
    "canUpdate": true,
    "coverUrl": "https://res1.xiaoqinre.com/images/cover/201807/1530974703dgMcaLte-RagYVYT.jpg,{\"headers\":\"{\\\"Referer\\\":\\\"https://m.gufengmh9.com/search/?keywords=%E7%8B%90%E5%A6%96%E5%B0%8F%E7%BA%A2%E5%A8%98\\\"}\"}",
    "durChapterIndex": 0,
    "durChapterPos": 0,
    "durChapterTime": 1718272269035,
    "durChapterTitle": "001",
    "group": 0,
    "intro": "简介：迷糊萝莉小狐妖，正太道士没节操。自古人妖生死恋，千载孽缘一线牵！（注：现在起狐妖暂时改为周更，每周周三更新。）",
    "kind": "少年漫画",
    "lastCheckCount": 2,
    "lastCheckTime": 1732777071313,
    "latestChapterTime": 1725335128529,
    "latestChapterTitle": "总588·那时候我还不懂",
    "name": "狐妖小红娘",
    "order": -21,
    "origin": "https://m.gufengmh8.com#♤Haxc",
    "originName": "🎨 古风漫画",
    "originOrder": 1228,
    "readConfig": {
      "dailyChapters": 3,
      "delTag": 0,
      "pageAnim": 3,
      "reSegment": false,
      "readSimulating": false,
      "reverseToc": false,
      "splitLongChapter": true
    },
    "syncTime": 0,
    "tocUrl": "https://m.gufengmh9.com/manhua/huyaoxiaohongniang/",
    "totalChapterNum": 1930,
    "type": 24,
    "wordCount": ""
  },
  {
    "author": "",
    "bookUrl": "https://m.mhkami.com/book/8433/",
    "canUpdate": true,
    "coverUrl": "https://pic.piuqiupia.com/picbed/CPMH/tianmijiayuan/971d2313-b023-11eb-af00-024352452ce0.jpg",
    "customCoverUrl": "https://pic.tiaomans.xyz/picbed/CPMH/tianmijiayuan/971d2313-b023-11eb-af00-024352452ce0.jpg,{\"headers\":\"{\\\"Referer\\\":\\\"https://yemancomic.com\\\"}\"}",
    "durChapterIndex": 138,
    "durChapterPos": 552,
    "durChapterTime": 1721281567373,
    "durChapterTitle": "第139话",
    "group": 0,
    "intro": "",
    "kind": "悬疑",
    "lastCheckCount": 0,
    "lastCheckTime": 1765557222983,
    "latestChapterTime": 1718395362727,
    "latestChapterTitle": "第139话",
    "name": "甜蜜家园（sweet home）~",
    "order": -24,
    "origin": "https://m.mhkami.com",
    "originName": "🌠 漫神",
    "originOrder": -1,
    "readConfig": {
      "dailyChapters": 3,
      "delTag": 0,
      "reSegment": false,
      "readSimulating": false,
      "reverseToc": false,
      "splitLongChapter": true
    },
    "syncTime": 1721281567501,
    "tocUrl": "https://m.mhkami.com/book/8433/",
    "totalChapterNum": 139,
    "type": 80,
    "wordCount": ""
  },
  {
    "author": "",
    "bookUrl": "https://m.mhkami.com/book/52383/",
    "canUpdate": true,
    "coverUrl": "https://pic.yydsmh.com/manwa/cover/be69d3da6364f6fde57166573f89f90e.jpg",
    "durChapterIndex": 23,
    "durChapterPos": 0,
    "durChapterTime": 1724601075738,
    "durChapterTitle": "023 理想之地",
    "group": 0,
    "intro": "",
    "kind": "现代",
    "lastCheckCount": 2,
    "lastCheckTime": 1765557222535,
    "latestChapterTime": 1752766903500,
    "latestChapterTitle": "053 对手",
    "name": "时光代理人",
    "order": -25,
    "origin": "https://m.mhkami.com",
    "originName": "🌠 漫神",
    "originOrder": -1,
    "readConfig": {
      "dailyChapters": 3,
      "delTag": 0,
      "reSegment": false,
      "readSimulating": false,
      "reverseToc": false,
      "splitLongChapter": true
    },
    "syncTime": 1724601075842,
    "tocUrl": "https://m.mhkami.com/book/52383/",
    "totalChapterNum": 55,
    "type": 80,
    "wordCount": ""
  },
  {
    "author": "",
    "bookUrl": "https://m.mhkami.com/book/43196/",
    "canUpdate": true,
    "coverUrl": "https://pic.yydsmh.com/man8/117211/cover.jpg",
    "durChapterIndex": 71,
    "durChapterPos": 59,
    "durChapterTime": 1731404232369,
    "durChapterTitle": "65.了不起的一剑",
    "group": 0,
    "intro": "",
    "kind": "搞笑",
    "lastCheckCount": 0,
    "lastCheckTime": 1765557223128,
    "latestChapterTime": 1719379024369,
    "latestChapterTitle": "65.了不起的一剑",
    "name": "一人之下番外·锈铁",
    "order": -27,
    "origin": "https://m.mhkami.com",
    "originName": "🌠 漫神",
    "originOrder": -1,
    "readConfig": {
      "dailyChapters": 3,
      "delTag": 0,
      "imageStyle": "FULL",
      "reSegment": false,
      "readSimulating": false,
      "reverseToc": false,
      "splitLongChapter": true
    },
    "syncTime": 1731404232464,
    "tocUrl": "https://m.mhkami.com/book/43196/",
    "totalChapterNum": 72,
    "type": 80,
    "wordCount": ""
  },
  {
    "author": "好传动画",
    "bookUrl": "https://www.mkzhan.com/214353/",
    "canUpdate": true,
    "coverUrl": "https://oss.mkzcdn.com/comic/cover/20190428/5cc56270df71a-750x999.jpg!cover-400",
    "durChapterIndex": 363,
    "durChapterPos": 27,
    "durChapterTime": 1721281627755,
    "durChapterTitle": "第286话",
    "group": 0,
    "intro": "　　武周年间，一介贫民陈拾只身来到洛阳寻找哥哥，阴差阳错下成为大理寺少卿的随身书吏。而这位少卿大人是一只会说人话的大白猫，陈拾也成为名副其实的“猫奴”，他也由此结识了各色各样的大理寺公务员，与少卿大人谱写了一连串的奇闻异事。",
    "kind": "搞笑,生活,连载",
    "lastCheckCount": 0,
    "lastCheckTime": 1765689672097,
    "latestChapterTime": 1719394996108,
    "latestChapterTitle": "第286话",
    "name": "大理寺日志",
    "order": -12,
    "origin": "https://www.mkzhan.com#yc1101",
    "originName": "㊣✐ 漫客栈  #一程",
    "originOrder": 181,
    "readConfig": {
      "dailyChapters": 3,
      "delTag": 0,
      "imageStyle": "FULL",
      "pageAnim": 3,
      "reSegment": false,
      "readSimulating": false,
      "reverseToc": false,
      "splitLongChapter": true,
      "useReplaceRule": true
    },
    "syncTime": 1721281627868,
    "tocUrl": "https://www.mkzhan.com/214353/",
    "totalChapterNum": 364,
    "type": 8,
    "wordCount": "2023.04.07"
  },
  {
    "author": "",
    "bookUrl": "https://m.mhkami.com/book/5084/",
    "canUpdate": true,
    "coverUrl": "https://pic.piuqiupia.com/picbed/ohmanhua/cover/co17293.png",
    "customCoverUrl": "https://p6.ecombdimg.com/tos-cn-i-scl3phc04j/5be6f5dbb3f242f4b1fae0cd9721a2b8~tplv-scl3phc04j-image.jpeg",
    "durChapterIndex": 0,
    "durChapterPos": 0,
    "durChapterTime": 1722592814086,
    "durChapterTitle": "第1话",
    "group": 0,
    "intro": "",
    "kind": "魔法",
    "lastCheckCount": 0,
    "lastCheckTime": 1765182754546,
    "latestChapterTime": 1719497835603,
    "latestChapterTitle": "第161话 马修·班迪德与神觉者",
    "name": "物理魔法使马修",
    "order": -26,
    "origin": "https://m.mhkami.com",
    "originName": "🌠 漫神",
    "originOrder": 0,
    "readConfig": {
      "dailyChapters": 3,
      "delTag": 0,
      "reSegment": false,
      "readSimulating": false,
      "reverseToc": false,
      "splitLongChapter": true
    },
    "syncTime": 1722592814251,
    "tocUrl": "https://m.mhkami.com/book/5084/",
    "totalChapterNum": 161,
    "type": 80,
    "wordCount": ""
  },
  {
    "author": "",
    "bookUrl": "https://m.mhkami.com/book/3598/",
    "canUpdate": true,
    "coverUrl": "https://pic.piuqiupia.com/picbed/ohmanhua/cover/co14311.png",
    "customCoverUrl": "https://p6.ecombdimg.com/tos-cn-i-scl3phc04j/e7971fd133a446aaa83c2625a6039059~tplv-scl3phc04j-image.jpeg",
    "durChapterIndex": 0,
    "durChapterPos": 12,
    "durChapterTime": 1720172363434,
    "durChapterTitle": "第1话 GFhouse",
    "group": 0,
    "intro": "",
    "kind": "科幻,悬疑",
    "lastCheckCount": 0,
    "lastCheckTime": 1765182754589,
    "latestChapterTime": 1720172115118,
    "latestChapterTitle": "特别短篇",
    "name": "约定的梦幻岛",
    "order": -30,
    "origin": "https://m.mhkami.com",
    "originName": "🌠 漫神",
    "originOrder": 0,
    "readConfig": {
      "dailyChapters": 3,
      "delTag": 0,
      "reSegment": false,
      "readSimulating": false,
      "reverseToc": false,
      "splitLongChapter": true
    },
    "syncTime": 0,
    "tocUrl": "https://m.mhkami.com/book/3598/",
    "totalChapterNum": 185,
    "type": 80,
    "wordCount": ""
  },
  {
    "author": "",
    "bookUrl": "https://m.mhkami.com/book/3681/",
    "canUpdate": true,
    "coverUrl": "https://pic.piuqiupia.com/picbed/ohmanhua/cover/co14424.png",
    "customCoverUrl": "https://pic.tiaomans.xyz/picbed/ohmanhua/cover/co14424.png,{\"headers\":\"{\\\"Referer\\\":\\\"https://yemancomic.com\\\"}\"}",
    "durChapterIndex": 0,
    "durChapterPos": 37,
    "durChapterTime": 1720172349424,
    "durChapterTitle": "外传 Reboot：百夜 Z=1 人类的支援",
    "group": 0,
    "intro": "",
    "kind": "科幻,热血",
    "lastCheckCount": 0,
    "lastCheckTime": 1765182754739,
    "latestChapterTime": 1720172173061,
    "latestChapterTitle": "232 Dr.STONE",
    "name": "石纪元（Dr.Stone）",
    "order": -31,
    "origin": "https://m.mhkami.com",
    "originName": "🌠 漫神",
    "originOrder": 0,
    "readConfig": {
      "dailyChapters": 3,
      "delTag": 0,
      "reSegment": false,
      "readSimulating": false,
      "reverseToc": false,
      "splitLongChapter": true
    },
    "syncTime": 0,
    "tocUrl": "https://m.mhkami.com/book/3681/",
    "totalChapterNum": 242,
    "type": 80,
    "wordCount": ""
  },
  {
    "author": "",
    "bookUrl": "https://m.mhkami.com/book/3645/",
    "canUpdate": true,
    "coverUrl": "https://pic.piuqiupia.com/picbed/ohmanhua/cover/co14399.png",
    "customCoverUrl": "https://pic.tiaomans.xyz/picbed/ohmanhua/cover/co14399.png,{\"headers\":\"{\\\"Referer\\\":\\\"https://yemancomic.com\\\"}\"}",
    "durChapterIndex": 125,
    "durChapterPos": 49,
    "durChapterTime": 1724601094007,
    "durChapterTitle": "121 攻否",
    "group": 0,
    "intro": "",
    "kind": "搞笑,古风",
    "lastCheckCount": 5,
    "lastCheckTime": 1765182754487,
    "latestChapterTime": 1755970052007,
    "latestChapterTitle": "132 圣女",
    "name": "罗小黑战记·蓝溪镇",
    "order": -8,
    "origin": "https://m.mhkami.com",
    "originName": "🌠 漫神",
    "originOrder": 0,
    "readConfig": {
      "dailyChapters": 3,
      "delTag": 0,
      "imageStyle": "FULL",
      "reSegment": false,
      "readSimulating": false,
      "reverseToc": false,
      "splitLongChapter": true
    },
    "syncTime": 1724601094132,
    "tocUrl": "https://m.mhkami.com/book/3645/",
    "totalChapterNum": 137,
    "type": 80,
    "wordCount": ""
  },
  {
    "author": "（清）曹雪芹，高鹗",
    "bookUrl": "https://readbook-service-freebook.cread.com/cx/bookDetailYS?bookid=246037",
    "canUpdate": true,
    "coverUrl": "http://images-pro.cread.com/211/images/246037.jpg",
    "durChapterIndex": 0,
    "durChapterPos": 1558,
    "durChapterTime": 1731401934069,
    "durChapterTitle": "第一回 甄士隐梦幻识通灵 贾雨村风尘怀闺秀",
    "group": 0,
    "intro": "小说以贾、史、王、薛四大家族的兴衰为背景，以贾府的家庭琐事、闺阁闲情为脉络，以贾宝玉、林黛玉、薛宝钗的爱情婚姻故事为主线，刻画了以贾宝玉和金陵十二钗为中心的正邪两赋有情人的人性美和悲剧美。通过家族悲剧、女儿悲剧及主人公的人生悲剧，揭示出封建末世的危机。",
    "kind": "名著",
    "lastCheckCount": 0,
    "lastCheckTime": 1765689666289,
    "latestChapterTime": 1721291965551,
    "latestChapterTitle": "第一百二十回 甄士隐详说太虚情  贾雨村归结红楼梦",
    "name": "红楼梦",
    "order": -33,
    "origin": "https://cxb-pro.cread.com#Haxc",
    "originName": "🔖爱看书🅰🔓",
    "originOrder": 1044,
    "readConfig": {
      "dailyChapters": 3,
      "delTag": 0,
      "reSegment": false,
      "readSimulating": false,
      "reverseToc": false,
      "splitLongChapter": true
    },
    "syncTime": 1731401934169,
    "tocUrl": "https://cxb-pro.cread.com/cx/itf/getvolume?bookId=246037",
    "totalChapterNum": 119,
    "type": 8,
    "variable": "{\n  \"bookid\": \"246037\"\n}",
    "wordCount": "86.1万字"
  },
  {
    "author": "DENGANG",
    "bookUrl": "https://cn.webmota.com/comic/qumolu-dengang",
    "canUpdate": true,
    "coverUrl": "https://static-tw.baozimh.com/cover/qumolu-dengang.jpg?w=285&h=375&q=100",
    "durChapterIndex": 206,
    "durChapterPos": 0,
    "durChapterTime": 1728307346593,
    "durChapterTitle": "206 两位还是老样子",
    "group": 0,
    "intro": "《驱魔录》 是以《西游记》为创作基础，讲述江流儿师徒四人作为驱魔师，而非取经得法的奇遇漫画。作者对于西游记的解读可以归为伸张正义，只为小善，不畏权势，自由不羁。途中师徒四人志同道合走到一起，降妖除魔，从白骨精，海妖，九头虫，到青师白象大鹏，盘丝洞百目魔君的决一死战等，都是为了一方安危伸张正义，而并非取经所需磨难。 同时对于取经人和驱魔人的意义也做出了回应，即大成渺茫无际，小成踏实实在，师徒四人选择了后者，《驱魔录》中江流儿也多次对佛祖说：“我就是个挂单的和尚”，道不同不相为谋而已。\"",
    "kind": "连载中 国漫 冒险,连载中,国漫,冒险",
    "lastCheckCount": 1,
    "lastCheckTime": 1765689668254,
    "latestChapterTime": 1730903122306,
    "latestChapterTitle": "362 枉费一番好意",
    "name": "驱魔录",
    "order": -14,
    "origin": "https://cn.webmota.com",
    "originName": "包子漫画5",
    "originOrder": 2023,
    "readConfig": {
      "dailyChapters": 3,
      "delTag": 0,
      "imageStyle": "FULL",
      "reSegment": false,
      "readSimulating": false,
      "reverseToc": false,
      "splitLongChapter": true,
      "useReplaceRule": true
    },
    "syncTime": 1728307346747,
    "tocUrl": "https://cn.webmota.com/comic/qumolu-dengang",
    "totalChapterNum": 363,
    "type": 64,
    "wordCount": ""
  },
  {
    "author": "博易动漫",
    "bookUrl": "https://cn.webmota.com/comic/yangdiweihuan-boyidongman",
    "canUpdate": true,
    "coverUrl": "https://static-tw.baozimh.com/cover/yangdiweihuan-boyidongman.jpg?w=285&h=375&q=100",
    "durChapterIndex": 0,
    "durChapterPos": 0,
    "durChapterTime": 1728307575924,
    "durChapterTitle": "人物小档案",
    "group": 0,
    "intro": "穿到书里，还成了惨死的炮灰女配？ 夜沐表示她没时间玩游戏，那就弄死男主让世界崩坏了出去！ 可看着面前骨瘦嶙峋的小男孩，她下不去手…… 怎么办？养大男主，让他去帮自己？这主意可以！ 但她养着养着，男主貌似长歪了！ 夜沐泪流满面，说好的正直明君呢？她可以重新来吗？",
    "kind": "已完结 国漫 剧情 古风 穿越,已完结,国漫,剧情,古风,穿越",
    "lastCheckCount": 0,
    "lastCheckTime": 1765689668666,
    "latestChapterTime": 1728307555941,
    "latestChapterTitle": "第81话 怕这一别成永别",
    "name": "养敌为患",
    "order": -23,
    "origin": "https://cn.webmota.com",
    "originName": "包子漫画5",
    "originOrder": 2023,
    "readConfig": {
      "dailyChapters": 3,
      "delTag": 0,
      "reSegment": false,
      "readSimulating": false,
      "reverseToc": false,
      "splitLongChapter": true
    },
    "syncTime": 1728307576091,
    "tocUrl": "https://cn.webmota.com/comic/yangdiweihuan-boyidongman",
    "totalChapterNum": 299,
    "type": 64,
    "wordCount": ""
  },
  {
    "author": "绘世TONY",
    "bookUrl": "https://yemancomic.com/book/47521/",
    "canUpdate": true,
    "coverUrl": "https://pic.yydsmh.com/man8/137398/cover.jpg,{\"headers\":\"{\\\"Referer\\\":\\\"https://yemancomic.com\\\"}\"}",
    "durChapterIndex": 186,
    "durChapterPos": 138,
    "durChapterTime": 1728309907720,
    "durChapterTitle": "185.大戏开始了",
    "group": 0,
    "intro": "有着神秘身世的少年范闲，自儋州初出茅庐，历经家族、江湖、庙堂的种种考验、锤炼，一步步揭露这世界的复杂真相……",
    "kind": "古风,穿越",
    "lastCheckCount": 0,
    "lastCheckTime": 1765689668119,
    "latestChapterTime": 1728308303452,
    "latestChapterTitle": "185.大戏开始了",
    "name": "庆余年",
    "order": -7,
    "origin": "https://yemancomic.com",
    "originName": "野蛮漫画-M",
    "originOrder": -6,
    "readConfig": {
      "dailyChapters": 3,
      "delTag": 0,
      "imageStyle": "FULL",
      "reSegment": false,
      "readSimulating": false,
      "reverseToc": false,
      "splitLongChapter": true,
      "useReplaceRule": false
    },
    "syncTime": 1728309908227,
    "tocUrl": "https://yemancomic.com/book/47521/",
    "totalChapterNum": 187,
    "type": 64,
    "wordCount": ""
  },
  {
    "author": "夏达",
    "bookUrl": "https://yemancomic.com/book/361/",
    "canUpdate": true,
    "coverUrl": "https://pic.piuqiupia.com/picbed/ohmanhua/cover/co10681.png,{\"headers\":\"{\\\"Referer\\\":\\\"https://yemancomic.com\\\"}\"}",
    "customCoverUrl": "https://static-tw.baozimhcn.com/cover/changgexing-zuozhexiada.jpg?w=285&h=375&q=100",
    "durChapterIndex": 1,
    "durChapterPos": 27,
    "durChapterTime": 1728381989330,
    "durChapterTitle": "第一章.01",
    "group": 0,
    "intro": "玄武门之变后，唐都长安暗流汹涌。",
    "kind": "战争,少女",
    "lastCheckCount": 0,
    "lastCheckTime": 1765689668121,
    "latestChapterTime": 1728310031062,
    "latestChapterTitle": "第六十一章.02",
    "name": "长歌行",
    "order": -34,
    "origin": "https://yemancomic.com",
    "originName": "野蛮漫画-M",
    "originOrder": -6,
    "readConfig": {
      "dailyChapters": 3,
      "delTag": 0,
      "reSegment": false,
      "readSimulating": false,
      "reverseToc": false,
      "splitLongChapter": true,
      "useReplaceRule": true
    },
    "syncTime": 1728381989438,
    "tocUrl": "https://yemancomic.com/book/361/",
    "totalChapterNum": 129,
    "type": 64,
    "wordCount": ""
  },
  {
    "author": "GK工坊",
    "bookUrl": "https://yemancomic.com/book/155/",
    "canUpdate": true,
    "coverUrl": "https://pic.piuqiupia.com/picbed/ohmanhua/cover/co10315.png,{\"headers\":\"{\\\"Referer\\\":\\\"https://yemancomic.com\\\"}\"}",
    "customCoverUrl": "https://pic.tiaomans.xyz/picbed/ohmanhua/cover/co10315.png",
    "durChapterIndex": 2,
    "durChapterPos": 0,
    "durChapterTime": 1728392581687,
    "durChapterTitle": "第三条：惊叫",
    "group": 0,
    "intro": "他说：“这世上本不该有鬼”。然后，这世间为之一清。",
    "kind": "恐怖,古风",
    "lastCheckCount": 8,
    "lastCheckTime": 1765689668433,
    "latestChapterTime": 1761911344400,
    "latestChapterTitle": "卷三 181 孟婆汤、忘川河",
    "name": "传武",
    "order": -36,
    "origin": "https://yemancomic.com",
    "originName": "野蛮漫画-M",
    "originOrder": -6,
    "readConfig": {
      "dailyChapters": 3,
      "delTag": 0,
      "reSegment": false,
      "readSimulating": false,
      "reverseToc": false,
      "splitLongChapter": true,
      "useReplaceRule": true
    },
    "syncTime": 1728392581945,
    "tocUrl": "https://yemancomic.com/book/155/",
    "totalChapterNum": 518,
    "type": 64,
    "wordCount": ""
  },
  {
    "author": "鲜漫文化",
    "bookUrl": "https://cn.webmota.com/comic/congqianyouzuolingjianshan-xianmanwenhua",
    "canUpdate": true,
    "coverUrl": "https://static-tw.baozimh.com/cover/congqianyouzuolingjianshan-xianmanwenhua.jpg?w=285&h=375&q=100",
    "durChapterIndex": 7,
    "durChapterPos": 0,
    "durChapterTime": 1728605148851,
    "durChapterTitle": "第七章",
    "group": 0,
    "intro": "创世中文网《从前有座灵剑山》授权官方漫画！因彗星陨落，末法大劫而降临的奇才，来自现代世界的穿越者王陆，怀着千年未有的空灵根，踏入灵剑派山门，走上了一条智商碾压异界，成为绝世逗逼强者的不寻常路！每周三，周日更新！",
    "kind": "已完结 国漫 玄幻 古风,已完结,国漫,玄幻,古风",
    "lastCheckCount": 0,
    "lastCheckTime": 1765689668692,
    "latestChapterTime": 1728402361437,
    "latestChapterTitle": "完结感言",
    "name": "从前有座灵剑山",
    "order": -37,
    "origin": "https://cn.webmota.com",
    "originName": "包子漫画5",
    "originOrder": 2023,
    "readConfig": {
      "dailyChapters": 3,
      "delTag": 0,
      "reSegment": false,
      "readSimulating": false,
      "reverseToc": false,
      "splitLongChapter": true
    },
    "syncTime": 1728605149109,
    "tocUrl": "https://cn.webmota.com/comic/congqianyouzuolingjianshan-xianmanwenhua",
    "totalChapterNum": 885,
    "type": 64,
    "wordCount": ""
  },
  {
    "author": "神界漫画",
    "bookUrl": "https://cn.webmota.com/comic/sanguoyanyi-shenjiemanhua",
    "canUpdate": true,
    "coverUrl": "https://static-tw.baozimh.com/cover/sanguoyanyi-shenjiemanhua.jpg?w=285&h=375&q=100",
    "durChapterIndex": 1,
    "durChapterPos": 0,
    "durChapterTime": 1728605092727,
    "durChapterTitle": "第2话 宫闱之变",
    "group": 0,
    "intro": "遵照原著改编，刻画东汉末年，时局动荡，各路诸侯割地盘踞，雄霸一方，以曹操、刘备、孙权为首的魏、蜀、吴三个政治、军事集团之间的矛盾和斗争。在广阔的社会历史背景上，展示出那个时代尖锐复杂又极具特色的政治军事冲突。",
    "kind": "已完结 国漫,已完结,国漫",
    "lastCheckCount": 0,
    "lastCheckTime": 1765689670462,
    "latestChapterTime": 1728403211782,
    "latestChapterTitle": "第260话",
    "name": "三国演义",
    "order": -38,
    "origin": "https://cn.webmota.com",
    "originName": "包子漫画5",
    "originOrder": 2023,
    "readConfig": {
      "dailyChapters": 3,
      "delTag": 0,
      "reSegment": false,
      "readSimulating": false,
      "reverseToc": false,
      "splitLongChapter": true
    },
    "syncTime": 1728605092874,
    "tocUrl": "https://cn.webmota.com/comic/sanguoyanyi-shenjiemanhua",
    "totalChapterNum": 260,
    "type": 64,
    "wordCount": ""
  },
  {
    "author": "逆光飞行",
    "bookUrl": "https://cn.webmota.com/comic/naniannatunaxieshier-niguangfeixing",
    "canUpdate": true,
    "coverUrl": "https://static-tw.baozimh.com/cover/naniannatunaxieshier-niguangfeixing.jpg?w=285&h=375&q=100",
    "durChapterIndex": 3,
    "durChapterPos": 0,
    "durChapterTime": 1728403942798,
    "durChapterTitle": "04 兔子和白象",
    "group": 0,
    "intro": "那年繁荣昌盛的种花家遭到了各路人马的瓜分，一向不和的兔子和秃子终于联合起来一致对外，并约定了轮流当种花家的当家，可是秃子却背信弃义还打了兔子。兔子发誓要用自己的双手创造一个吃得饱穿的暖被人看得起的种花家！",
    "kind": "连载中 国漫 热血,连载中,国漫,热血",
    "lastCheckCount": 0,
    "lastCheckTime": 1765689676993,
    "latestChapterTime": 1728403599899,
    "latestChapterTitle": "129 番外-圣诞节快乐",
    "name": "那年那兔那些事儿",
    "order": -39,
    "origin": "https://cn.webmota.com",
    "originName": "包子漫画5",
    "originOrder": 2023,
    "readConfig": {
      "dailyChapters": 3,
      "delTag": 0,
      "reSegment": false,
      "readSimulating": false,
      "reverseToc": false,
      "splitLongChapter": true
    },
    "syncTime": 1728403943084,
    "tocUrl": "https://cn.webmota.com/comic/naniannatunaxieshier-niguangfeixing",
    "totalChapterNum": 128,
    "type": 64,
    "wordCount": ""
  },
  {
    "author": "溪刘",
    "bookUrl": "https://yemancomic.com/book/1544/",
    "canUpdate": true,
    "coverUrl": "https://pic.piuqiupia.com/picbed/ohmanhua/cover/co11968.png,{\"headers\":\"{\\\"Referer\\\":\\\"https://yemancomic.com\\\"}\"}",
    "customCoverUrl": "http://img.guoman8.cc/Uploads/fengmian/5865.jpg",
    "durChapterIndex": 144,
    "durChapterPos": 11,
    "durChapterTime": 1728559084585,
    "durChapterTitle": "3周年的吐槽",
    "group": 0,
    "intro": "相传三鬼同存于世时天下将大乱，而今两鬼并存，只差嗔鬼未现。被妖狐附身的少年僧人无因走上了铲除嗔鬼的旅程，但是他的第一个任务目的地……居然是在青楼？！",
    "kind": "热血,玄幻,冒险",
    "lastCheckCount": 0,
    "lastCheckTime": 1765689668138,
    "latestChapterTime": 1728452151642,
    "latestChapterTitle": "3周年的吐槽",
    "name": "恒沙记",
    "order": -28,
    "origin": "https://yemancomic.com",
    "originName": "野蛮漫画-M",
    "originOrder": -6,
    "readConfig": {
      "dailyChapters": 3,
      "delTag": 0,
      "reSegment": false,
      "readSimulating": false,
      "reverseToc": false,
      "splitLongChapter": true,
      "useReplaceRule": false
    },
    "syncTime": 1728559085172,
    "tocUrl": "https://yemancomic.com/book/1544/",
    "totalChapterNum": 145,
    "type": 64,
    "wordCount": ""
  },
  {
    "author": "DUBU(主笔),Chugong（原著）",
    "bookUrl": "https://yemancomic.com/book/6381/",
    "canUpdate": true,
    "coverUrl": "https://pic.piuqiupia.com/picbed/ohmanhua/cover/co19186.png,{\"headers\":\"{\\\"Referer\\\":\\\"https://yemancomic.com\\\"}\"}",
    "customCoverUrl": "https://c-ssl.duitang.com/uploads/blog/202209/10/20220910174303_18a84.jpeg",
    "customIntro": "(别名：我独自升级 ）10年前，世界与其他次元连接的“门”被打开，各种魔物不断出现，于是乎能力各异的猎魔者也随之出现，被成为“猎人”。程肖宇是一名实力最弱的E级猎人，在一次挑战任务中，遇到了可怕的隐藏挑战。生死存亡之际，他居然获得了升级系统！在系统的利用下，他能成为最强猎人吗",
    "durChapterIndex": 211,
    "durChapterPos": 27,
    "durChapterTime": 1728484842429,
    "durChapterTitle": "《我独自升级 ： 诸神黄昏》再续君王传奇",
    "group": 0,
    "intro": "(别名：我独自升级 ）10年前，世界与其他次元连接的“门”被打开，各种魔物不断出现，于是乎能力各异的猎魔者也随之出现，被成为“猎人”。程肖宇是一名实力最弱的E级猎人，在一次挑战任务中，遇到了可怕的隐藏挑战。生死存亡之际，他居然获得了升级系统！在系统的利用下，他能成为最强猎人吗",
    "kind": "热血,都市,魔幻",
    "lastCheckCount": 0,
    "lastCheckTime": 1765689669457,
    "latestChapterTime": 1728484734609,
    "latestChapterTitle": "《我独自升级 ： 诸神黄昏》再续君王传奇",
    "name": "我独自升级",
    "order": -6,
    "origin": "https://yemancomic.com",
    "originName": "野蛮漫画-M",
    "originOrder": -6,
    "readConfig": {
      "dailyChapters": 3,
      "delTag": 0,
      "imageStyle": "FULL",
      "pageAnim": 3,
      "reSegment": false,
      "readSimulating": false,
      "reverseToc": false,
      "splitLongChapter": true
    },
    "syncTime": 1728484842678,
    "tocUrl": "https://yemancomic.com/book/6381/",
    "totalChapterNum": 212,
    "type": 64,
    "wordCount": ""
  },
  {
    "author": "艺画开天",
    "bookUrl": "https://yemancomic.com/book/6814/",
    "canUpdate": true,
    "coverUrl": "https://pic.piuqiupia.com/picbed/ohmanhua/cover/co20006.png,{\"headers\":\"{\\\"Referer\\\":\\\"https://yemancomic.com\\\"}\"}",
    "customCoverUrl": "http://pic9.iqiyipic.com/image/20210527/e7/15/cb_171622_c_601_m2.jpg",
    "durChapterIndex": 83,
    "durChapterPos": 137,
    "durChapterTime": 1728663031320,
    "durChapterTitle": "公告 月魁传《逆命·厄劫》篇完结",
    "group": 0,
    "intro": "(别名：灵笼·月魁传 ）天才脑科学家白月魁为救恩师将其大脑移植进一名死囚的体内，与此同时地质灾难频发，琼斯盗取天使药剂引起一系列异变，久川市变成人间炼狱。一切还未尘埃落定，真正的末日却已来临……",
    "kind": "科幻,剧情,猎奇",
    "lastCheckCount": 0,
    "lastCheckTime": 1765689668254,
    "latestChapterTime": 1728569839018,
    "latestChapterTitle": "公告 月魁传《逆命·厄劫》篇完结",
    "name": "灵笼 · 月魁传",
    "order": -20,
    "origin": "https://yemancomic.com",
    "originName": "野蛮漫画-M",
    "originOrder": -6,
    "readConfig": {
      "dailyChapters": 3,
      "delTag": 0,
      "imageStyle": "FULL",
      "pageAnim": 3,
      "reSegment": false,
      "readSimulating": false,
      "reverseToc": false,
      "splitLongChapter": true
    },
    "syncTime": 1728663031546,
    "tocUrl": "https://yemancomic.com/book/6814/",
    "totalChapterNum": 84,
    "type": 64,
    "wordCount": ""
  },
  {
    "author": "米二",
    "bookUrl": "https://yemancomic.com/book/60/",
    "canUpdate": true,
    "coverUrl": "https://pic.piuqiupia.com/picbed/ohmanhua/cover/co10187.png,{\"headers\":\"{\\\"Referer\\\":\\\"https://yemancomic.com\\\"}\"}",
    "customCoverUrl": "https://res.colamanga.com/comic/10187/cover.jpg",
    "durChapterIndex": 122,
    "durChapterPos": 81,
    "durChapterTime": 1731224485686,
    "durChapterTitle": "付费通知",
    "group": 0,
    "intro": "为追女孩，触动千年机关！不良少年AND校花一姐！古代三国兵器传奇，现代校园浪漫演绎！",
    "kind": "热血,玄幻,穿越",
    "lastCheckCount": 0,
    "lastCheckTime": 1765689669458,
    "latestChapterTime": 1728827268916,
    "latestChapterTitle": "付费通知",
    "name": "九九八十一",
    "order": -29,
    "origin": "https://yemancomic.com",
    "originName": "野蛮漫画-M",
    "originOrder": -6,
    "readConfig": {
      "dailyChapters": 3,
      "delTag": 0,
      "reSegment": false,
      "readSimulating": false,
      "reverseToc": false,
      "splitLongChapter": true
    },
    "syncTime": 1731224485787,
    "tocUrl": "https://yemancomic.com/book/60/",
    "totalChapterNum": 123,
    "type": 64,
    "wordCount": ""
  },
  {
    "author": "小森食光",
    "bookUrl": "https://m.1kkk.com/manhua22122/",
    "canUpdate": true,
    "coverUrl": "https://mhfm8tel.cdndm5.com/23/22122/20160305215843_180x240_11.jpg",
    "durChapterIndex": 0,
    "durChapterPos": 10,
    "durChapterTime": 1734146961501,
    "durChapterTitle": "第2卷",
    "group": 0,
    "intro": "小森食光漫画 ，二十岁出头的市子，幼年时经历了母亲的不告而别，仍独自奋力长大后前往都市，却也遭遇挫折。最后又返回了故乡——来往最近的超市必须花上一整天时间的山中聚落“小森”。 小森纵然偏远不便，但透过料理、农作的互助与分享，居民间的情感得以紧密串联。回到这里的市子，试着在自力更生中重新确定自己与这个世界的关系。“我就是没办法好好面对他人，才会回到小森来啊！”回到小森，市子是否能重拾勇气，面对不可知的未来？",
    "kind": "冒险",
    "lastCheckCount": 0,
    "lastCheckTime": 1765689666845,
    "latestChapterTime": 1730108458995,
    "latestChapterTitle": "第1卷",
    "name": "小森食光",
    "order": -40,
    "origin": "https://m.1kkk.com",
    "originName": "漫画人",
    "originOrder": 1598,
    "readConfig": {
      "dailyChapters": 3,
      "delTag": 0,
      "imageStyle": "FULL",
      "reSegment": false,
      "readSimulating": false,
      "reverseToc": false,
      "splitLongChapter": true
    },
    "syncTime": 1734146961619,
    "tocUrl": "https://m.1kkk.com/manhua22122/",
    "totalChapterNum": 1,
    "type": 64,
    "wordCount": ""
  },
  {
    "author": "权迎升",
    "bookUrl": "https://yemancomic.com/book/96/",
    "canUpdate": true,
    "coverUrl": "https://pic.piuqiupia.com/picbed/ohmanhua/cover/co10284.png,{\"headers\":\"{\\\"Referer\\\":\\\"https://yemancomic.com\\\"}\"}",
    "customCoverUrl": "https://pic.tiaomans.xyz/picbed/ohmanhua/cover/co10284.png",
    "durChapterIndex": 7,
    "durChapterPos": 0,
    "durChapterTime": 1731583860462,
    "durChapterTitle": "身陷凌辱",
    "group": 0,
    "intro": "身怀神鬼七杀令的屌丝青年王小二，初涉职场的美女警花李雪，心地善良的痴情小狐狸……漫画每周一三五更新（手机客户端提前1天更新），动画每周二更新，感谢大家一如既往的支持，中国惊奇先生粉丝娱乐群（群号码：93277487）已满，欢迎加入中国惊奇先生粉丝娱乐二群，群号码：273942387",
    "kind": "恐怖,爆笑,惊险",
    "lastCheckCount": 5,
    "lastCheckTime": 1765689670043,
    "latestChapterTime": 1765557225551,
    "latestChapterTitle": "1785 为了爱",
    "name": "中国惊奇先生",
    "order": -41,
    "origin": "https://yemancomic.com",
    "originName": "野蛮漫画-M",
    "originOrder": -39,
    "readConfig": {
      "dailyChapters": 3,
      "delTag": 0,
      "reSegment": false,
      "readSimulating": false,
      "reverseToc": false,
      "splitLongChapter": true
    },
    "syncTime": 1731583860981,
    "tocUrl": "https://yemancomic.com/book/96/",
    "totalChapterNum": 1790,
    "type": 64,
    "wordCount": ""
  },
  {
    "author": "",
    "bookUrl": "https://m.mhkami.com/book/2012/",
    "canUpdate": true,
    "coverUrl": "https://pic.piuqiupia.com/picbed/ohmanhua/cover/co12581.png",
    "customCoverUrl": "https://static1.keepcdn.com/tweet-entry/66b5d1040b28c500015a7080/2024/08/23/05f02952-6886-4f70-a9bb-3f9e85dcca7f/8372e97c94e88be4b82afc96052ad849.jpg",
    "durChapterIndex": 19,
    "durChapterPos": 12,
    "durChapterTime": 1741228314029,
    "durChapterTitle": "第十七章 启程",
    "group": 0,
    "intro": "",
    "kind": "动作,魔幻",
    "lastCheckCount": 3,
    "lastCheckTime": 1765182754998,
    "latestChapterTime": 1748944680078,
    "latestChapterTitle": "四四三 结局（下）",
    "name": "镇魂街",
    "order": -13,
    "origin": "https://m.mhkami.com",
    "originName": "🌠 漫神",
    "originOrder": -38,
    "readConfig": {
      "dailyChapters": 3,
      "delTag": 0,
      "imageStyle": "FULL",
      "pageAnim": 3,
      "reSegment": false,
      "readSimulating": false,
      "reverseToc": false,
      "splitLongChapter": true
    },
    "syncTime": 1741228314126,
    "tocUrl": "https://m.mhkami.com/book/2012/",
    "totalChapterNum": 467,
    "type": 80,
    "wordCount": ""
  },
  {
    "author": "番奇动漫/月郎",
    "bookUrl": "https://yemancomic.com/book/1205/",
    "canUpdate": true,
    "coverUrl": "https://pic.piuqiupia.com/picbed/ohmanhua/cover/co11641.png,{\"headers\":\"{\\\"Referer\\\":\\\"https://yemancomic.com\\\"}\"}",
    "customCoverUrl": "https://img.crawler.qq.com/cfwebcap/0/faba86cfeaa073051244fe74cc9a477f/0/?width=1000&height=2000",
    "customIntro": "这是一个全民热衷赛车，充满魔幻奇妙的世界。",
    "durChapterIndex": 253,
    "durChapterPos": 32,
    "durChapterTime": 1743955608718,
    "durChapterTitle": "第一百二十三章下_出发",
    "group": 0,
    "intro": "这是一个全民热衷赛车，充满魔幻奇妙的世界。",
    "kind": "热血,冒险,竞技",
    "lastCheckCount": 0,
    "lastCheckTime": 1765689669730,
    "latestChapterTime": 1736235102754,
    "latestChapterTitle": "第一百二十三章下_出发",
    "name": "飞车极速计划",
    "order": -42,
    "origin": "https://yemancomic.com",
    "originName": "野蛮漫画-M",
    "originOrder": -39,
    "readConfig": {
      "dailyChapters": 3,
      "delTag": 0,
      "reSegment": false,
      "readSimulating": false,
      "reverseToc": false,
      "splitLongChapter": true
    },
    "syncTime": 1743955609065,
    "tocUrl": "https://yemancomic.com/book/1205/",
    "totalChapterNum": 254,
    "type": 64,
    "wordCount": ""
  },
  {
    "author": "翻翻动漫 x 集英社",
    "bookUrl": "https://m.rumanhua.com/IVWIKgq/",
    "canUpdate": true,
    "coverUrl": "https://p6.ecombdimg.com/tos-cn-i-scl3phc04j/1802748164bb469c99478878af47c431~tplv-scl3phc04j-image.jpeg",
    "durChapterIndex": 0,
    "durChapterPos": 26,
    "durChapterTime": 1743610842023,
    "durChapterTitle": "第1话 永别了现世!!之卷",
    "group": 0,
    "intro": "一个十四岁的不良少年，浦饭幽助为了救一名小孩而被汽车撞死了，由于灵界并没有预计到他的死亡，并没有他的容身之所，所以他得到了一个重生的机会。经过了灵界的考验，幽助终于重回自己的身体，并成为灵界侦探……",
    "kind": "冒险,魔幻,格斗,06月15日",
    "lastCheckCount": 156,
    "lastCheckTime": 1765183571145,
    "latestChapterTime": 1745072802233,
    "latestChapterTitle": "第176话 此后……",
    "name": "幽游白书",
    "order": -44,
    "origin": "https://m.rumanhua.com",
    "originName": "品如漫画",
    "originOrder": -45,
    "readConfig": {
      "dailyChapters": 3,
      "delTag": 0,
      "reSegment": false,
      "readSimulating": false,
      "reverseToc": false,
      "splitLongChapter": true
    },
    "syncTime": 1743610842152,
    "tocUrl": "https://m.rumanhua.com/IVWIKgq/",
    "totalChapterNum": 20,
    "type": 80,
    "variable": "{\n  \"a\": \"翻翻动漫 x 集英社\",\n  \"c\": \"https://p6.ecombdimg.com/tos-cn-i-scl3phc04j/1802748164bb469c99478878af47c431~tplv-scl3phc04j-image.jpeg\",\n  \"i\": \"一个十四岁的不良少年，浦饭幽助为了救一名小孩而被汽车撞死了，由于灵界并没有预计到他的死亡，并没有他的容身之所，所以他得到了一个重生的机会。经过了灵界的考验，幽助终于重回自己的身体，并成为灵界侦探……\",\n  \"k\": \"冒险\\n魔幻\\n格斗\\n更新：06月15日\",\n  \"l\": \"第176话 此后……\",\n  \"n\": \"幽游白书\"\n}",
    "wordCount": ""
  },
  {
    "author": "阅文漫画",
    "bookUrl": "https://yemancomic.com/book/5137/",
    "canUpdate": true,
    "coverUrl": "https://pic.tiaomans.xyz/picbed/ohmanhua/cover/co17368.png,{\"headers\":\"{\\\"Referer\\\":\\\"https://yemancomic.com\\\"}\"}",
    "durChapterIndex": 183,
    "durChapterPos": 0,
    "durChapterTime": 1765183913794,
    "durChapterTitle": "第167话 到底什么目的",
    "group": 0,
    "intro": "网游荣耀中被誉为教科书级别的顶尖高手，因为种种原因遭到俱乐部的驱逐，离开职业圈的他寄身于一家网吧成了一个小小的网管，但是，拥有十年游戏经验的他，在荣耀新开的第十区重新投入了游戏，带着对往昔的回忆，和一把未完成的自制武器，开始了重返巅峰之路。",
    "kind": "热血,电竞",
    "lastCheckCount": 0,
    "lastCheckTime": 1765689669852,
    "latestChapterTime": 1752132506909,
    "latestChapterTitle": "第261话 我们是冠军",
    "name": "全职高手",
    "order": -35,
    "origin": "https://yemancomic.com",
    "originName": "野蛮漫画-M",
    "originOrder": -49,
    "readConfig": {
      "dailyChapters": 3,
      "delTag": 0,
      "reSegment": false,
      "readSimulating": false,
      "reverseToc": false,
      "splitLongChapter": true
    },
    "syncTime": 1765183914099,
    "tocUrl": "https://yemancomic.com/book/5137/",
    "totalChapterNum": 266,
    "type": 64,
    "wordCount": ""
  },
  {
    "author": "阅文漫画",
    "bookUrl": "https://m.rumanhua.com/Xujcjjl/",
    "canUpdate": true,
    "coverUrl": "https://p6.ecombdimg.com/tos-cn-i-scl3phc04j/32ce4ed1b27c4b66ada1e0e74e4f35e9~tplv-scl3phc04j-image.jpeg",
    "durChapterIndex": 1,
    "durChapterPos": 40,
    "durChapterTime": 1744022294081,
    "durChapterTitle": "01 齐聚",
    "group": 0,
    "intro": "荣耀职业联赛第八赛季结束，兴欣战队成立。在挑战赛赛场与嘉世战队相遇，谁会获得进入职业联盟的资格？",
    "kind": "热血,竞技,06月13日",
    "lastCheckCount": 46,
    "lastCheckTime": 1765183571283,
    "latestChapterTime": 1745072802467,
    "latestChapterTitle": "公告 停更公告",
    "name": "全职高手挑战赛篇",
    "order": -45,
    "origin": "https://m.rumanhua.com",
    "originName": "品如漫画",
    "originOrder": -45,
    "readConfig": {
      "dailyChapters": 3,
      "delTag": 0,
      "reSegment": false,
      "readSimulating": false,
      "reverseToc": false,
      "splitLongChapter": true
    },
    "syncTime": 1744022294542,
    "tocUrl": "https://m.rumanhua.com/Xujcjjl/",
    "totalChapterNum": 20,
    "type": 80,
    "variable": "{\n  \"a\": \"阅文漫画\",\n  \"c\": \"https://p6.ecombdimg.com/tos-cn-i-scl3phc04j/32ce4ed1b27c4b66ada1e0e74e4f35e9~tplv-scl3phc04j-image.jpeg\",\n  \"i\": \"荣耀职业联赛第八赛季结束，兴欣战队成立。在挑战赛赛场与嘉世战队相遇，谁会获得进入职业联盟的资格？ 　　\",\n  \"k\": \"热血\\n竞技\\n更新：06月13日\",\n  \"l\": \"公告 停更公告\",\n  \"n\": \"全职高手挑战赛篇\"\n}",
    "wordCount": ""
  },
  {
    "author": "金属寒霜",
    "bookUrl": "https://bookshelf.html5.qq.com/qbread/api/novel/intro-info?bookid=1147754725",
    "canUpdate": true,
    "coverUrl": "https://qbnovel.qq.com/static/f78ebea58ae2735010536eb1903c49f27a03e12b3f9a96a4cdee51802908745a",
    "customCoverUrl": "https://ts1.cn.mm.bing.net/th/id/R-C.eb15ee067e694e04adefafe76f72ba11?rik=bLZvZmyh8V6M6Q&riu=http%3a%2f%2fst.baozi178.com%2fattachments%2f202402%2f26%2f09%2f4318-108u21k.jpg&ehk=tdOw6a6fIhnM%2boXxsDxWa6d7wD%2bRl7NKVdE3vblnuL0%3d&risl=&pid=ImgRaw&r=0",
    "customIntro": "　　📕 源名：我只是一个凡人，为什么你们都奉我为圣\n　　✏️ 开坑：2023-08-09 22:57:42\n　　🏷️ 标签：玄幻脑洞,玄幻,穿越,系统,扮猪吃虎,宠物,架空,东方玄幻,迪化\n　　👤 主角： 顾衡, 白菲儿\n　　👁️ 在线：152853人在读\n　　​\n　　📜 简介：【迪化+反差+扮猪吃虎+玄幻脑洞】\n　　顾衡穿越二十年，垃圾系统误终生，修行无望，只能做个小小凡人。\n　　虽然是凡人，但也要做好事。\n　　他随手帮助了一位可怜少女，人家日后成了名震三界的“白雪剑仙”。\n　　他捡到了一只伤重的小野猫，养了很久，最后突然发现，自己的宠物成了“万妖尊者”。\n　　他指点几下炼药技巧，给一位年轻炼药师学去，不知不觉间造就了“万药圣手”。\n　　他认了一位瘦小巴巴的女徒弟，最终无意间培养出了“问古大帝”。\n　　顾衡：这些都跟我没关系的，我只是个凡人而已。\n　　众人：别狡辩了，她们都说你才是天下唯一的帝圣尊师！！\n　　​\n　　📍 版权信息：本书的数字版权由 经致文学 提供并授权发行。",
    "durChapterIndex": 0,
    "durChapterPos": 599,
    "durChapterTime": 1751388040095,
    "durChapterTitle": "第1章 雨中少女",
    "group": 0,
    "intro": "　　🏷️ 穿越, 无敌流, 系统流, 扮猪吃虎, 废柴流\n　　‎\n　　【迪化+反差+扮猪吃虎+玄幻脑洞】顾衡穿越二十年，垃圾系统误终生，修行无望，只能做个小小凡人。虽然是凡人，但也要做好事。他随手帮助了一位可怜少女，人家日后成了名震三界的“白雪剑仙”。他捡到了一只伤重的小野猫，养了很久，最后突然发现，自己的宠物成了“万妖尊者”。他指点几下炼药技巧，给一位年轻炼药师学去，不知不觉间造就了“万药圣手”。他认了一位瘦小巴巴的女徒弟，最终无意间培养出了“问古大帝”。顾衡：这些都跟我没关系的，我只是个凡人而已。众人：别狡辩了，她们都说你才是天下唯一的帝圣尊师！！",
    "kind": "9.2分,玄幻,连载中,2025-07-01",
    "lastCheckCount": 1,
    "lastCheckTime": 1765689668866,
    "latestChapterTime": 1765689668866,
    "latestChapterTitle": "第1104章 枯燥的日子",
    "name": "我只是一个凡人，为什么你们都奉我为圣",
    "order": -43,
    "origin": "DragonQuestQBkd1",
    "originName": "●QB女生<kd♛",
    "originOrder": 60,
    "readConfig": {
      "dailyChapters": 3,
      "delTag": 0,
      "imageStyle": "0",
      "reSegment": false,
      "readSimulating": false,
      "reverseToc": false,
      "splitLongChapter": true
    },
    "syncTime": 1751388040253,
    "tocUrl": "https://bookshelf.html5.qq.com/qbread/api/book/all-chapter?bookId=1147754725",
    "totalChapterNum": 1104,
    "type": 8,
    "variable": "{\n  \"time\": \"2025-07-01\"\n}",
    "wordCount": "194.2万字"
  },
  {
    "author": "马伯庸",
    "bookUrl": "https://bookshelf.html5.qq.com/qbread/api/novel/intro-info?bookid=1141737814",
    "canUpdate": true,
    "coverUrl": "https://qbnovel.qq.com/static/e46a4ec42bc05b2c30232aa3234aca05e665a1e60f04a94cc69ffd62feeae063",
    "durChapterIndex": 0,
    "durChapterPos": 0,
    "durChapterTime": 1751565430285,
    "durChapterTitle": "第1章 《长安的荔枝》序",
    "group": 0,
    "intro": "　　‎\n　　同名实体书新鲜上市，马伯庸历史短小说“见微”系列神作！大唐天宝十四年，长安城小吏李善德突然接到一个任务：要在贵妃诞日之前，从岭南运来新鲜荔枝。荔枝保鲜期只有三天，而岭南距长安五千余里，山水迢迢，这是个不可能完成的任务。为了家人，李善德只得放手一搏……古装版社畜求生记，帝国夹缝中的小人物史诗。",
    "kind": "9.4分,小说,已完结,2025-06-04",
    "lastCheckCount": 0,
    "lastCheckTime": 1765689668464,
    "latestChapterTime": 1751565402486,
    "latestChapterTitle": "第8章 文后说明",
    "name": "长安的荔枝（雷佳音、岳云鹏主演影视剧原著小说）",
    "order": -46,
    "origin": "DragonQuestQBkd1",
    "originName": "●QB女生<kd♛",
    "originOrder": 60,
    "readConfig": {
      "dailyChapters": 3,
      "delTag": 0,
      "reSegment": false,
      "readSimulating": false,
      "reverseToc": false,
      "splitLongChapter": true
    },
    "syncTime": 1751565430417,
    "tocUrl": "https://bookshelf.html5.qq.com/qbread/api/book/all-chapter?bookId=1141737814",
    "totalChapterNum": 8,
    "type": 8,
    "variable": "{\n  \"time\": \"2025-06-04\"\n}",
    "wordCount": "9万字"
  },
  {
    "author": "动漫堂",
    "bookUrl": "https://m.mhkami.com/book/109/",
    "canUpdate": true,
    "coverUrl": "https://pic.tiaomans.xyz/picbed/ohmanhua/cover/co10263.png",
    "customCoverUrl": "https://c-ssl.duitang.com/uploads/item/202005/08/20200508202105_nqmod.jpg",
    "customIntro": "大学生张楚岚清明回乡，遭遇神秘少女冯宝宝。素未谋面的冯宝宝却对张楚岚异常熟悉，并将其带去自己打工的快递公司。为了帮冯宝宝寻找她的身世，也为了查清自己与爷爷身上的秘密，张楚岚的生活被彻底颠覆，与冯宝宝一同踏上\"异人\"之旅。",
    "durChapterIndex": 799,
    "durChapterPos": 52,
    "durChapterTime": 1765689732729,
    "durChapterTitle": "741 第一人",
    "group": 0,
    "intro": "大学生张楚岚清明回乡，遭遇神秘少女冯宝宝。素未谋面的冯宝宝却对张楚岚异常熟悉，并将其带去自己打工的快递公司。为了帮冯宝宝寻找她的身世，也为了查清自己与爷爷身上的秘密，张楚岚的生活被彻底颠覆，与冯宝宝一同踏上\"异人\"之旅。",
    "kind": "玄幻,爆笑,格斗,",
    "lastCheckCount": 0,
    "lastCheckTime": 1765182755674,
    "latestChapterTime": 1763868672939,
    "latestChapterTitle": "741 第一人",
    "name": "一人之下",
    "order": -1,
    "origin": "https://m.mhkami.com",
    "originName": "我的漫神（优）",
    "originOrder": -50,
    "readConfig": {
      "dailyChapters": 3,
      "delTag": 0,
      "imageStyle": "FULL",
      "reSegment": false,
      "readSimulating": false,
      "reverseToc": false,
      "splitLongChapter": true,
      "useReplaceRule": true
    },
    "syncTime": 1763913113663,
    "tocUrl": "https://m.mhkami.com/book/109/",
    "totalChapterNum": 800,
    "type": 80,
    "wordCount": "2025-07-02"
  },
  {
    "author": "尼古拉·奥斯特洛夫斯基",
    "bookUrl": "http://fb.newdu.com/book/b29.html",
    "canUpdate": true,
    "coverUrl": "http://fb.newdu.com/images/defaultpic.gif",
    "durChapterIndex": 0,
    "durChapterPos": 565,
    "durChapterTime": 1753288806417,
    "durChapterTitle": "·内容提要·",
    "group": 0,
    "intro": "《钢铁是怎样炼成的》是前苏联作家尼古拉·奥斯特洛夫斯基所著的一部长篇小说，于1933年写成。小说通过记叙保尔·柯察金的成长道路告诉人们，一个人只有在革命的艰难困苦中战胜敌人也战胜自己，只有在把自己的追求和祖国、人民的利益联系在一起的时候，才会创造出奇迹，才会成长为钢铁战士。\n　　保尔·柯察金（Павел Корчагин, 英文：Pavel Korchagin）出生于贫困的铁路工人家庭，早年丧父，凭母亲替人洗衣做封面饭维持生计。他因痛恨神父平时瞧不起他，往神父家的复活节蛋糕上撒烟灰而被学校开除。12岁时，母亲把他送到车站食堂当杂役，在那儿他受尽了凌辱，所以他憎恨那些欺压穷人的店老板，厌恶那些花天酒地的有钱人。 “十月革命“爆发后，帝国主义和反动派妄图扼杀新生的苏维埃政权。保尔的家乡乌克兰谢佩托夫卡镇也经历了外国武装干涉和内战的岁月。红军解放了谢佩托夫卡镇，但很快就撤走了。只留下老布什维克朱赫来在镇上做地下工作。 朱赫来很友好，教保尔学会了英式拳击，还培养了保尔朴素的革命热情。一次，因为解救朱赫来，保尔自己被关进了监狱。而后敌人因疏忽把他错放了，保尔怕重新落入魔掌，不敢回家，遂不由自主地来到了冬妮娅的花园门前，纵身跳进了花园。由于上次钓鱼时，保尔解救过冬妮娅，加上她又喜欢他“热情和倔强“的性格，他的到来让她很高兴。保尔也觉得冬妮娅跟别的富家女孩不一样，他们都感受到了朦胧的爱情。为了避难，他答应了冬妮娅的请求，住了下来。几天后，冬妮娅找到了保尔的哥哥阿尔焦姆，他把弟弟柯察金送到喀查丁参加了红军。 [1-2]\n　　保尔参军后当过侦察兵，后来又当了骑兵。他在战场上是个敢于冲锋陷阵的战士而且还是一名优秀的政治宣传员。他特别喜欢读《牛虻》、《斯巴达克斯》等作品，经常给战友们朗读或讲故事。在一次激战中，他的头部受了重伤，但他用顽强的毅力战胜了死神。他的身体状况使他不能再回前线，于是他立即投入了恢复和建设国家的工作。他做团的工作、肃反工作，并忘我地投入到艰苦的体力劳动中去。特别是修建铁路的工作尤为艰苦；秋雨、泥泞、大雪、冻土，大家缺吃少穿，露天住宿，而且还有武装匪徒的袭扰和疾病的威胁。 一次参加工友同志的聚会，保尔因带着穿着漂亮整洁的冬妮娅同去，遭到了工友们的讥讽和嘲笑。保尔意识到冬妮娅和自己不是—个阶级，希望她能和自己站在同一战线上，但却被她回绝了，两个人的感情不得不产生分裂，从此保尔便离开了冬妮娅。等到在修筑铁路时又见到她的时候，她已和一个有钱的工程师结了婚。[1-2]\n　　保尔在铁路工厂任团委书记时，与团委委员丽达在工作上经常接触，可是保尔以“牛虻“精神抵制自己对丽达产生的感情，后来他又错把丽达的哥哥当成了她的恋人，最后下定决心断绝了他们的感情，因而失去了与她相爱的机会。 在筑路工作要结束时，保尔得了伤寒并引发了肺炎，组织上不得不把保尔送回家乡去休养。半路上误传出保尔已经死去的消息，但保尔第四次战胜死亡回到了人间。病愈后，他又回到了工作岗位，并且入了党。由于种种伤病及忘我的工作和劳动，保尔的体质越来越坏，丧失了工作能力，党组织不得不解除他的工作，让他长期住院治疗。\n　　在海滨疗养时，他偶然认识了女民工达雅并相爱。保尔一边不断地帮助达雅进步，一边开始顽强地学习，增强写作的本领。 1927年，保尔已全身瘫痪，接着又双目失明，肆虐的病魔终于把这个充满战斗激情的战士束缚在床榻上了。保尔也曾一度产生过自杀的念头，但他很快从低谷中走了出来。这个全身瘫痪、双目失明并且没有丝毫写作经验的人，开始了他充满英雄主义的事业——文学创作。保尔忍受着肉体和精神上的巨大痛苦，先是用硬纸板做成框子写。6个月后，写成的手稿在朋友寄回来时丢失了，保尔一度灰心丧气。后来，他振作了起来，自己口述，请人代录。在母亲和妻子的帮助下，他用生命写成的小说《暴风雨所诞生的》终于出版了。生活的铁环已被彻底粉碎，保尔拿起新的武器，开始了新的生活。",
    "kind": "励志小说",
    "lastCheckCount": 0,
    "lastCheckTime": 1765689668678,
    "latestChapterTime": 1753247836185,
    "latestChapterTitle": "第九章",
    "name": "钢铁是怎样炼成的",
    "order": -47,
    "origin": "http://fb.newdu.com/m/index.php",
    "originName": "世界名著阅读",
    "originOrder": -52,
    "readConfig": {
      "dailyChapters": 3,
      "delTag": 0,
      "reSegment": false,
      "readSimulating": false,
      "reverseToc": false,
      "splitLongChapter": true
    },
    "syncTime": 1753288807058,
    "tocUrl": "http://fb.newdu.com/book/b29.html",
    "totalChapterNum": 22,
    "type": 8,
    "wordCount": ""
  }
]