[
  {
    "bookName": "动漫客电子杂志",
    "deviceId": "",
    "lastRead": 1717292324613,
    "readTime": 15715
  },
  {
    "bookName": "知音漫客电子杂志",
    "deviceId": "",
    "lastRead": 1717292372857,
    "readTime": 1514
  },
  {
    "bookName": "大学棒棒糖",
    "deviceId": "",
    "lastRead": 1717458304566,
    "readTime": 23675
  },
  {
    "bookName": "吸血鬼公主渴望着败北凌辱",
    "deviceId": "",
    "lastRead": 1717458553450,
    "readTime": 905
  },
  {
    "bookName": "成何体统：全2册",
    "deviceId": "",
    "lastRead": 1717678602188,
    "readTime": 58836
  },
  {
    "bookName": "活着",
    "deviceId": "",
    "lastRead": 1717905638550,
    "readTime": 40210
  },
  {
    "bookName": "一地鸡毛",
    "deviceId": "",
    "lastRead": 1717905694924,
    "readTime": 26766
  },
  {
    "bookName": "刀剑神域",
    "deviceId": "",
    "lastRead": 1717910071610,
    "readTime": 23821
  },
  {
    "bookName": "风之谷",
    "deviceId": "",
    "lastRead": 1717910374978,
    "readTime": 34384
  },
  {
    "bookName": "深雪（1VS1，校园H）",
    "deviceId": "",
    "lastRead": 1718236450538,
    "readTime": 4458
  },
  {
    "bookName": "曲茎通幽（黑白花）",
    "deviceId": "",
    "lastRead": 1718236760122,
    "readTime": 114898
  },
  {
    "bookName": "｜吃瓜｜加州大学UCSD女博士吴佳怡 孕期23周出轨 被操的羊水破裂孩子流产 聊天记录",
    "deviceId": "",
    "lastRead": 1718236782452,
    "readTime": 4184
  },
  {
    "bookName": "超級公務員",
    "deviceId": "",
    "lastRead": 1718237006251,
    "readTime": 24126
  },
  {
    "bookName": "第一次和高潮，都只屬於你～重逢後的性愛放蕩又苦澀",
    "deviceId": "",
    "lastRead": 1718237167130,
    "readTime": 99818
  },
  {
    "bookName": "對媚藥過敏的女孩被插入時依舊高度敏感～即使是誤會也無法停止高潮",
    "deviceId": "",
    "lastRead": 1718237313941,
    "readTime": 101158
  },
  {
    "bookName": "征服女神",
    "deviceId": "",
    "lastRead": 1718237536817,
    "readTime": 199589
  },
  {
    "bookName": "夢幻速食店",
    "deviceId": "",
    "lastRead": 1718237552998,
    "readTime": 9370
  },
  {
    "bookName": "男人驯兽师(完结)",
    "deviceId": "",
    "lastRead": 1718237735923,
    "readTime": 167258
  },
  {
    "bookName": "灵能百分百",
    "deviceId": "",
    "lastRead": 1718271361120,
    "readTime": 26361
  },
  {
    "bookName": "狐妖小红娘",
    "deviceId": "",
    "lastRead": 1718272266012,
    "readTime": 21813
  },
  {
    "bookName": "刺客伍六七",
    "deviceId": "",
    "lastRead": 1718378024784,
    "readTime": 4054
  },
  {
    "bookName": "Fate_Grand Order-turas realta-",
    "deviceId": "",
    "lastRead": 1718470840235,
    "readTime": 30993
  },
  {
    "bookName": "(C94) [Kikunoben (Saizu Nitou Gunsou)] Shipping Records (Kantai Collection -KanColle-) [Chinese]",
    "deviceId": "",
    "lastRead": 1718952883106,
    "readTime": 25682
  },
  {
    "bookName": "[SHIS (Z-ton)] Mesudachi",
    "deviceId": "",
    "lastRead": 1718952974420,
    "readTime": 64923
  },
  {
    "bookName": "猎艳",
    "deviceId": "",
    "lastRead": 1718953019883,
    "readTime": 17419
  },
  {
    "bookName": "[Naruho-dou (Naruhodo)] Tsunade no In Kangoku R (Naruto)",
    "deviceId": "",
    "lastRead": 1718953102077,
    "readTime": 46667
  },
  {
    "bookName": "[TAMA] MONMUSU -Kyuubi no Kitsune Hen- (COMIC Unreal 2017-12 Vol. 70) [Chinese",
    "deviceId": "",
    "lastRead": 1718953153210,
    "readTime": 9508
  },
  {
    "bookName": "(C91) [Shoot The Moon (Fuetakishi)] High Elf x High School Dosukebe Smell",
    "deviceId": "",
    "lastRead": 1718953289760,
    "readTime": 83971
  },
  {
    "bookName": "[XTER] OUR [X] PROMISE (Final Fantasy VII) [chinese]",
    "deviceId": "",
    "lastRead": 1718953418394,
    "readTime": 116413
  },
  {
    "bookName": "小花仙",
    "deviceId": "",
    "lastRead": 1718979859445,
    "readTime": 30315
  },
  {
    "bookName": "小花仙外传——穿越时空的约定",
    "deviceId": "",
    "lastRead": 1718979941813,
    "readTime": 60799
  },
  {
    "bookName": "一人之下番外·",
    "deviceId": "",
    "lastRead": 1719378992548,
    "readTime": 372
  },
  {
    "bookName": "难缠小恶女",
    "deviceId": "",
    "lastRead": 1719493396623,
    "readTime": 349692
  },
  {
    "bookName": "Re:从零开始的异世界生活 官方精选集",
    "deviceId": "",
    "lastRead": 1719673202824,
    "readTime": 786
  },
  {
    "bookName": "在地下城寻求邂逅是否搞错了什么",
    "deviceId": "",
    "lastRead": 1719673302705,
    "readTime": 71207
  },
  {
    "bookName": "王牌御史",
    "deviceId": "",
    "lastRead": 1719720960983,
    "readTime": 50789
  },
  {
    "bookName": "兄妹的秘密授課",
    "deviceId": "",
    "lastRead": 1720158398731,
    "readTime": 13138
  },
  {
    "bookName": "兄妹的秘密授课",
    "deviceId": "",
    "lastRead": 1720158457506,
    "readTime": 43673
  },
  {
    "bookName": "石纪元（Dr.Stone）",
    "deviceId": "",
    "lastRead": 1720172249411,
    "readTime": 71672
  },
  {
    "bookName": "约定的梦幻岛",
    "deviceId": "",
    "lastRead": 1720172356832,
    "readTime": 13359
  },
  {
    "bookName": "妃夕妍雪",
    "deviceId": "",
    "lastRead": 1720202026214,
    "readTime": 3859
  },
  {
    "bookName": "你的名字。",
    "deviceId": "",
    "lastRead": 1720202195928,
    "readTime": 7298
  },
  {
    "bookName": "神兵玄奇",
    "deviceId": "",
    "lastRead": 1720486840376,
    "readTime": 25051
  },
  {
    "bookName": "神兵玄奇 I",
    "deviceId": "",
    "lastRead": 1720486861127,
    "readTime": 19603
  },
  {
    "bookName": "甜蜜家园（sweet home）~",
    "deviceId": "",
    "lastRead": 1721281566127,
    "readTime": 82621
  },
  {
    "bookName": "大理寺日志",
    "deviceId": "",
    "lastRead": 1721281626886,
    "readTime": 20056959
  },
  {
    "bookName": "一拳超人",
    "deviceId": "",
    "lastRead": 1721281695182,
    "readTime": 41887
  },
  {
    "bookName": "成何体统",
    "deviceId": "",
    "lastRead": 1721563721293,
    "readTime": 1852
  },
  {
    "bookName": "冲突",
    "deviceId": "",
    "lastRead": 1721620872803,
    "readTime": 358859
  },
  {
    "bookName": "尸兄（我叫白小飞）",
    "deviceId": "",
    "lastRead": 1721986006671,
    "readTime": 1515376
  },
  {
    "bookName": "物理魔法使马修",
    "deviceId": "",
    "lastRead": 1722592813383,
    "readTime": 23465
  },
  {
    "bookName": "步天歌",
    "deviceId": "",
    "lastRead": 1722592824510,
    "readTime": 40386
  },
  {
    "bookName": "爱情公寓漫画版",
    "deviceId": "",
    "lastRead": 1722592825933,
    "readTime": 18847
  },
  {
    "bookName": "博人传-火影次世代-",
    "deviceId": "",
    "lastRead": 1722592828346,
    "readTime": 26046
  },
  {
    "bookName": "镖人",
    "deviceId": "",
    "lastRead": 1722592830913,
    "readTime": 26644
  },
  {
    "bookName": "偷星九月天",
    "deviceId": "",
    "lastRead": 1722688089268,
    "readTime": 301740
  },
  {
    "bookName": "帳篷裡的秘密",
    "deviceId": "",
    "lastRead": 1724345390697,
    "readTime": 245
  },
  {
    "bookName": "異世界催眠王",
    "deviceId": "",
    "lastRead": 1724345405736,
    "readTime": 9391
  },
  {
    "bookName": "越過陽台擁抱妳",
    "deviceId": "",
    "lastRead": 1724345411927,
    "readTime": 820
  },
  {
    "bookName": "和姐姐一起清掃",
    "deviceId": "",
    "lastRead": 1724345631465,
    "readTime": 34128
  },
  {
    "bookName": "实习生",
    "deviceId": "",
    "lastRead": 1724345841252,
    "readTime": 7727
  },
  {
    "bookName": "反叛的鲁路修~",
    "deviceId": "",
    "lastRead": 1724502868869,
    "readTime": 31868
  },
  {
    "bookName": "灌篮高手",
    "deviceId": "",
    "lastRead": 1724502973139,
    "readTime": 24996
  },
  {
    "bookName": "时光代理人",
    "deviceId": "",
    "lastRead": 1724601074226,
    "readTime": 3679376
  },
  {
    "bookName": "罗小黑战记·蓝溪镇",
    "deviceId": "",
    "lastRead": 1724601091324,
    "readTime": 1272486
  },
  {
    "bookName": "bluetooth_content_share_103130",
    "deviceId": "",
    "lastRead": 1726410842361,
    "readTime": 508
  },
  {
    "bookName": "盗墓笔记",
    "deviceId": "",
    "lastRead": 1726906883753,
    "readTime": 15600
  },
  {
    "bookName": "蜘蛛侠2016",
    "deviceId": "",
    "lastRead": 1727019658104,
    "readTime": 20732
  },
  {
    "bookName": "嵌入式Linux开发技术",
    "deviceId": "",
    "lastRead": 1727019718680,
    "readTime": 5751
  },
  {
    "bookName": "Linux人工智能开发实例",
    "deviceId": "",
    "lastRead": 1727019744357,
    "readTime": 720
  },
  {
    "bookName": "东京喰种RE",
    "deviceId": "",
    "lastRead": 1727220289092,
    "readTime": 36381
  },
  {
    "bookName": "驱魔录",
    "deviceId": "",
    "lastRead": 1728307335243,
    "readTime": 27053138
  },
  {
    "bookName": "养敌为患",
    "deviceId": "",
    "lastRead": 1728307568617,
    "readTime": 126267
  },
  {
    "bookName": "庆余年",
    "deviceId": "",
    "lastRead": 1728309896949,
    "readTime": 41397012
  },
  {
    "bookName": "被讨厌的勇气",
    "deviceId": "",
    "lastRead": 1728346113786,
    "readTime": 1350
  },
  {
    "bookName": "长歌行",
    "deviceId": "",
    "lastRead": 1728381971195,
    "readTime": 243471
  },
  {
    "bookName": "传武",
    "deviceId": "",
    "lastRead": 1728392536324,
    "readTime": 228901
  },
  {
    "bookName": "那年那兔那些事儿",
    "deviceId": "",
    "lastRead": 1728403941615,
    "readTime": 314885
  },
  {
    "bookName": "女神异闻录5 Mementos Mission",
    "deviceId": "",
    "lastRead": 1728443200947,
    "readTime": 7079
  },
  {
    "bookName": "我独自升级",
    "deviceId": "",
    "lastRead": 1728484835931,
    "readTime": 54284427
  },
  {
    "bookName": "圣经",
    "deviceId": "",
    "lastRead": 1728537353185,
    "readTime": 4969
  },
  {
    "bookName": "我的大学",
    "deviceId": "",
    "lastRead": 1728546833685,
    "readTime": 27451
  },
  {
    "bookName": "She：我的魅惑女友",
    "deviceId": "",
    "lastRead": 1728548198784,
    "readTime": 4386
  },
  {
    "bookName": "恒沙记",
    "deviceId": "",
    "lastRead": 1728559056414,
    "readTime": 11984139
  },
  {
    "bookName": "三国演义",
    "deviceId": "",
    "lastRead": 1728605063412,
    "readTime": 295248
  },
  {
    "bookName": "从前有座灵剑山",
    "deviceId": "",
    "lastRead": 1728605147973,
    "readTime": 174472
  },
  {
    "bookName": "魔道祖师",
    "deviceId": "",
    "lastRead": 1728605663128,
    "readTime": 54265
  },
  {
    "bookName": "爱上男闺蜜",
    "deviceId": "",
    "lastRead": 1728605692555,
    "readTime": 620
  },
  {
    "bookName": "妖神记",
    "deviceId": "",
    "lastRead": 1728605712929,
    "readTime": 1773
  },
  {
    "bookName": "灵笼 · 月魁传",
    "deviceId": "",
    "lastRead": 1728663023957,
    "readTime": 20980348
  },
  {
    "bookName": "同事換換愛",
    "deviceId": "",
    "lastRead": 1728711130604,
    "readTime": 26239
  },
  {
    "bookName": "Reincarnated! My Parents and Brothers Beg for My Forgiveness",
    "deviceId": "",
    "lastRead": 1728711226600,
    "readTime": 890
  },
  {
    "bookName": "初恋的女儿",
    "deviceId": "",
    "lastRead": 1728711383303,
    "readTime": 55378
  },
  {
    "bookName": "偷窺（全集无删减）",
    "deviceId": "",
    "lastRead": 1728711430841,
    "readTime": 1112
  },
  {
    "bookName": "幸福之路",
    "deviceId": "",
    "lastRead": 1728786447592,
    "readTime": 58878
  },
  {
    "bookName": "幸好",
    "deviceId": "",
    "lastRead": 1730609452233,
    "readTime": 6229
  },
  {
    "bookName": "剑灵",
    "deviceId": "",
    "lastRead": 1730610990933,
    "readTime": 17157
  },
  {
    "bookName": "en2",
    "deviceId": "",
    "lastRead": 1730646636903,
    "readTime": 5712
  },
  {
    "bookName": "ch3",
    "deviceId": "",
    "lastRead": 1730646651005,
    "readTime": 6843
  },
  {
    "bookName": "真人实境秀",
    "deviceId": "",
    "lastRead": 1730824360239,
    "readTime": 1588
  },
  {
    "bookName": "真實的戀愛故事（真人）",
    "deviceId": "",
    "lastRead": 1730824624284,
    "readTime": 38594
  },
  {
    "bookName": "鄰居姐姐是AV導演（真人漫画）",
    "deviceId": "",
    "lastRead": 1730824669942,
    "readTime": 29218
  },
  {
    "bookName": "万丈光芒不及你（真人漫）",
    "deviceId": "",
    "lastRead": 1730824800428,
    "readTime": 44720
  },
  {
    "bookName": "整容液真人版",
    "deviceId": "",
    "lastRead": 1730824859683,
    "readTime": 320
  },
  {
    "bookName": "家教老师（真人漫画）",
    "deviceId": "",
    "lastRead": 1730824927925,
    "readTime": 13697
  },
  {
    "bookName": "霸道总裁爱太欢",
    "deviceId": "",
    "lastRead": 1730825218987,
    "readTime": 19719
  },
  {
    "bookName": "真人版娜美 | 泉里香1st写真集《Rika!》",
    "deviceId": "",
    "lastRead": 1730825425643,
    "readTime": 32017
  },
  {
    "bookName": "命运:贞洁欲女",
    "deviceId": "",
    "lastRead": 1730825673513,
    "readTime": 193753
  },
  {
    "bookName": "神兵小将",
    "deviceId": "",
    "lastRead": 1730911241838,
    "readTime": 829
  },
  {
    "bookName": "情色漫画家的献身小助手~",
    "deviceId": "",
    "lastRead": 1730955040567,
    "readTime": 65295
  },
  {
    "bookName": "WxY ~情色漫画的性域~",
    "deviceId": "",
    "lastRead": 1730955087639,
    "readTime": 35376
  },
  {
    "bookName": "穿越千年的爱恋",
    "deviceId": "",
    "lastRead": 1730966762403,
    "readTime": 11394
  },
  {
    "bookName": "九九八十一",
    "deviceId": "",
    "lastRead": 1731224483433,
    "readTime": 32828461
  },
  {
    "bookName": "红楼梦",
    "deviceId": "",
    "lastRead": 1731401930532,
    "readTime": 141215
  },
  {
    "bookName": "一人之下番外·锈铁",
    "deviceId": "",
    "lastRead": 1731404231718,
    "readTime": 15071
  },
  {
    "bookName": "午时三刻",
    "deviceId": "",
    "lastRead": 1731404236207,
    "readTime": 15839710
  },
  {
    "bookName": "Swisse我的斯维诗成人呵护",
    "deviceId": "",
    "lastRead": 1731473597129,
    "readTime": 191
  },
  {
    "bookName": "邻居姐姐是AV导演（真人漫画）",
    "deviceId": "",
    "lastRead": 1731475191726,
    "readTime": 16642
  },
  {
    "bookName": "童年",
    "deviceId": "",
    "lastRead": 1731476750164,
    "readTime": 12009
  },
  {
    "bookName": "能不能从霸道总裁的手下的角度写故事？ - 知乎",
    "deviceId": "",
    "lastRead": 1731485181226,
    "readTime": 3505
  },
  {
    "bookName": "有没有虐得你久久不能恢复的短篇小说？",
    "deviceId": "",
    "lastRead": 1731485240301,
    "readTime": 4225
  },
  {
    "bookName": "我的异能悠闲生活",
    "deviceId": "",
    "lastRead": 1731510591670,
    "readTime": 22536
  },
  {
    "bookName": "中国惊奇先生",
    "deviceId": "",
    "lastRead": 1731583855486,
    "readTime": 606876
  },
  {
    "bookName": "死神",
    "deviceId": "",
    "lastRead": 1731587638256,
    "readTime": 70766
  },
  {
    "bookName": "台北女生",
    "deviceId": "",
    "lastRead": 1731588317835,
    "readTime": 32522
  },
  {
    "bookName": "枪神纪",
    "deviceId": "",
    "lastRead": 1731588386612,
    "readTime": 3223
  },
  {
    "bookName": "全域经营创新指南",
    "deviceId": "",
    "lastRead": 1731588709123,
    "readTime": 1292
  },
  {
    "bookName": "您的蛋蛋",
    "deviceId": "",
    "lastRead": 1732254770788,
    "readTime": 29407
  },
  {
    "bookName": "Namigonewild_-_NamiNamigonewild_-_Nam",
    "deviceId": "",
    "lastRead": 1732254853409,
    "readTime": 33984
  },
  {
    "bookName": "小森食光",
    "deviceId": "",
    "lastRead": 1734146960140,
    "readTime": 185888
  },
  {
    "bookName": "少女潘金莲",
    "deviceId": "",
    "lastRead": 1734969853760,
    "readTime": 554
  },
  {
    "bookName": "山炮归来之黑丝女神",
    "deviceId": "",
    "lastRead": 1734969898116,
    "readTime": 601
  },
  {
    "bookName": "家人麦计较",
    "deviceId": "",
    "lastRead": 1735487482687,
    "readTime": 16964
  },
  {
    "bookName": "初戀的誘惑",
    "deviceId": "",
    "lastRead": 1735884783790,
    "readTime": 138322
  },
  {
    "bookName": "实习生全裸上班日记",
    "deviceId": "",
    "lastRead": 1735884896673,
    "readTime": 35465
  },
  {
    "bookName": "河北彩花",
    "deviceId": "",
    "lastRead": 1736143609640,
    "readTime": 16809
  },
  {
    "bookName": "妖怪名单",
    "deviceId": "",
    "lastRead": 1736556326351,
    "readTime": 280050
  },
  {
    "bookName": "绝世圣尊",
    "deviceId": "",
    "lastRead": 1737445782279,
    "readTime": 379
  },
  {
    "bookName": "大爱",
    "deviceId": "",
    "lastRead": 1737475887921,
    "readTime": 5118
  },
  {
    "bookName": "日月同错",
    "deviceId": "",
    "lastRead": 1738060323509,
    "readTime": 2766230
  },
  {
    "bookName": "史记",
    "deviceId": "",
    "lastRead": 1738217380546,
    "readTime": 6587
  },
  {
    "bookName": "校花的贴身高手",
    "deviceId": "",
    "lastRead": 1738486759552,
    "readTime": 11411
  },
  {
    "bookName": "画江湖之不良人 官方授权漫画",
    "deviceId": "",
    "lastRead": 1738547109305,
    "readTime": 52202
  },
  {
    "bookName": "童年·在人间·我的大学",
    "deviceId": "",
    "lastRead": 1739494467723,
    "readTime": 5688
  },
  {
    "bookName": "摩尔庄园第一季",
    "deviceId": "",
    "lastRead": 1739497922761,
    "readTime": 5801
  },
  {
    "bookName": "摩尔庄园冰世纪",
    "deviceId": "",
    "lastRead": 1739500983985,
    "readTime": 975
  },
  {
    "bookName": "摩尔庄园",
    "deviceId": "",
    "lastRead": 1739501005157,
    "readTime": 711
  },
  {
    "bookName": "阿衰",
    "deviceId": "",
    "lastRead": 1739501247854,
    "readTime": 69502
  },
  {
    "bookName": "與人妻排球部的大...",
    "deviceId": "",
    "lastRead": 1739723663057,
    "readTime": 70148
  },
  {
    "bookName": "我看著妻子被其他男人幹到一次又一次高潮。",
    "deviceId": "",
    "lastRead": 1739723996506,
    "readTime": 601711
  },
  {
    "bookName": "新娘初夜",
    "deviceId": "",
    "lastRead": 1739809250136,
    "readTime": 68633
  },
  {
    "bookName": "[BLUECAK...",
    "deviceId": "",
    "lastRead": 1739809315023,
    "readTime": 50978
  },
  {
    "bookName": "Coser@桜井...",
    "deviceId": "",
    "lastRead": 1739809550667,
    "readTime": 136594
  },
  {
    "bookName": "[Pure Media] Vol.265 - Yeha (예하) Hungry bitch in the stairwell",
    "deviceId": "",
    "lastRead": 1739896667238,
    "readTime": 192447
  },
  {
    "bookName": "Rina-JVID_Christmas Thanksgiving",
    "deviceId": "",
    "lastRead": 1739896791539,
    "readTime": 81945
  },
  {
    "bookName": "同事一直诱惑我，终于找到机会把她睡了 [21P]",
    "deviceId": "",
    "lastRead": 1739896866277,
    "readTime": 39065
  },
  {
    "bookName": "明朝败家子",
    "deviceId": "",
    "lastRead": 1739897270306,
    "readTime": 385
  },
  {
    "bookName": "[DiceBomb (Casino)] Strawberry Secret (THE IDOLM@STER CINDERELLA GIRLS) [Japanese, Chinese] [Digital]",
    "deviceId": "",
    "lastRead": 1740122984924,
    "readTime": 35919
  },
  {
    "bookName": "抖娘利世-真人",
    "deviceId": "",
    "lastRead": 1740242611656,
    "readTime": 43473
  },
  {
    "bookName": "G罩杯的誘惑（真人）",
    "deviceId": "",
    "lastRead": 1740242867706,
    "readTime": 291861
  },
  {
    "bookName": "家教老师（真人）",
    "deviceId": "",
    "lastRead": 1740242912497,
    "readTime": 22024
  },
  {
    "bookName": "The Pure...",
    "deviceId": "",
    "lastRead": 1740243016977,
    "readTime": 82113
  },
  {
    "bookName": "动作漫画",
    "deviceId": "",
    "lastRead": 1740536804928,
    "readTime": 4031
  },
  {
    "bookName": "镇魂街",
    "deviceId": "",
    "lastRead": 1741228312944,
    "readTime": 6039272
  },
  {
    "bookName": "下一顫，性福",
    "deviceId": "",
    "lastRead": 1741365015120,
    "readTime": 477461
  },
  {
    "bookName": "奶桃&真人电车调教",
    "deviceId": "",
    "lastRead": 1741539593207,
    "readTime": 154682
  },
  {
    "bookName": "果寶寶X妍妍 - 姐妹的体液",
    "deviceId": "",
    "lastRead": 1741539829116,
    "readTime": 264942
  },
  {
    "bookName": "性感写真（真人集）",
    "deviceId": "",
    "lastRead": 1742229156112,
    "readTime": 13551
  },
  {
    "bookName": "重機女神“痞幼”大尺度照片流出",
    "deviceId": "",
    "lastRead": 1742229286036,
    "readTime": 45342
  },
  {
    "bookName": "Aina_Mikami_-_Ganyu",
    "deviceId": "",
    "lastRead": 1743267168782,
    "readTime": 151271
  },
  {
    "bookName": "幽游白书",
    "deviceId": "",
    "lastRead": 1743610820345,
    "readTime": 54369
  },
  {
    "bookName": "飞车极速计划",
    "deviceId": "",
    "lastRead": 1743955593107,
    "readTime": 20249205
  },
  {
    "bookName": "全职高手挑战赛篇",
    "deviceId": "",
    "lastRead": 1744022278690,
    "readTime": 113321
  },
  {
    "bookName": "[うすべに桜子] あしふぇてぃっしゅ 美腿痴...",
    "deviceId": "",
    "lastRead": 1744217506230,
    "readTime": 14890
  },
  {
    "bookName": "神奇宝贝SPECIAL X‧Y",
    "deviceId": "",
    "lastRead": 1744558998592,
    "readTime": 3878
  },
  {
    "bookName": "塞尔达传说_时之笛",
    "deviceId": "",
    "lastRead": 1744559191436,
    "readTime": 29617
  },
  {
    "bookName": "塞尔达传说缩小帽",
    "deviceId": "",
    "lastRead": 1744559256738,
    "readTime": 23093
  },
  {
    "bookName": "逆转裁判",
    "deviceId": "",
    "lastRead": 1745228429377,
    "readTime": 26922
  },
  {
    "bookName": "秋和柯基 霸凌日记",
    "deviceId": "",
    "lastRead": 1746458061418,
    "readTime": 54823
  },
  {
    "bookName": "Twitter網紅",
    "deviceId": "",
    "lastRead": 1746458158157,
    "readTime": 14053
  },
  {
    "bookName": "不可忍受的新婚生活",
    "deviceId": "",
    "lastRead": 1746458219999,
    "readTime": 29560
  },
  {
    "bookName": "鱼子酱Fish – 双人play",
    "deviceId": "",
    "lastRead": 1746458270720,
    "readTime": 40503
  },
  {
    "bookName": "Yeon Woo 韓國大奶妹",
    "deviceId": "",
    "lastRead": 1746458367857,
    "readTime": 89414
  },
  {
    "bookName": "潮濕夏日+體育課...",
    "deviceId": "",
    "lastRead": 1746458464841,
    "readTime": 90722
  },
  {
    "bookName": "宅女與貓咪同居性生活",
    "deviceId": "",
    "lastRead": 1746510056357,
    "readTime": 116166
  },
  {
    "bookName": "[DJAWA] ...",
    "deviceId": "",
    "lastRead": 1746510129620,
    "readTime": 23843
  },
  {
    "bookName": "香草喵露露真人",
    "deviceId": "",
    "lastRead": 1746510172876,
    "readTime": 38007
  },
  {
    "bookName": "黎菲兒 - 溫泉性愛之旅",
    "deviceId": "",
    "lastRead": 1746510328086,
    "readTime": 145624
  },
  {
    "bookName": "家有色鬼",
    "deviceId": "",
    "lastRead": 1746510462887,
    "readTime": 124797
  },
  {
    "bookName": "中华人民共和国电力法",
    "deviceId": "",
    "lastRead": 1747053178147,
    "readTime": 329
  },
  {
    "bookName": "电力设施保护条例",
    "deviceId": "",
    "lastRead": 1747053180761,
    "readTime": 328
  },
  {
    "bookName": "供电营业规则",
    "deviceId": "",
    "lastRead": 1747053265773,
    "readTime": 80818
  },
  {
    "bookName": "电力法+电力设施保护条例+供电营业规则题库",
    "deviceId": "",
    "lastRead": 1747053348646,
    "readTime": 10114
  },
  {
    "bookName": "AI:刘亦菲",
    "deviceId": "",
    "lastRead": 1747200451026,
    "readTime": 26109
  },
  {
    "bookName": "ABeautiful Companion",
    "deviceId": "",
    "lastRead": 1747200574611,
    "readTime": 170358
  },
  {
    "bookName": "乖，让我咬一口",
    "deviceId": "",
    "lastRead": 1747244465643,
    "readTime": 1248
  },
  {
    "bookName": "朋友的母亲是我的所有物",
    "deviceId": "",
    "lastRead": 1747244889276,
    "readTime": 105769
  },
  {
    "bookName": "色轮眼",
    "deviceId": "",
    "lastRead": 1747244957731,
    "readTime": 53213
  },
  {
    "bookName": "[Hashimura Aoki] Mamorino Miko Yuki (COMIC AUN 2018-06)",
    "deviceId": "",
    "lastRead": 1747245048618,
    "readTime": 69171
  },
  {
    "bookName": "DARLING in the FRANXX",
    "deviceId": "",
    "lastRead": 1749719947075,
    "readTime": 110170
  },
  {
    "bookName": "辉夜妹红杂志写真集",
    "deviceId": "",
    "lastRead": 1750091626750,
    "readTime": 453
  },
  {
    "bookName": "写真集少女~",
    "deviceId": "",
    "lastRead": 1750091750433,
    "readTime": 4574
  },
  {
    "bookName": "机动战士高达战地写真集",
    "deviceId": "",
    "lastRead": 1750091773262,
    "readTime": 9049
  },
  {
    "bookName": "田中美久1st写真集",
    "deviceId": "",
    "lastRead": 1750091797218,
    "readTime": 12608
  },
  {
    "bookName": "爸爸和巨乳JK以及游戏实况",
    "deviceId": "",
    "lastRead": 1750091844055,
    "readTime": 1303
  },
  {
    "bookName": "我喜欢的青梅竹马认真又能干可惜弱点是巨乳",
    "deviceId": "",
    "lastRead": 1750091861836,
    "readTime": 8691
  },
  {
    "bookName": "新手巨乳妻~",
    "deviceId": "",
    "lastRead": 1750091897467,
    "readTime": 19869
  },
  {
    "bookName": "彼女彼女の自慰行为事情百合~",
    "deviceId": "",
    "lastRead": 1750092111353,
    "readTime": 34685
  },
  {
    "bookName": "自慰机器",
    "deviceId": "",
    "lastRead": 1750092336935,
    "readTime": 173149
  },
  {
    "bookName": "自慰直播",
    "deviceId": "",
    "lastRead": 1750092364809,
    "readTime": 20750
  },
  {
    "bookName": "G罩杯的诱惑（真人）",
    "deviceId": "",
    "lastRead": 1750521398598,
    "readTime": 40136
  },
  {
    "bookName": "高质量清纯写真集",
    "deviceId": "",
    "lastRead": 1750521426767,
    "readTime": 440385
  },
  {
    "bookName": "秘密教学",
    "deviceId": "",
    "lastRead": 1750521582846,
    "readTime": 97320
  },
  {
    "bookName": "魔豆传奇",
    "deviceId": "",
    "lastRead": 1750608730390,
    "readTime": 398
  },
  {
    "bookName": "我只是一个凡人，为什么你们都奉我为圣",
    "deviceId": "",
    "lastRead": 1751388031508,
    "readTime": 74001
  },
  {
    "bookName": "重生1977年之世界之巅",
    "deviceId": "",
    "lastRead": 1751564612883,
    "readTime": 1604
  },
  {
    "bookName": "长安的荔枝（雷佳音、岳云鹏主演影视剧原著小说）",
    "deviceId": "",
    "lastRead": 1751565405229,
    "readTime": 397
  },
  {
    "bookName": "钢铁是怎样炼成的",
    "deviceId": "",
    "lastRead": 1753288596390,
    "readTime": 1353
  },
  {
    "bookName": "性感写真[真人集]",
    "deviceId": "",
    "lastRead": 1754767617628,
    "readTime": 17930
  },
  {
    "bookName": "鱼子酱Fish – 雨后彩虹",
    "deviceId": "",
    "lastRead": 1754767815503,
    "readTime": 5185
  },
  {
    "bookName": "傳宗接代好困難/借子",
    "deviceId": "",
    "lastRead": 1756912650900,
    "readTime": 556892
  },
  {
    "bookName": "全职高手",
    "deviceId": "",
    "lastRead": 1765183911302,
    "readTime": 38119283
  },
  {
    "bookName": "一人之下",
    "deviceId": "",
    "lastRead": 1765689731251,
    "readTime": 24063885
  }
]