[
  {
    "lastUseTime": 1737506706106,
    "usage": 5,
    "word": "一人之下"
  },
  {
    "lastUseTime": 1716716840337,
    "usage": 1,
    "word": "午时三刻"
  },
  {
    "lastUseTime": 1716822935788,
    "usage": 1,
    "word": "日月同错"
  },
  {
    "lastUseTime": 1716822974119,
    "usage": 1,
    "word": "步天歌"
  },
  {
    "lastUseTime": 1716823038866,
    "usage": 1,
    "word": "偷星九月天"
  },
  {
    "lastUseTime": 1717292228536,
    "usage": 1,
    "word": "神漫"
  },
  {
    "lastUseTime": 1717292283463,
    "usage": 1,
    "word": "杂志"
  },
  {
    "lastUseTime": 1717308074233,
    "usage": 1,
    "word": "我独自升级"
  },
  {
    "lastUseTime": 1719492967584,
    "usage": 9,
    "word": "大学棒棒糖"
  },
  {
    "lastUseTime": 1730954820478,
    "usage": 4,
    "word": "成何体统"
  },
  {
    "lastUseTime": 1720202130592,
    "usage": 8,
    "word": "庆余年"
  },
  {
    "lastUseTime": 1728403193481,
    "usage": 3,
    "word": "三国演义"
  },
  {
    "lastUseTime": 1717905577929,
    "usage": 1,
    "word": "活着"
  },
  {
    "lastUseTime": 1717905648678,
    "usage": 1,
    "word": "一地鸡毛"
  },
  {
    "lastUseTime": 1718204101464,
    "usage": 2,
    "word": "刀剑神域"
  },
  {
    "lastUseTime": 1717910225604,
    "usage": 1,
    "word": "明日之子"
  },
  {
    "lastUseTime": 1717910334518,
    "usage": 2,
    "word": "宫崎骏"
  },
  {
    "lastUseTime": 1717910284834,
    "usage": 1,
    "word": "千与千寻"
  },
  {
    "lastUseTime": 1717911084756,
    "usage": 1,
    "word": "罗小黑"
  },
  {
    "lastUseTime": 1720201486758,
    "usage": 5,
    "word": "爱情公寓"
  },
  {
    "lastUseTime": 1718269776298,
    "usage": 1,
    "word": "镖人"
  },
  {
    "lastUseTime": 1718269812843,
    "usage": 1,
    "word": "大理寺日志"
  },
  {
    "lastUseTime": 1718269956594,
    "usage": 1,
    "word": "镇魂街"
  },
  {
    "lastUseTime": 1718270392253,
    "usage": 1,
    "word": "驱魔录"
  },
  {
    "lastUseTime": 1720201839729,
    "usage": 3,
    "word": "一拳超人"
  },
  {
    "lastUseTime": 1731588516113,
    "usage": 2,
    "word": "博人传"
  },
  {
    "lastUseTime": 1718271308692,
    "usage": 1,
    "word": "灵能百分百"
  },
  {
    "lastUseTime": 1718271771939,
    "usage": 1,
    "word": "王牌御史"
  },
  {
    "lastUseTime": 1718271901266,
    "usage": 1,
    "word": "妖怪名单"
  },
  {
    "lastUseTime": 1718272161742,
    "usage": 1,
    "word": "灵笼"
  },
  {
    "lastUseTime": 1718272237544,
    "usage": 1,
    "word": "狐妖小红娘"
  },
  {
    "lastUseTime": 1719411985100,
    "usage": 2,
    "word": "叶轻眉日记"
  },
  {
    "lastUseTime": 1718377974545,
    "usage": 1,
    "word": "刺客伍六七"
  },
  {
    "lastUseTime": 1718378074988,
    "usage": 1,
    "word": "养敌为患"
  },
  {
    "lastUseTime": 1718395340523,
    "usage": 1,
    "word": "sweet home"
  },
  {
    "lastUseTime": 1718470742008,
    "usage": 1,
    "word": "fate"
  },
  {
    "lastUseTime": 1718471171718,
    "usage": 1,
    "word": "angle beats"
  },
  {
    "lastUseTime": 1731588574806,
    "usage": 3,
    "word": "从零开始的异世界生活"
  },
  {
    "lastUseTime": 1719673249144,
    "usage": 2,
    "word": "在地下城寻求邂逅是否搞错了什么"
  },
  {
    "lastUseTime": 1718472129836,
    "usage": 1,
    "word": "拳皇"
  },
  {
    "lastUseTime": 1728307868436,
    "usage": 3,
    "word": "全职高手"
  },
  {
    "lastUseTime": 1730911137800,
    "usage": 4,
    "word": "太平天书"
  },
  {
    "lastUseTime": 1718842720439,
    "usage": 1,
    "word": "时光代理人"
  },
  {
    "lastUseTime": 1730954651027,
    "usage": 3,
    "word": "凸变英雄"
  },
  {
    "lastUseTime": 1718979760211,
    "usage": 1,
    "word": "小花仙"
  },
  {
    "lastUseTime": 1719070751894,
    "usage": 1,
    "word": "绝毒牧师"
  },
  {
    "lastUseTime": 1719378895953,
    "usage": 1,
    "word": "物理魔法使马修"
  },
  {
    "lastUseTime": 1719378985706,
    "usage": 1,
    "word": "一人之下 锈铁"
  },
  {
    "lastUseTime": 1719411183597,
    "usage": 4,
    "word": "一人之下番外"
  },
  {
    "lastUseTime": 1728453116001,
    "usage": 3,
    "word": "恒沙记"
  },
  {
    "lastUseTime": 1727019498733,
    "usage": 3,
    "word": "Python"
  },
  {
    "lastUseTime": 1719973422856,
    "usage": 1,
    "word": "九九八十一"
  },
  {
    "lastUseTime": 1720170407588,
    "usage": 1,
    "word": "神魔英雄传"
  },
  {
    "lastUseTime": 1720170458793,
    "usage": 1,
    "word": "剑勇传说"
  },
  {
    "lastUseTime": 1720172109180,
    "usage": 1,
    "word": "约定的梦幻岛"
  },
  {
    "lastUseTime": 1720172144147,
    "usage": 1,
    "word": "石纪元"
  },
  {
    "lastUseTime": 1720180404269,
    "usage": 1,
    "word": "逃亡花"
  },
  {
    "lastUseTime": 1739501041340,
    "usage": 6,
    "word": "雾山五行"
  },
  {
    "lastUseTime": 1720198935703,
    "usage": 1,
    "word": "铁甲小宝"
  },
  {
    "lastUseTime": 1727019688619,
    "usage": 3,
    "word": "Linux"
  },
  {
    "lastUseTime": 1739636000948,
    "usage": 34,
    "word": "我的"
  },
  {
    "lastUseTime": 1720446479452,
    "usage": 1,
    "word": "水浒传"
  },
  {
    "lastUseTime": 1720486798228,
    "usage": 2,
    "word": "神兵玄奇"
  },
  {
    "lastUseTime": 1739501109702,
    "usage": 2,
    "word": "DARLING in the FRANXX"
  },
  {
    "lastUseTime": 1720703275229,
    "usage": 1,
    "word": "神厨小福贵"
  },
  {
    "lastUseTime": 1721291945071,
    "usage": 1,
    "word": "红楼梦"
  },
  {
    "lastUseTime": 1730824382772,
    "usage": 4,
    "word": "冲突"
  },
  {
    "lastUseTime": 1721785505988,
    "usage": 1,
    "word": "悟空传"
  },
  {
    "lastUseTime": 1723119659347,
    "usage": 1,
    "word": "长歌行"
  },
  {
    "lastUseTime": 1723786974261,
    "usage": 1,
    "word": "大话西游"
  },
  {
    "lastUseTime": 1724502776686,
    "usage": 1,
    "word": "叛逆的鲁鲁修"
  },
  {
    "lastUseTime": 1724502905541,
    "usage": 1,
    "word": "反叛的鲁路修"
  },
  {
    "lastUseTime": 1724502924922,
    "usage": 1,
    "word": "灌篮高手"
  },
  {
    "lastUseTime": 1728547378607,
    "usage": 7,
    "word": "我的大学"
  },
  {
    "lastUseTime": 1726413437229,
    "usage": 2,
    "word": "朱自清"
  },
  {
    "lastUseTime": 1739538058310,
    "usage": 3,
    "word": "查理九世"
  },
  {
    "lastUseTime": 1726844871738,
    "usage": 1,
    "word": "冒险小虎队"
  },
  {
    "lastUseTime": 1730911145902,
    "usage": 2,
    "word": "中华小子"
  },
  {
    "lastUseTime": 1726906815656,
    "usage": 1,
    "word": "盗墓笔记"
  },
  {
    "lastUseTime": 1727019477989,
    "usage": 1,
    "word": "OpenWrt"
  },
  {
    "lastUseTime": 1731588631212,
    "usage": 2,
    "word": "王者荣耀"
  },
  {
    "lastUseTime": 1727019570174,
    "usage": 1,
    "word": "火影忍者"
  },
  {
    "lastUseTime": 1727019594366,
    "usage": 1,
    "word": "蜘蛛侠"
  },
  {
    "lastUseTime": 1727220227855,
    "usage": 1,
    "word": "东京喰种"
  },
  {
    "lastUseTime": 1727743553953,
    "usage": 1,
    "word": "一拳男"
  },
  {
    "lastUseTime": 1728346096228,
    "usage": 1,
    "word": "被讨厌的勇气"
  },
  {
    "lastUseTime": 1728392130078,
    "usage": 1,
    "word": "传武"
  },
  {
    "lastUseTime": 1728402337559,
    "usage": 1,
    "word": "从前有座灵剑山"
  },
  {
    "lastUseTime": 1728403573236,
    "usage": 1,
    "word": "那年那兔那些事"
  },
  {
    "lastUseTime": 1728443156099,
    "usage": 1,
    "word": "女神异闻录"
  },
  {
    "lastUseTime": 1730966727675,
    "usage": 3,
    "word": "穿越千年的爱恋"
  },
  {
    "lastUseTime": 1739538066896,
    "usage": 7,
    "word": "老高与小茉"
  },
  {
    "lastUseTime": 1730910994531,
    "usage": 2,
    "word": "溪刘"
  },
  {
    "lastUseTime": 1729165245796,
    "usage": 1,
    "word": "画江湖之不良人"
  },
  {
    "lastUseTime": 1730108297928,
    "usage": 1,
    "word": "小森林"
  },
  {
    "lastUseTime": 1730108349394,
    "usage": 1,
    "word": "五十岚大介"
  },
  {
    "lastUseTime": 1737506658121,
    "usage": 5,
    "word": "米二"
  },
  {
    "lastUseTime": 1750092391475,
    "usage": 9,
    "word": "真人"
  },
  {
    "lastUseTime": 1730910972543,
    "usage": 4,
    "word": "山海经"
  },
  {
    "lastUseTime": 1730911201616,
    "usage": 2,
    "word": "神兵小将"
  },
  {
    "lastUseTime": 1730911260199,
    "usage": 1,
    "word": "虹猫蓝兔七侠传"
  },
  {
    "lastUseTime": 1731555527334,
    "usage": 2,
    "word": "星游记"
  },
  {
    "lastUseTime": 1730954784075,
    "usage": 1,
    "word": "吃瓜"
  },
  {
    "lastUseTime": 1730954891415,
    "usage": 2,
    "word": "聊天记录"
  },
  {
    "lastUseTime": 1730954964654,
    "usage": 1,
    "word": "色漫"
  },
  {
    "lastUseTime": 1730966703496,
    "usage": 2,
    "word": "我独自升级 诸神黄昏"
  },
  {
    "lastUseTime": 1730981910315,
    "usage": 1,
    "word": "漫威"
  },
  {
    "lastUseTime": 1730982001729,
    "usage": 1,
    "word": "钢铁侠"
  },
  {
    "lastUseTime": 1730982035167,
    "usage": 1,
    "word": "marvel"
  },
  {
    "lastUseTime": 1730982087995,
    "usage": 1,
    "word": "封神榜"
  },
  {
    "lastUseTime": 1739500992545,
    "usage": 7,
    "word": "摩尔庄园"
  },
  {
    "lastUseTime": 1730982307009,
    "usage": 1,
    "word": "摩尔庄园官方"
  },
  {
    "lastUseTime": 1730982326410,
    "usage": 1,
    "word": "摩尔庄园剧情"
  },
  {
    "lastUseTime": 1739501051111,
    "usage": 3,
    "word": "赛尔号"
  },
  {
    "lastUseTime": 1730982432288,
    "usage": 1,
    "word": "赛尔号官方"
  },
  {
    "lastUseTime": 1730982445120,
    "usage": 1,
    "word": "赛尔号剧情"
  },
  {
    "lastUseTime": 1730982506699,
    "usage": 2,
    "word": "洛克王国"
  },
  {
    "lastUseTime": 1731411465288,
    "usage": 1,
    "word": "仙剑奇侠传"
  },
  {
    "lastUseTime": 1731411545302,
    "usage": 1,
    "word": "精灵宝可梦"
  },
  {
    "lastUseTime": 1731476778833,
    "usage": 2,
    "word": "龙珠"
  },
  {
    "lastUseTime": 1731411627967,
    "usage": 1,
    "word": "五代十国"
  },
  {
    "lastUseTime": 1731411655983,
    "usage": 1,
    "word": "隋唐英雄传"
  },
  {
    "lastUseTime": 1739501138356,
    "usage": 12,
    "word": "万泉寺超人"
  },
  {
    "lastUseTime": 1731545185240,
    "usage": 6,
    "word": "世界上最讨厌的你"
  },
  {
    "lastUseTime": 1731544716097,
    "usage": 16,
    "word": "人间观察黑皮书"
  },
  {
    "lastUseTime": 1731475022401,
    "usage": 1,
    "word": "绿皮书"
  },
  {
    "lastUseTime": 1731475035971,
    "usage": 1,
    "word": "知心大姐姐"
  },
  {
    "lastUseTime": 1739636044522,
    "usage": 10,
    "word": "大雷"
  },
  {
    "lastUseTime": 1731545310535,
    "usage": 2,
    "word": "童年"
  },
  {
    "lastUseTime": 1731485220789,
    "usage": 1,
    "word": "泰安"
  },
  {
    "lastUseTime": 1731555019508,
    "usage": 1,
    "word": "软路由"
  },
  {
    "lastUseTime": 1739501156449,
    "usage": 2,
    "word": "阿衰"
  },
  {
    "lastUseTime": 1731555254257,
    "usage": 2,
    "word": "魔角侦探"
  },
  {
    "lastUseTime": 1731555194079,
    "usage": 1,
    "word": "wawayaya时空港"
  },
  {
    "lastUseTime": 1731555210066,
    "usage": 1,
    "word": "盒子世界"
  },
  {
    "lastUseTime": 1731555233900,
    "usage": 1,
    "word": "哈皮父子"
  },
  {
    "lastUseTime": 1731555275279,
    "usage": 1,
    "word": "禹田文化传媒"
  },
  {
    "lastUseTime": 1731555407960,
    "usage": 1,
    "word": "弹珠传说"
  },
  {
    "lastUseTime": 1731555451739,
    "usage": 1,
    "word": "洛洛历险记"
  },
  {
    "lastUseTime": 1731555475243,
    "usage": 1,
    "word": "恐龙宝贝"
  },
  {
    "lastUseTime": 1731555506659,
    "usage": 1,
    "word": "京剧猫"
  },
  {
    "lastUseTime": 1731555547234,
    "usage": 1,
    "word": "魁拔"
  },
  {
    "lastUseTime": 1739501094147,
    "usage": 4,
    "word": "不良人"
  },
  {
    "lastUseTime": 1731555616275,
    "usage": 1,
    "word": "中国惊奇先生"
  },
  {
    "lastUseTime": 1731555721931,
    "usage": 2,
    "word": "狮子王"
  },
  {
    "lastUseTime": 1731555726614,
    "usage": 1,
    "word": "迪士尼"
  },
  {
    "lastUseTime": 1731555737703,
    "usage": 1,
    "word": "特斯拉"
  },
  {
    "lastUseTime": 1738547134488,
    "usage": 2,
    "word": "project"
  },
  {
    "lastUseTime": 1731555790224,
    "usage": 1,
    "word": "k"
  },
  {
    "lastUseTime": 1731555824094,
    "usage": 1,
    "word": "永生之酒"
  },
  {
    "lastUseTime": 1738547219148,
    "usage": 3,
    "word": "海贼王"
  },
  {
    "lastUseTime": 1731587431783,
    "usage": 1,
    "word": "死神"
  },
  {
    "lastUseTime": 1731588343588,
    "usage": 2,
    "word": "鬼谷八荒"
  },
  {
    "lastUseTime": 1731588362068,
    "usage": 1,
    "word": "枪神纪"
  },
  {
    "lastUseTime": 1731588472552,
    "usage": 1,
    "word": "荒野乱斗"
  },
  {
    "lastUseTime": 1731588492321,
    "usage": 1,
    "word": "和平精英"
  },
  {
    "lastUseTime": 1731588534309,
    "usage": 1,
    "word": "死亡笔记"
  },
  {
    "lastUseTime": 1731588558911,
    "usage": 1,
    "word": "碧蓝航线"
  },
  {
    "lastUseTime": 1731588597954,
    "usage": 1,
    "word": "平安京"
  },
  {
    "lastUseTime": 1731588658071,
    "usage": 1,
    "word": "古剑奇谭"
  },
  {
    "lastUseTime": 1731588685988,
    "usage": 1,
    "word": "剑灵"
  },
  {
    "lastUseTime": 1731588697061,
    "usage": 1,
    "word": "腾讯"
  },
  {
    "lastUseTime": 1732254549776,
    "usage": 1,
    "word": "大剑"
  },
  {
    "lastUseTime": 1734969908210,
    "usage": 2,
    "word": "黑兽"
  },
  {
    "lastUseTime": 1739501072919,
    "usage": 4,
    "word": "黑丝"
  },
  {
    "lastUseTime": 1734969839598,
    "usage": 3,
    "word": "开源掌机"
  },
  {
    "lastUseTime": 1735300266717,
    "usage": 2,
    "word": "韩漫"
  },
  {
    "lastUseTime": 1736235098324,
    "usage": 1,
    "word": "飞车极速计划"
  },
  {
    "lastUseTime": 1739896959979,
    "usage": 11,
    "word": "帝圣尊师居然是凡人"
  },
  {
    "lastUseTime": 1739501083877,
    "usage": 3,
    "word": "你们会飞檐走壁吗"
  },
  {
    "lastUseTime": 1737506620940,
    "usage": 3,
    "word": "大爱 project"
  },
  {
    "lastUseTime": 1739501066821,
    "usage": 8,
    "word": "大爱"
  },
  {
    "lastUseTime": 1737475824539,
    "usage": 4,
    "word": "美女"
  },
  {
    "lastUseTime": 1737506642408,
    "usage": 1,
    "word": "project 大爱"
  },
  {
    "lastUseTime": 1739897045223,
    "usage": 1,
    "word": "我只是一个凡人，为什么你们都奉我为圣"
  },
  {
    "lastUseTime": 1740156855540,
    "usage": 3,
    "word": "明朝败家子"
  },
  {
    "lastUseTime": 1740536763059,
    "usage": 1,
    "word": "动作漫画"
  },
  {
    "lastUseTime": 1741169489880,
    "usage": 1,
    "word": "敖丙传"
  },
  {
    "lastUseTime": 1750091550822,
    "usage": 3,
    "word": "写真"
  },
  {
    "lastUseTime": 1743610751308,
    "usage": 1,
    "word": "幽游白书"
  },
  {
    "lastUseTime": 1743610760638,
    "usage": 1,
    "word": "翻翻动漫 x 集英社"
  },
  {
    "lastUseTime": 1743956846697,
    "usage": 1,
    "word": "全职高手挑战赛篇"
  },
  {
    "lastUseTime": 1744217410989,
    "usage": 1,
    "word": "真人美腿"
  },
  {
    "lastUseTime": 1744217446663,
    "usage": 1,
    "word": "美腿"
  },
  {
    "lastUseTime": 1744559078284,
    "usage": 2,
    "word": "宝可梦"
  },
  {
    "lastUseTime": 1751565299259,
    "usage": 3,
    "word": "神奇宝贝"
  },
  {
    "lastUseTime": 1744559019260,
    "usage": 2,
    "word": "神奇宝贝 绿宝石"
  },
  {
    "lastUseTime": 1744559120795,
    "usage": 1,
    "word": "塞尔达"
  },
  {
    "lastUseTime": 1745228384364,
    "usage": 1,
    "word": "逆转裁判"
  },
  {
    "lastUseTime": 1745243663604,
    "usage": 1,
    "word": "马力欧大冒险"
  },
  {
    "lastUseTime": 1750091685280,
    "usage": 2,
    "word": "素人"
  },
  {
    "lastUseTime": 1750091728675,
    "usage": 1,
    "word": "写真集"
  },
  {
    "lastUseTime": 1750091810670,
    "usage": 1,
    "word": "巨乳"
  },
  {
    "lastUseTime": 1750092001175,
    "usage": 1,
    "word": "自慰"
  },
  {
    "lastUseTime": 1750092437413,
    "usage": 1,
    "word": "调教"
  },
  {
    "lastUseTime": 1750608704317,
    "usage": 2,
    "word": "魔豆传奇"
  },
  {
    "lastUseTime": 1751565309750,
    "usage": 1,
    "word": "星际宝贝"
  },
  {
    "lastUseTime": 1751565331394,
    "usage": 1,
    "word": "长安的荔枝"
  },
  {
    "lastUseTime": 1753247831803,
    "usage": 1,
    "word": "钢铁是怎样炼成的"
  }
]