[
  {
    "accentColor": "#E53935",
    "backgroundColor": "#F5F5F5",
    "bottomBackground": "#EEEEEE",
    "isNightTheme": false,
    "primaryColor": "#795548",
    "themeName": "默认"
  },
  {
    "accentColor": "#AD1457",
    "backgroundColor": "#F5F5F5",
    "bottomBackground": "#EEEEEE",
    "isNightTheme": false,
    "primaryColor": "#03A9F4",
    "themeName": "典雅蓝"
  },
  {
    "accentColor": "#E0E0E0",
    "backgroundColor": "#424242",
    "bottomBackground": "#424242",
    "isNightTheme": true,
    "primaryColor": "#303030",
    "themeName": "黑白"
  },
  {
    "accentColor": "#FFFFFF",
    "backgroundColor": "#000000",
    "bottomBackground": "#000000",
    "isNightTheme": true,
    "primaryColor": "#000000",
    "themeName": "A屏黑"
  },
  {
    "accentColor": "#fff1f183",
    "backgroundColor": "#ffcacde7",
    "bottomBackground": "#ffa8b2c7",
    "isNightTheme": false,
    "primaryColor": "#ffa2a8d4",
    "themeName": "一个雪夜"
  },
  {
    "accentColor": "#ffdb4390",
    "backgroundColor": "#ffe9e7ec",
    "bottomBackground": "#ffddc3f3",
    "isNightTheme": false,
    "primaryColor": "#ffe9e7ec",
    "themeName": "像素图•漫画书-电脑"
  },
  {
    "accentColor": "#ffb8b8d0",
    "backgroundColor": "#ffefefef",
    "bottomBackground": "#fff2f2f2",
    "isNightTheme": false,
    "primaryColor": "#ffefefef",
    "themeName": "简约•淡雅"
  },
  {
    "accentColor": "#ffb3c6da",
    "backgroundColor": "#fff5f7fa",
    "bottomBackground": "#ffeef5ff",
    "isNightTheme": false,
    "primaryColor": "#ff9ec9e2",
    "themeName": "柔和梦境•极简风"
  },
  {
    "accentColor": "#f8c9d6",
    "backgroundColor": "#f6f9fc",
    "bottomBackground": "#eef2f6",
    "isNightTheme": false,
    "primaryColor": "#dde6f0",
    "themeName": "清新蓝•简约雅致-Deepin"
  },
  {
    "accentColor": "#ff000000",
    "backgroundColor": "#fff5f5f3",
    "bottomBackground": "#fff5f5f3",
    "isNightTheme": false,
    "primaryColor": "#ffc8d8d0",
    "themeName": "归"
  },
  {
    "accentColor": "#ff607d8b",
    "backgroundColor": "#ffc5c8cb",
    "bottomBackground": "#ffb9cfe4",
    "isNightTheme": false,
    "primaryColor": "#ff7b92b4",
    "themeName": "江南、"
  },
  {
    "accentColor": "#ffb39ddb",
    "backgroundColor": "#ffc5c8cb",
    "bottomBackground": "#ffbfc4c9",
    "isNightTheme": false,
    "primaryColor": "#ffc7cdd4",
    "themeName": "不亮·Mine"
  }
]