{
  "bgAlpha": 100,
  "bgStr": "#ffc0edc6",
  "bgStrEInk": "#FFFFFF",
  "bgStrNight": "#000000",
  "bgType": 0,
  "bgTypeEInk": 0,
  "bgTypeNight": 0,
  "darkStatusIcon": true,
  "darkStatusIconEInk": true,
  "darkStatusIconNight": false,
  "footerMode": 0,
  "footerPaddingBottom": 10,
  "footerPaddingLeft": 13,
  "footerPaddingRight": 17,
  "footerPaddingTop": 0,
  "headerMode": 0,
  "headerPaddingBottom": 0,
  "headerPaddingLeft": 19,
  "headerPaddingRight": 16,
  "headerPaddingTop": 10,
  "letterSpacing": 0.0,
  "lineSpacingExtra": 10,
  "name": "微信读书",
  "paddingBottom": 4,
  "paddingLeft": 22,
  "paddingRight": 22,
  "paddingTop": 5,
  "pageAnim": 3,
  "pageAnimEInk": 3,
  "paragraphIndent": "　　",
  "paragraphSpacing": 6,
  "showFooterLine": true,
  "showHeaderLine": true,
  "textBold": 0,
  "textColor": "#ff0b0b0b",
  "textColorEInk": "#000000",
  "textColorNight": "#ADADAD",
  "textFont": "",
  "textSize": 24,
  "tipColor": -10461088,
  "tipDividerColor": -1,
  "tipFooterLeft": 7,
  "tipFooterMiddle": 0,
  "tipFooterRight": 6,
  "tipHeaderLeft": 1,
  "tipHeaderMiddle": 0,
  "tipHeaderRight": 2,
  "titleBottomSpacing": 0,
  "titleMode": 0,
  "titleSize": 4,
  "titleTopSpacing": 0,
  "underline": false
}