{"data":{"ACConfig":"s{\"common\":{\"0\":\"{\",\"1\":\"}\",\"isDevMode\":false,\"isLocalDevMode\":false,\"localDebugBaseUrl\":\"\",\"isRedirectEnable\":true,\"isAdsEnable\":true,\"isFaviconEnable\":false,\"isAutopage\":false,\"isBlockEnable\":true,\"isBlockResultDisplay\":true,\"isBlockBtnNotDisplay\":false,\"blockRuleList\":[],\"isRightDisplayEnable\":true,\"isCounterEnable\":false,\"isALineDisable\":false,\"isDarkModeEnable\":false,\"commonStyleEnable\":false,\"commonStyleLink\":\"\",\"commonStyleLess\":\"\",\"isBlockBtnDisplay\":false},\"baidu\":{\"0\":\"{\",\"1\":\"}\",\"doRemoveSug\":true,\"baiduLiteEnable\":false,\"adsStyleEnable\":true,\"adsStyleMode\":\"0\",\"HuYanMode\":false,\"HuYanMode_Color\":\"#ffffff\",\"BgEnable\":false,\"BgUseUrl\":\"\",\"BgFit\":true,\"BgBase64Image\":\"\",\"customStyleEnable\":false,\"customStyleLink\":\"\",\"customStyleLess\":\"\"},\"google\":{\"0\":\"{\",\"1\":\"}\",\"useBaiduLogo\":false,\"adsStyleEnable\":true,\"adsStyleMode\":\"0\",\"HuYanMode\":false,\"HuYanMode_Color\":\"#ffffff\",\"BgEnable\":false,\"BgUseUrl\":\"\",\"BgFit\":true,\"BgBase64Image\":\"\",\"customStyleEnable\":false,\"customStyleLink\":\"\",\"customStyleLess\":\"\"},\"bing\":{\"0\":\"{\",\"1\":\"}\",\"optimizeBing\":true,\"adsStyleEnable\":true,\"adsStyleMode\":\"0\",\"HuYanMode\":false,\"HuYanMode_Color\":\"#ffffff\",\"BgEnable\":false,\"BgUseUrl\":\"\",\"BgFit\":true,\"BgBase64Image\":\"\",\"customStyleEnable\":false,\"customStyleLink\":\"\",\"customStyleLess\":\"\"},\"duckduckgo\":{\"0\":\"{\",\"1\":\"}\",\"optimizeDuckDuckGo\":true,\"adsStyleEnable\":true,\"adsStyleMode\":\"0\",\"HuYanMode\":false,\"HuYanMode_Color\":\"#ffffff\",\"BgEnable\":false,\"BgUseUrl\":\"\",\"BgFit\":true,\"BgBase64Image\":\"\",\"customStyleEnable\":false,\"customStyleLink\":\"\",\"customStyleLess\":\"\"}}","SyncConfig":"s{\"refreshUrl\":true}"},"ts":1727405778563}