{"options":{"check_for_updates":false,"comment":null,"compat_foreach":false,"compat_metadata":false,"compat_prototypes":false,"compat_wrappedjsobject":false,"compatopts_for_requires":true,"noframes":null,"override":{"merge_connects":true,"merge_excludes":true,"merge_includes":true,"merge_matches":true,"orig_connects":[],"orig_excludes":[],"orig_includes":[],"orig_matches":["*://*.youku.com/*","*://*.iqiyi.com/*","*://*.iq.com/*","*://*.le.com/*","*://v.qq.com/*","*://m.v.qq.com/*","*://*.tudou.com/*","*://*.mgtv.com/*","*://tv.sohu.com/*","*://film.sohu.com/*","*://*.1905.com/*","*://*.bilibili.com/*","*://*.pptv.com/*"],"orig_noframes":null,"orig_run_at":"document-idle","use_blockers":[],"use_connects":[],"use_excludes":[],"use_includes":[],"use_matches":[]},"run_at":null},"settings":{"enabled":false,"position":30},"meta":{"name":"VIP 视频解析","uuid":"d1f9b77a-e2a9-403d-976b-bd9334f770e1","sc_uuid":"d1f9b77a-e2a9-403d-976b-bd9334f770e1","modified":1725504097578,"file_url":"https://update.greasyfork.org/scripts/406849/VIP%20%E8%A7%86%E9%A2%91%E8%A7%A3%E6%9E%90.user.js"}}