{"options":{"check_for_updates":false,"comment":null,"compat_foreach":false,"compat_metadata":false,"compat_prototypes":false,"compat_wrappedjsobject":false,"compatopts_for_requires":true,"noframes":null,"override":{"merge_connects":true,"merge_excludes":true,"merge_includes":true,"merge_matches":true,"orig_connects":[],"orig_excludes":[],"orig_includes":[],"orig_matches":["*://show.bookmarkearth.com/*","*://www.bookmarkearth.com/view/*"],"orig_noframes":null,"orig_run_at":"document-idle","use_blockers":[],"use_connects":[],"use_excludes":[],"use_includes":[],"use_matches":[]},"run_at":null},"settings":{"enabled":false,"position":12},"meta":{"name":"书签地球-免登录链接自动跳转","uuid":"2e1342ac-c680-4657-a8fd-a7366f4b4317","sc_uuid":"2e1342ac-c680-4657-a8fd-a7366f4b4317","modified":1725504844428,"file_url":"https://update.greasyfork.org/scripts/442066/%E4%B9%A6%E7%AD%BE%E5%9C%B0%E7%90%83-%E5%85%8D%E7%99%BB%E5%BD%95%E9%93%BE%E6%8E%A5%E8%87%AA%E5%8A%A8%E8%B7%B3%E8%BD%AC.user.js"}}