{"options":{"check_for_updates":false,"comment":null,"compat_foreach":false,"compat_metadata":false,"compat_prototypes":false,"compat_wrappedjsobject":false,"compatopts_for_requires":true,"noframes":null,"override":{"merge_connects":true,"merge_excludes":true,"merge_includes":true,"merge_matches":true,"orig_connects":[],"orig_excludes":["https://www.52bdys.com/play/*","https://www.52bdys.com/*/play"],"orig_includes":["https://www.52bdys.com/*"],"orig_matches":[],"orig_noframes":null,"orig_run_at":"document-idle","use_blockers":[],"use_connects":[],"use_excludes":[],"use_includes":[],"use_matches":[]},"run_at":null},"settings":{"enabled":true,"position":11},"meta":{"name":"旧版哔嘀影视下载链接复制","uuid":"3e72f9dd-1d24-4bc7-acab-0aee93082857","sc_uuid":"3e72f9dd-1d24-4bc7-acab-0aee93082857","modified":1725504877810,"file_url":"https://update.greasyfork.org/scripts/427322/%E6%97%A7%E7%89%88%E5%93%94%E5%98%80%E5%BD%B1%E8%A7%86%E4%B8%8B%E8%BD%BD%E9%93%BE%E6%8E%A5%E5%A4%8D%E5%88%B6.user.js"}}