{"options":{"check_for_updates":false,"comment":null,"compat_foreach":false,"compat_metadata":false,"compat_prototypes":false,"compat_wrappedjsobject":false,"compatopts_for_requires":true,"noframes":null,"override":{"merge_connects":true,"merge_excludes":true,"merge_includes":true,"merge_matches":true,"orig_connects":[],"orig_excludes":["https://www.zhihu.com/signin*"],"orig_includes":[],"orig_matches":["*://www.zhihu.com/*","*://zhuanlan.zhihu.com/*"],"orig_noframes":null,"orig_run_at":"document-idle","use_blockers":[],"use_connects":[],"use_excludes":[],"use_includes":[],"use_matches":[]},"run_at":null},"settings":{"enabled":true,"position":41},"meta":{"name":"知乎增强","uuid":"b94cb3c4-931c-4cbc-8eb7-492e6b17810b","sc_uuid":"b94cb3c4-931c-4cbc-8eb7-492e6b17810b","modified":1727247917482,"file_url":"https://update.greasyfork.org/scripts/419081/%E7%9F%A5%E4%B9%8E%E5%A2%9E%E5%BC%BA.user.js"}}