{"options":{"check_for_updates":false,"comment":null,"compat_foreach":false,"compat_metadata":false,"compat_prototypes":false,"compat_wrappedjsobject":false,"compatopts_for_requires":true,"noframes":null,"override":{"merge_connects":true,"merge_excludes":true,"merge_includes":true,"merge_matches":true,"orig_connects":[],"orig_excludes":[],"orig_includes":[],"orig_matches":["http://*.cnki.com.cn/Article/*.htm","https://*.cnki.com.cn/Article/*.htm"],"orig_noframes":null,"orig_run_at":"document-idle","use_blockers":[],"use_connects":[],"use_excludes":[],"use_includes":[],"use_matches":[]},"run_at":null},"settings":{"enabled":true,"position":1},"meta":{"name":"知网空间跳转知网页面","uuid":"c8c02474-f455-4c24-b918-fa48e8d58ec3","sc_uuid":"c8c02474-f455-4c24-b918-fa48e8d58ec3","modified":1725505074295,"file_url":"https://update.greasyfork.org/scripts/403732/%E7%9F%A5%E7%BD%91%E7%A9%BA%E9%97%B4%E8%B7%B3%E8%BD%AC%E7%9F%A5%E7%BD%91%E9%A1%B5%E9%9D%A2.user.js"}}