{"options":{"check_for_updates":false,"comment":null,"compat_foreach":false,"compat_metadata":false,"compat_prototypes":false,"compat_wrappedjsobject":false,"compatopts_for_requires":true,"noframes":null,"override":{"merge_connects":true,"merge_excludes":true,"merge_includes":true,"merge_matches":true,"orig_connects":["eemm.me"],"orig_excludes":["*www.bilibili.com/video*","*www.bilibili.com/v*","*www.bilibili.com/s/*","*www.bilibili.com/bangumi*","https://www.bilibili.com/medialist/play/*","*www.youtube.com/watch*","*www.panda.tv*","*www.github.com*","https://lanhuapp.com/*","https://www.douyu.com/*","https://www.zhihu.com/signin?*","https://tieba.baidu.com/*","https://v.qq.com/*","*.taobao.com/*","*tmall.com*","*signin*"],"orig_includes":[],"orig_matches":["*://*/*"],"orig_noframes":null,"orig_run_at":"document-idle","use_blockers":[],"use_connects":[],"use_excludes":[],"use_includes":[],"use_matches":[]},"run_at":null},"settings":{"enabled":true,"position":15},"meta":{"name":"网页限制解除(改)","uuid":"679d9a26-a04e-4d51-8231-0e749e5364b0","sc_uuid":"679d9a26-a04e-4d51-8231-0e749e5364b0","modified":1725504732695,"file_url":"https://update.greasyfork.org/scripts/28497/Remove%20web%20limits%28modified%29.user.js"}}