{"options":{"check_for_updates":false,"comment":null,"compat_foreach":false,"compat_metadata":false,"compat_prototypes":false,"compat_wrappedjsobject":false,"compatopts_for_requires":true,"noframes":null,"override":{"merge_connects":true,"merge_excludes":true,"merge_includes":true,"merge_matches":true,"orig_connects":[],"orig_excludes":[],"orig_includes":[],"orig_matches":["*://www.bilibili.com/video/av*","*://www.bilibili.com/video/BV*","*://www.bilibili.com/list/*","*://www.bilibili.com/festival/*","*://www.bilibili.com/bangumi/play/ep*","*://www.bilibili.com/bangumi/play/ss*","*://www.bilibili.com/cheese/play/ep*","*://www.bilibili.com/cheese/play/ss*"],"orig_noframes":null,"orig_run_at":"document-idle","use_blockers":[],"use_connects":[],"use_excludes":[],"use_includes":[],"use_matches":[]},"run_at":null},"settings":{"enabled":true,"position":36},"meta":{"name":"bilibili视频下载","uuid":"3d8e14e9-3657-46ce-ba78-8ed32e76ba4c","sc_uuid":"3d8e14e9-3657-46ce-ba78-8ed32e76ba4c","modified":1725503498254,"file_url":"https://update.greasyfork.org/scripts/413228/bilibili%E8%A7%86%E9%A2%91%E4%B8%8B%E8%BD%BD.user.js"}}