{"options":{"check_for_updates":false,"comment":null,"compat_foreach":false,"compat_metadata":false,"compat_prototypes":false,"compat_wrappedjsobject":false,"compatopts_for_requires":true,"noframes":null,"override":{"merge_connects":true,"merge_excludes":true,"merge_includes":true,"merge_matches":true,"orig_connects":[],"orig_excludes":[],"orig_includes":["http://www.baidu.com*","https://www.baidu.com*","http://www.google*","https://www.google*"],"orig_matches":[],"orig_noframes":null,"orig_run_at":"document-idle","use_blockers":[],"use_connects":[],"use_excludes":[],"use_includes":[],"use_matches":[]},"run_at":null},"settings":{"enabled":true,"position":5},"meta":{"name":"Endless Google And Baidu","uuid":"e1314e73-f3bc-4e8d-a8ed-170151136593","sc_uuid":"e1314e73-f3bc-4e8d-a8ed-170151136593","modified":1725504944481,"file_url":"https://update.greasyfork.org/scripts/399837/Endless%20Google%20And%20Baidu.user.js"}}