{"options":{"check_for_updates":false,"comment":null,"compat_foreach":false,"compat_metadata":false,"compat_prototypes":false,"compat_wrappedjsobject":false,"compatopts_for_requires":true,"noframes":null,"override":{"merge_connects":true,"merge_excludes":true,"merge_includes":true,"merge_matches":true,"orig_connects":[],"orig_excludes":[],"orig_includes":[],"orig_matches":["*://github.com/*","*://hub.incept.pw/*","*://hub.nuaa.cf/*","*://hub.yzuu.cf/*","*://hub.scholar.rr.nu/*","*://hub.whtrys.space/*","*://dgithub.xyz/*","*://kkgithub.com/*"],"orig_noframes":null,"orig_run_at":"document-idle","use_blockers":[],"use_connects":[],"use_excludes":[],"use_includes":[],"use_matches":[]},"run_at":null},"settings":{"enabled":true,"position":39},"meta":{"name":"Github 增强 - 高速下载","uuid":"59f2c70d-d274-418d-a27c-df5508cbb33e","sc_uuid":"59f2c70d-d274-418d-a27c-df5508cbb33e","modified":1725503378736,"file_url":"https://update.greasyfork.org/scripts/412245/Github%20%E5%A2%9E%E5%BC%BA%20-%20%E9%AB%98%E9%80%9F%E4%B8%8B%E8%BD%BD.user.js"}}