{"options":{"check_for_updates":false,"comment":null,"compat_foreach":false,"compat_metadata":false,"compat_prototypes":false,"compat_wrappedjsobject":false,"compatopts_for_requires":true,"noframes":null,"override":{"merge_connects":true,"merge_excludes":true,"merge_includes":true,"merge_matches":true,"orig_connects":["wedata.net","githubusercontent.com","ghproxy.com","hoothin.github.io","*"],"orig_excludes":[],"orig_includes":[],"orig_matches":["*://*/*"],"orig_noframes":null,"orig_run_at":"document-idle","use_blockers":[],"use_connects":[],"use_excludes":[],"use_includes":[],"use_matches":[]},"run_at":null},"settings":{"enabled":false,"position":45},"meta":{"name":"Pagetual","uuid":"0f7e036e-eaa5-4bfe-9181-609d11cba334","sc_uuid":"0f7e036e-eaa5-4bfe-9181-609d11cba334","modified":1725502890829,"file_url":"https://update.greasyfork.org/scripts/438684/Pagetual.user.js"}}