{"options":{"check_for_updates":false,"comment":null,"compat_foreach":false,"compat_metadata":false,"compat_prototypes":false,"compat_wrappedjsobject":false,"compatopts_for_requires":true,"noframes":null,"override":{"merge_connects":true,"merge_excludes":true,"merge_includes":true,"merge_matches":true,"orig_connects":[],"orig_excludes":[],"orig_includes":[],"orig_matches":["*://*/*/*"],"orig_noframes":null,"orig_run_at":"document-idle","use_blockers":[],"use_connects":[],"use_excludes":[],"use_includes":[],"use_matches":[]},"run_at":null},"settings":{"enabled":true,"position":46},"meta":{"name":"【万能视频自动刷课时播放脚本】各类专业技术人员，新疆继续教育，教师，会计，华医网，好医生，医学继续教育公需课专业课·····","uuid":"ab2dc480-cf60-4320-aeaf-fd9c46371e86","sc_uuid":"ab2dc480-cf60-4320-aeaf-fd9c46371e86","modified":1725502850833,"file_url":"https://scriptcat.org/scripts/code/1792/%E3%80%90%E4%B8%87%E8%83%BD%E8%A7%86%E9%A2%91%E8%87%AA%E5%8A%A8%E5%88%B7%E8%AF%BE%E6%97%B6%E6%92%AD%E6%94%BE%E8%84%9A%E6%9C%AC%E3%80%91%E5%90%84%E7%B1%BB%E4%B8%93%E4%B8%9A%E6%8A%80%E6%9C%AF%E4%BA%BA%E5%91%98%EF%BC%8C%E6%96%B0%E7%96%86%E7%BB%A7%E7%BB%AD%E6%95%99%E8%82%B2%EF%BC%8C%E6%95%99%E5%B8%88%EF%BC%8C%E4%BC%9A%E8%AE%A1%EF%BC%8C%E5%8D%8E%E5%8C%BB%E7%BD%91%EF%BC%8C%E5%A5%BD%E5%8C%BB%E7%94%9F%EF%BC%8C%E5%8C%BB%E5%AD%A6%E7%BB%A7%E7%BB%AD%E6%95%99%E8%82%B2%E5%85%AC%E9%9C%80%E8%AF%BE%E4%B8%93%E4%B8%9A%E8%AF%BE%C2%B7%C2%B7%C2%B7%C2%B7%C2%B7.user.js"}}