{"options":{"check_for_updates":false,"comment":null,"compat_foreach":false,"compat_metadata":false,"compat_prototypes":false,"compat_wrappedjsobject":false,"compatopts_for_requires":true,"noframes":null,"override":{"merge_connects":true,"merge_excludes":true,"merge_includes":true,"merge_matches":true,"orig_connects":["api.wandhi.com","api.huizhek.com","cdn.jsdelivr.net","tool.manmanbuy.com","gwdang.com","scriptcat.org","quark.cn","openapi.baidu.com","localhost","pan.baidu.com","api.bilibili.com"],"orig_excludes":["*://vip.wandhi.com/*"],"orig_includes":["*://item.taobao.com/*","*://s.taobao.com/search*","*://list.tmall.com/search_product.htm*","*://detail.tmall.com/*","*://chaoshi.detail.tmall.com/*","*://detail.tmall.hk/*","*://item.yiyaojd.com/*","*://item.jd.com/*","*://search.jd.com/*","*://item.jd.hk/*","*://search.kaola.com/*","*://goods.kaola.com*","*://detail.vip.com/detail-*","*://product.suning.com/*"],"orig_matches":["*://*blog.csdn.net/*","*://*download.csdn.net/*","*://*c.pc.qq.com/middlem*","*://*pan.baidu.com/disk/main*","*://link.csdn.net/*","*://link.zhihu.com/*","*://browser.gwdang.com/*","*://*www.jianshu.com/go-wild*","*://*gitee.com/link*","*://*juejin.cn/?target*","*://www.aliyundrive.com/drive*","*://www.alipan.com/drive/*","*://*.youtube.com/watch?v=*","*://support.qq.com/products*","*://weibo.cn/sinaurl*","*://afdian.net/link*","*://*oschina.net/action/GoToLink*","*://jump2.bdimg.com/safecheck*","*://www.douban.com/link2/?url*","*://link.17173.com*","*://search.suning.com/*","*://pan.quark.cn/*","*://docs.qq.com/scenario/link*","*://mail.qq.com/cgi-bin/readtemplate*","*://cloud.tencent.com/developer/tools/blog-entry*","*://link.uisdc.com/*","*://*.tudou.com/listplay/*","*://*.tudou.com/albumplay/*","*://*.tudou.com/programs/view/*","*://*.tudou.com/v*","*://*.mgtv.com/b/*","*://film.sohu.com/album/*","*://tv.sohu.com/v/*","*://*.acfun.cn/v/*","*://*.bilibili.com/video/*","*://*.bilibili.com/anime/*","*://*.bilibili.com/bangumi/play/*","*://*.pptv.com/show/*","*://*.baofeng.com/play/*","*://*.wasu.cn/Play/show*","*://v.yinyuetai.com/video/*","*://v.yinyuetai.com/playlist/*","*://*.wasu.cn/Play/show/*","*://music.taihe.com/song*","*://music.163.com/song*","*://music.163.com/m/song*","*://y.qq.com/*","*://*.kugou.com/*","*://*.kuwo.cn/*","*://*.xiami.com/*","*://music.taihe.com/*","*://*.1ting.com/player*","*://www.qingting.fm/*","*://www.lizhi.fm/*","*://music.migu.cn/*","*://www.shangxueba.com/ask/*.html","*://www.ximalaya.com/*","*://www.shangxueba.com/ask/*.html","*://pan.baidu.com/disk/home*","*://yun.baidu.com/disk/home*","*://pan.baidu.com/s/*","*://yun.baidu.com/s/*","*://pan.baidu.com/share/link*","*://yun.baidu.com/share/link*","*://wenku.baidu.com/view/*","*://settings.wandhi.com/*","*://m.youku.com/v*","*://m.youku.com/a*","*://v.youku.com/v_*","*://v.youku.com/pad_show*","*://*.iqiyi.com/v_*","*://*.iqiyi.com/w_*","*://*.iqiyi.com/a_*","*://*.iqiyi.com/adv*","*://*.iq.com/play/*","*://*.le.com/ptv/vplay/*","*://v.qq.com/x/cover/*","*://v.qq.com/x/page/*","*://v.qq.com/*play*","*://v.qq.com/cover*","*://c.pc.qq.com/ios*","*://www.v2ex.com/t/*","*://*.nodeseek.com/jump*","*://*.zhihu.com/question*","*://www.baidu.com/*","*://www.google.com/*","*://www.sogou.com/*","*://www.so.com/s*","*://cn.bing.com/search*","*://sspai.com/link*","*://*.kdocs.cn/office/link*","*://ispacesoft.com/*.html","*://tv.wandhi.com/go.html*","*://tv.wandhi.com/check.html","*://*.xiaohongshu.com/explore*","*://www.yuque.com/r/goto*","*://blog.51cto.com/transfer*","*://r.wjx.com/redirect.aspx*","*://www.infoq.cn/link*","*://open.work.weixin.qq.com/wwopen/uriconfirm?uri="],"orig_noframes":null,"orig_run_at":"document-idle","use_blockers":[],"use_connects":[],"use_excludes":[],"use_includes":[],"use_matches":[]},"run_at":null},"settings":{"enabled":false,"position":35},"meta":{"name":"【玩的嗨】VIP工具箱,夸克网盘直链批量获取,全网VIP视频免费破解去广告,一站式音乐搜索下载,获取B站封面,下载B站视频等众多功能聚合 长期更新,放心食用","uuid":"294ae2d7-baaf-43fc-a3da-84d1b7e1fd03","sc_uuid":"294ae2d7-baaf-43fc-a3da-84d1b7e1fd03","modified":1725503703743,"file_url":"http://tools.wandhi.com/scripts/onekeyvip.user.js"}}