{"options":{"check_for_updates":false,"comment":null,"compat_foreach":false,"compat_metadata":false,"compat_prototypes":false,"compat_wrappedjsobject":false,"compatopts_for_requires":true,"noframes":null,"override":{"merge_connects":true,"merge_excludes":true,"merge_includes":true,"merge_matches":true,"orig_connects":["youdao.com","iciba.com","translate.google.com","hjenglish.com","bing.com","chinacloudapi.cn","cambridge.org"],"orig_excludes":[],"orig_includes":["https://*/*","file:///*"],"orig_matches":["http://*/*"],"orig_noframes":null,"orig_run_at":"document-idle","use_blockers":[],"use_connects":[],"use_excludes":[],"use_includes":[],"use_matches":[]},"run_at":null},"settings":{"enabled":true,"position":29},"meta":{"name":"划词翻译：多词典查询","uuid":"e3d9d228-4c3c-4f0d-9802-bd2cb05aa80a","sc_uuid":"e3d9d228-4c3c-4f0d-9802-bd2cb05aa80a","modified":1725504074107,"file_url":"https://update.greasyfork.org/scripts/376313/%E5%88%92%E8%AF%8D%E7%BF%BB%E8%AF%91%EF%BC%9A%E5%A4%9A%E8%AF%8D%E5%85%B8%E6%9F%A5%E8%AF%A2.user.js"}}