{"options":{"check_for_updates":false,"comment":null,"compat_foreach":false,"compat_metadata":false,"compat_prototypes":false,"compat_wrappedjsobject":false,"compatopts_for_requires":true,"noframes":null,"override":{"merge_connects":true,"merge_excludes":true,"merge_includes":true,"merge_matches":true,"orig_connects":[],"orig_excludes":[],"orig_includes":[],"orig_matches":["http://ext.chrome.360.cn/*","https://ext.chrome.360.cn/*"],"orig_noframes":null,"orig_run_at":"document-idle","use_blockers":[],"use_connects":[],"use_excludes":[],"use_includes":[],"use_matches":[]},"run_at":null},"settings":{"enabled":true,"position":3},"meta":{"name":"去除360极速扩展中心限制","uuid":"f053ab29-8c98-4fc0-b3c7-9613e4945f83","sc_uuid":"f053ab29-8c98-4fc0-b3c7-9613e4945f83","modified":1725505107365,"file_url":"https://update.greasyfork.org/scripts/20663/%E5%8E%BB%E9%99%A4360%E6%9E%81%E9%80%9F%E6%89%A9%E5%B1%95%E4%B8%AD%E5%BF%83%E9%99%90%E5%88%B6.user.js"}}