{"options":{"check_for_updates":false,"comment":null,"compat_foreach":false,"compat_metadata":false,"compat_prototypes":false,"compat_wrappedjsobject":false,"compatopts_for_requires":true,"noframes":null,"override":{"merge_connects":true,"merge_excludes":true,"merge_includes":true,"merge_matches":true,"orig_connects":["*"],"orig_excludes":[],"orig_includes":[],"orig_matches":["https://movie.douban.com/subject/*","https://m.douban.com/movie/*"],"orig_noframes":null,"orig_run_at":"document-idle","use_blockers":[],"use_connects":[],"use_excludes":[],"use_includes":[],"use_matches":[]},"run_at":null},"settings":{"enabled":true,"position":33},"meta":{"name":"我只想好好观影","uuid":"da3605ed-93ef-4eec-862d-d8013f3d5431","sc_uuid":"da3605ed-93ef-4eec-862d-d8013f3d5431","modified":1725503801748,"file_url":"https://update.greasyfork.org/scripts/459540/%E6%88%91%E5%8F%AA%E6%83%B3%E5%A5%BD%E5%A5%BD%E8%A7%82%E5%BD%B1.user.js"}}