{"options":{"check_for_updates":false,"comment":null,"compat_foreach":false,"compat_metadata":false,"compat_prototypes":false,"compat_wrappedjsobject":false,"compatopts_for_requires":true,"noframes":null,"override":{"merge_connects":true,"merge_excludes":true,"merge_includes":true,"merge_matches":true,"orig_connects":[],"orig_excludes":["https://accounts.google.com/*","https://accounts.google.com.hk/*"],"orig_includes":[],"orig_matches":["*://*/*"],"orig_noframes":null,"orig_run_at":"document-idle","use_blockers":[],"use_connects":[],"use_excludes":[],"use_includes":[],"use_matches":[]},"run_at":null},"settings":{"enabled":false,"position":14},"meta":{"name":"新标签页打开链接","uuid":"5932c0fc-a130-4f56-8f88-dca3c1fe8917","sc_uuid":"5932c0fc-a130-4f56-8f88-dca3c1fe8917","modified":1725504822281,"file_url":"https://update.greasyfork.org/scripts/429714/%E6%96%B0%E6%A0%87%E7%AD%BE%E9%A1%B5%E6%89%93%E5%BC%80%E9%93%BE%E6%8E%A5.user.js"}}