{"options":{"check_for_updates":false,"comment":null,"compat_foreach":false,"compat_metadata":false,"compat_prototypes":false,"compat_wrappedjsobject":false,"compatopts_for_requires":true,"noframes":null,"override":{"merge_connects":true,"merge_excludes":true,"merge_includes":true,"merge_matches":true,"orig_connects":[],"orig_excludes":[],"orig_includes":[],"orig_matches":["https://*.sina.cn/*"],"orig_noframes":null,"orig_run_at":"document-idle","use_blockers":[],"use_connects":[],"use_excludes":[],"use_includes":[],"use_matches":[]},"run_at":null},"settings":{"enabled":false,"position":31},"meta":{"name":"浏览器打开；我偏不下载APP；我就用浏览器看","uuid":"125c3c32-0193-4cae-b61a-ab1d27643dde","sc_uuid":"125c3c32-0193-4cae-b61a-ab1d27643dde","modified":1725504049135,"file_url":"https://update.greasyfork.org/scripts/415679/%E6%B5%8F%E8%A7%88%E5%99%A8%E6%89%93%E5%BC%80%EF%BC%9B%E6%88%91%E5%81%8F%E4%B8%8D%E4%B8%8B%E8%BD%BDAPP%EF%BC%9B%E6%88%91%E5%B0%B1%E7%94%A8%E6%B5%8F%E8%A7%88%E5%99%A8%E7%9C%8B.user.js"}}