{"options":{"check_for_updates":false,"comment":null,"compat_foreach":false,"compat_metadata":false,"compat_prototypes":false,"compat_wrappedjsobject":false,"compatopts_for_requires":true,"noframes":null,"override":{"merge_connects":true,"merge_excludes":true,"merge_includes":true,"merge_matches":true,"orig_connects":[],"orig_excludes":[],"orig_includes":[],"orig_matches":["*://wenku.baidu.com/view*","*://wenku.baidu.com/link*","*://wenku.baidu.com/share*"],"orig_noframes":null,"orig_run_at":"document-idle","use_blockers":[],"use_connects":[],"use_excludes":[],"use_includes":[],"use_matches":[]},"run_at":null},"settings":{"enabled":false,"position":9},"meta":{"name":"百度文库转 Word | 百度文库下载器","uuid":"e95d8c3f-ce68-4396-9a89-1a68ae9ebfc6","sc_uuid":"e95d8c3f-ce68-4396-9a89-1a68ae9ebfc6","modified":1725504916846,"file_url":"https://update.greasyfork.org/scripts/405373/%E7%99%BE%E5%BA%A6%E6%96%87%E5%BA%93%E8%BD%AC%20Word%20%7C%20%E7%99%BE%E5%BA%A6%E6%96%87%E5%BA%93%E4%B8%8B%E8%BD%BD%E5%99%A8.user.js"}}