{"options":{"check_for_updates":false,"comment":null,"compat_foreach":false,"compat_metadata":false,"compat_prototypes":false,"compat_wrappedjsobject":false,"compatopts_for_requires":true,"noframes":null,"override":{"merge_connects":true,"merge_excludes":true,"merge_includes":true,"merge_matches":true,"orig_connects":[],"orig_excludes":[],"orig_includes":[],"orig_matches":["*://cloud.189.cn/web/share?code=*","*://cloud.189.cn/web/main/file/folder/*","*://cloud.189.cn/web/main/recentlyUploaded*"],"orig_noframes":null,"orig_run_at":"document-idle","use_blockers":[],"use_connects":[],"use_excludes":[],"use_includes":[],"use_matches":[]},"run_at":null},"settings":{"enabled":true,"position":6},"meta":{"name":"雷利子","uuid":"ec47880e-ad7a-4ad6-b3ed-e111b7d7e430","sc_uuid":"ec47880e-ad7a-4ad6-b3ed-e111b7d7e430","modified":1725504959518,"file_url":"https://update.greasyfork.org/scripts/424022/%E9%9B%B7%E5%88%A9%E5%AD%90.user.js"}}