{"options":{"check_for_updates":false,"comment":null,"compat_foreach":false,"compat_metadata":false,"compat_prototypes":false,"compat_wrappedjsobject":false,"compatopts_for_requires":true,"noframes":null,"override":{"merge_connects":true,"merge_excludes":true,"merge_includes":true,"merge_matches":true,"orig_connects":["greasyfork.org","api.muketool.com","api2.muketool.com","static.muketool.com"],"orig_excludes":[],"orig_includes":[],"orig_matches":["*://*.chaoxing.com/*"],"orig_noframes":null,"orig_run_at":"document-idle","use_blockers":[],"use_connects":[],"use_excludes":[],"use_includes":[],"use_matches":[]},"run_at":null},"settings":{"enabled":false,"position":27},"meta":{"name":"💯Muketool超星学习通网课助手💸可永久免费使用所有功能🔍AI搜题全网聚合题库💻视频音频文档挂机，任务点自动切换📝章节测试可自动搜题，自动保存，自动提交✅试题还原解密，可一键复制","uuid":"e83095b8-9964-4879-9ccf-1bca5d2c1a18","sc_uuid":"e83095b8-9964-4879-9ccf-1bca5d2c1a18","modified":1725504133149,"file_url":"https://update.greasyfork.org/scripts/426360/%F0%9F%92%AFMuketool%E8%B6%85%E6%98%9F%E5%AD%A6%E4%B9%A0%E9%80%9A%E7%BD%91%E8%AF%BE%E5%8A%A9%E6%89%8B%F0%9F%92%B8%E5%8F%AF%E6%B0%B8%E4%B9%85%E5%85%8D%E8%B4%B9%E4%BD%BF%E7%94%A8%E6%89%80%E6%9C%89%E5%8A%9F%E8%83%BD%F0%9F%94%8DAI%E6%90%9C%E9%A2%98%E5%85%A8%E7%BD%91%E8%81%9A%E5%90%88%E9%A2%98%E5%BA%93%F0%9F%92%BB%E8%A7%86%E9%A2%91%E9%9F%B3%E9%A2%91%E6%96%87%E6%A1%A3%E6%8C%82%E6%9C%BA%EF%BC%8C%E4%BB%BB%E5%8A%A1%E7%82%B9%E8%87%AA%E5%8A%A8%E5%88%87%E6%8D%A2%F0%9F%93%9D%E7%AB%A0%E8%8A%82%E6%B5%8B%E8%AF%95%E5%8F%AF%E8%87%AA%E5%8A%A8%E6%90%9C%E9%A2%98%EF%BC%8C%E8%87%AA%E5%8A%A8%E4%BF%9D%E5%AD%98%EF%BC%8C%E8%87%AA%E5%8A%A8%E6%8F%90%E4%BA%A4%E2%9C%85%E8%AF%95%E9%A2%98%E8%BF%98%E5%8E%9F%E8%A7%A3%E5%AF%86%EF%BC%8C%E5%8F%AF.user.js"}}