{"file_hashes":[{"block_hashes":["W2VLMjUDgMsS3HNKQmsxe7HRkymP5Zm0fKpOMDG9ZTs="],"block_size":4096,"path":"icons/image.svg"},{"block_hashes":["pNy4Wg3OCvaE/594oUlPkdYE1giPPgx8kphX4qvg9w8="],"block_size":4096,"path":"icons/pcgamingwiki.svg"},{"block_hashes":["K4kYCl39SYeCbV0tZYu+XkFBb/YpkQuh4IoDQJL3dtA="],"block_size":4096,"path":"icons/white.svg"},{"block_hashes":["W34O9ld6plz1SGsRKZPiM3AaP12NIRt8LPHDSn7DYOc="],"block_size":4096,"path":"LICENSE"},{"block_hashes":["ms7Pn0Za9J0dqnAR8JI1nNDhrab+8/WKVkmGLlixUqE="],"block_size":4096,"path":"options/options.css"},{"block_hashes":["qHLAoTI+qyP42KLeKkoM+2Y6nZfhJRxgy19zBcdLuxU=","902aV3ywqmAPbAPBB5dV6bqmnEH9tGgEVw7Z1Z9620I=","MGpmbHsBV73OkQzLvX76sSVs4ZFBPDEtDBSBZ8J5Imc="],"block_size":4096,"path":"options/options.html"},{"block_hashes":["nD1nBUmv/JD2Tj6OgTlnIzXMi/yr0xewV96KllGG4qA="],"block_size":4096,"path":"options/options.js"},{"block_hashes":["kAQQ0BRV5V8/uQ5ClbmnSiUnfbV/LI1Lwt/Gx+TwpxE="],"block_size":4096,"path":"options/wtf-forms.css"},{"block_hashes":["VXSN1hiZaFOGGR3nYJjvbu3fIQcyvM2ZmEyw03QV1kA="],"block_size":4096,"path":"scripts/appicon.js"},{"block_hashes":["snTed3HUfzdCefU9WfVCBNw40FGVb0w/4yS9IZDWxoE=","h3QZ10pZT5wBAmiLW4NRtsxL4c+i9j8ZJquYj/Y7Q/0=","LhWo9IVyzxvfOwpJ+Wp9bX4mSRkugzujfgLU+1b5DYc="],"block_size":4096,"path":"scripts/background.js"},{"block_hashes":["MggoVI0NM2KskVfe/QdUGHuQ8GWnp9v1Zkf+49M9Ykw="],"block_size":4096,"path":"scripts/common.js"},{"block_hashes":["pNSxbEii2CD1ehIBGevTAvg4OwAv0NTRoIn9ymazpSg="],"block_size":4096,"path":"scripts/community/agecheck.js"},{"block_hashes":["lICC594aPRmLh9j7lcWN09cS3lr9GmTXPF810WJPYr0="],"block_size":4096,"path":"scripts/community/agecheck_injected.js"},{"block_hashes":["fbdFQz69JMA6T48eiAwCSJvWMBsBsfiwvHRQqokyskg="],"block_size":4096,"path":"scripts/community/gamehub.js"},{"block_hashes":["axz9bu+8fXO+tJaoSocNDN7UIa5KCPN41mN9BgGEKfk="],"block_size":4096,"path":"scripts/community/global_achievements.js"},{"block_hashes":["ed2pZTLaz+Va8uhJ/j4eMakf8D/EBxzHFMe+pYv6rSs=","4ZxaKGhdqfZceC1GNie183xvwhEpEWNazCfzM7YOEYs=","4hIxuqLkkGTVOcGHgiIEj8wZf+vrFDwD2wLSbY7ctvo="],"block_size":4096,"path":"scripts/community/inventory.js"},{"block_hashes":["p/5HPylZbSKq1VcyW2dSu95WhEh7l94xbTHxBxjtPEo="],"block_size":4096,"path":"scripts/community/market_ssa.js"},{"block_hashes":["g9SDDQ16E+41xuyWKCtE/kUlsUHcryI142h4eVOdbiI="],"block_size":4096,"path":"scripts/community/profile.js"},{"block_hashes":["J+140Vv4dsBThLO0yXiWYS45KOnZSEUpSIHscSoabGc="],"block_size":4096,"path":"scripts/community/profile_achievements.js"},{"block_hashes":["ArXPt9wbqcgxAcgHAbW8lpRa1FyQhiPY08FnLCJo1Ug="],"block_size":4096,"path":"scripts/community/profile_badges.js"},{"block_hashes":["Ffdsnnlc6eE+QZlxLQFl0M9S9be1fST+mCN7hD0bpwg="],"block_size":4096,"path":"scripts/community/profile_gamecards.js"},{"block_hashes":["RL4fFaDbZWHL68PfmrlUxL7eFLkMXKqc7TnhTSyVyXI="],"block_size":4096,"path":"scripts/community/profile_games.js"},{"block_hashes":["JteAKCtrWFtcjBtbkuzVV4MJcjNWGh3lyzXmsAFTyZY="],"block_size":4096,"path":"scripts/community/profile_inventory.js"},{"block_hashes":["KrtJSE/5FnNrpLbO+VMdXXrgiiwgOgRWrE2xt8q3xIM="],"block_size":4096,"path":"scripts/community/profile_recommended.js"},{"block_hashes":["yjWKtUtav4IVpapm7nkL34bJCII2NPb9Cijb018TGlw="],"block_size":4096,"path":"scripts/community/tradeoffer.js"},{"block_hashes":["W2vkV3nd4dLKW41Xt1plmtg35cBrKLZdGJx9jbt441U="],"block_size":4096,"path":"scripts/community/tradeoffer_injected.js"},{"block_hashes":["ElW5MLrFcsZBTGlWQ+EENqjHSmshy+Ho6ygs7gcITKI="],"block_size":4096,"path":"scripts/community/tradeoffer_new.js"},{"block_hashes":["FUpZdvkTBH3Ay4KSAS1qTOuXon3Em/xjXx6KEkszx4g="],"block_size":4096,"path":"scripts/global.js"},{"block_hashes":["61uAMPsQexQUtw4kM0BmbQpzqAHZKjqYiU7ZvVbhL1Y="],"block_size":4096,"path":"scripts/steamdb/global.js"},{"block_hashes":["GsiQgM67ZxUfuD8/dDEsAxmmyb6wYcMivg4R8rpq+HE="],"block_size":4096,"path":"scripts/store/account.js"},{"block_hashes":["my2O1h4LdIDawswMd7yv3uoHlFuE0XUqvlupowIj6ug="],"block_size":4096,"path":"scripts/store/agecheck.js"},{"block_hashes":["BhRU1VciQlBD6h2w921fj0vgkyilmYBK6ogqLTAmF3k=","cweVyRXHE+ufYspE6k53prFUmDFl6ZcwnmHR+dCtZc0=","9d8zqgNtEUbmRcC3Ej9ice+/Yx8Eaq1KKS2rhnsvjw0=","/oHB10YaaGUaK7W6PmZLrr8cT52GpLWxnWfyiBVfux0=","PiUhNctRxNdFrddOUPOjsiSTCWy/ZbrZ/Ql1rRpYRtU="],"block_size":4096,"path":"scripts/store/app.js"},{"block_hashes":["s5sd8DkfdsxkdCYMMI9P6qNScY1guaXCCOaEZco6ycw="],"block_size":4096,"path":"scripts/store/app_images.js"},{"block_hashes":["geugt3vRPXTTOQf53YOkHxN7g584xa1kPQTVwsWTpuk="],"block_size":4096,"path":"scripts/store/bundle.js"},{"block_hashes":["KPLR0B+Ufgcbh3Le1wwHJcr0NRGO96fzOrJYQ0ov9E4="],"block_size":4096,"path":"scripts/store/explore.js"},{"block_hashes":["dppk+84csProKUcflD4YXFGxmzjzrVAFWJHor42ERkk="],"block_size":4096,"path":"scripts/store/explore_injected.js"},{"block_hashes":["B+7RuqoxovV5BXS1HpH52sYwHtfLFNxdluMvFbxgWeM="],"block_size":4096,"path":"scripts/store/gifting.js"},{"block_hashes":["Yy8Vo8EMHiSsqSEOH8NOqbySQUEN0ZiCONTR25Q3CZo="],"block_size":4096,"path":"scripts/store/invalidate_cache.js"},{"block_hashes":["D7PP15sDJrMgjhHQs2O+xZwXcjafzWjPWEjOgBgHcI4="],"block_size":4096,"path":"scripts/store/invalidate_cache_injected.js"},{"block_hashes":["ToOeW0txpuLR/Q45Hw2w1nB/nqKn8U+//c7F4P+ns+k="],"block_size":4096,"path":"scripts/store/registerkey.js"},{"block_hashes":["XEnZagF1DkdqPGzi9QdjDgA33y4BtVtfeSz/V/UobtM="],"block_size":4096,"path":"scripts/store/registerkey_injected.js"},{"block_hashes":["rLCkunmaX1HJl7Re+c0e+KQFDEkS5kzhvssZ53BrCgI="],"block_size":4096,"path":"scripts/store/sub.js"},{"block_hashes":["qNC3FuD13nadg9YOsOdv1uOIc4Rh3zSb0E5PQq/posU="],"block_size":4096,"path":"scripts/store/subscriptions.js"},{"block_hashes":["l3Ab40xmNmUMFZ4TqJEMBzQmqKDlsZ3x8wjy9njFtno="],"block_size":4096,"path":"scripts/store/video.js"},{"block_hashes":["2YZntIW4jicCMFRU4tCrjfJerwwcONq4LdQHciicoo4="],"block_size":4096,"path":"scripts/store/widget.js"},{"block_hashes":["kaQHV/K072qx/gVk8wrQc4oBG3PGbxkdbJIiryCm68o="],"block_size":4096,"path":"styles/appicon.css"},{"block_hashes":["gpRmfm8CuekefjDoNBDYz3OWnfTJ/912AgTzqJXvdpI="],"block_size":4096,"path":"styles/community.css"},{"block_hashes":["oPkuylB/jOXkD4u6pwtqtuXrnuXxvNOCHAzJjV2INU0="],"block_size":4096,"path":"styles/global.css"},{"block_hashes":["YftBgdYUBsqPj9NFH2vACTL3eoqgHXTsmMAQTsD78Rs="],"block_size":4096,"path":"styles/inventory-sidebar.css"},{"block_hashes":["pStBQpwHZPbCGAGstqGNt9mssyfT/GHICRK67XRJaAs="],"block_size":4096,"path":"styles/inventory.css"},{"block_hashes":["QBJNvWL1+aTuuR5VC+q76OEMzqwMLcTcCVP6b9KHZFg="],"block_size":4096,"path":"styles/store.css"}],"version":2}