[
  {
    "articleStyle": 0,
    "customOrder": -24967,
    "enableJs": true,
    "enabled": true,
    "enabledCookieJar": false,
    "header": "{\n\"User-Agent\": \"Mozilla/5.0 (Linux; U; Android 8.1.0; zh-CN; MI 8 Lite Build/OPM1.171019.019) AppleWebKit/537.36 (KHTML, like Gecko) Version/4.0 Chrome/78.0.3904.108 UCBrowser/13.2.0.1100 Mobile Safari/537.36\"\n}",
    "lastUpdateTime": 1675946926480,
    "loadWithBaseUrl": true,
    "ruleArticles": "id.content@h3",
    "ruleLink": "a@href",
    "ruleTitle": "a@textNodes",
    "singleUrl": true,
    "sortUrl": "首页::http://yuedu.miaogongzi.net/gx.html",
    "sourceGroup": "书源",
    "sourceIcon": "https://i.loli.net/2021/06/23/S7rvWRZtPIq34MJ.png",
    "sourceName": "喵公子书源管理",
    "sourceUrl": "http://yuedu.miaogongzi.net/gx.html"
  },
  {
    "articleStyle": 0,
    "customOrder": 0,
    "enableJs": true,
    "enabled": true,
    "enabledCookieJar": true,
    "lastUpdateTime": 0,
    "loadWithBaseUrl": true,
    "ruleArticles": "id.content@h3",
    "ruleLink": "a@href",
    "ruleTitle": "a@textNodes",
    "singleUrl": true,
    "sortUrl": "首页::https://www.yuque.com/legado/wiki",
    "sourceGroup": "书源",
    "sourceIcon": "https://www.yuque.com/favicon.ico",
    "sourceName": "阅读APP使用文档",
    "sourceUrl": "https://www.yuque.com/legado/wiki"
  },
  {
    "articleStyle": 0,
    "customOrder": 0,
    "enableJs": true,
    "enabled": true,
    "enabledCookieJar": true,
    "lastUpdateTime": 0,
    "loadWithBaseUrl": true,
    "ruleArticles": "id.content@h3",
    "ruleLink": "a@href",
    "ruleTitle": "a@textNodes",
    "singleUrl": true,
    "sortUrl": "首页::https://legado.aoaostar.com",
    "sourceGroup": "书源",
    "sourceIcon": "https://www.aoaostar.com/favicon.ico",
    "sourceName": "阅读APP源 - AOAOSTAR",
    "sourceUrl": "https://legado.aoaostar.com"
  },
  {
    "articleStyle": 0,
    "customOrder": 0,
    "enableJs": true,
    "enabled": true,
    "enabledCookieJar": false,
    "header": "{\n  \"User-Agent\": \"Mozilla/5.0 (X11; Linux x86_64) AppleWebKit/537.36 (KHTML, like Gecko) Chrome/127.0.0.0 Safari/537.36\"\n}",
    "lastUpdateTime": 0,
    "loadWithBaseUrl": true,
    "ruleArticles": "span > li",
    "ruleContent": "class.container@html",
    "ruleLink": "a@href",
    "rulePubDate": "span > li@textNodes",
    "ruleTitle": "a@textNodes",
    "singleUrl": false,
    "sortUrl": "新闻::https://www.atzlinux.com/News/index.htm",
    "sourceGroup": "资讯·JD.Z",
    "sourceIcon": "http://www.atzlinux.com/favicon.ico",
    "sourceName": "铜豌豆 Linux",
    "sourceUrl": "http://www.atzlinux.com/"
  },
  {
    "articleStyle": 0,
    "customOrder": 0,
    "enableJs": true,
    "enabled": true,
    "enabledCookieJar": false,
    "header": "{\n  \"User-Agent\": \"Mozilla/5.0 (X11; Linux x86_64) AppleWebKit/537.36 (KHTML, like Gecko) Chrome/127.0.0.0 Safari/537.36\"\n}",
    "lastUpdateTime": 0,
    "loadWithBaseUrl": true,
    "ruleArticles": "class.blog@tag.ul@tag.li",
    "ruleContent": "class.post__content@html",
    "ruleLink": "a@href",
    "rulePubDate": "class.date@textNodes",
    "ruleTitle": "a@textNodes",
    "singleUrl": false,
    "sortUrl": "踩坑预警::https://aosc.io/zh-cn/news/warnings/\n社区资讯::https://aosc.io/zh-cn/news/archives/\n活动信息::https://aosc.io/zh-cn/news/events/",
    "sourceGroup": "资讯·JD.Z",
    "sourceIcon": "https://aosc.io/img/aosc.min.svg",
    "sourceName": "AOSC 社区门户",
    "sourceUrl": "https://aosc.io/zh-cn/"
  },
  {
    "articleStyle": 0,
    "customOrder": 0,
    "enableJs": true,
    "enabled": true,
    "enabledCookieJar": false,
    "header": "{\n  \"User-Agent\": \"Mozilla/5.0 (X11; Linux x86_64) AppleWebKit/537.36 (KHTML, like Gecko) Chrome/127.0.0.0 Safari/537.36\"\n}",
    "lastUpdateTime": 0,
    "loadWithBaseUrl": true,
    "ruleArticles": "class.media media-lg border-bottom1",
    "ruleContent": "class.met-editor clearfix@html",
    "ruleDescription": "",
    "ruleLink": "class.media-body@tag.h4@tag.a@href",
    "ruleNextPage": "class.NextA@href",
    "rulePubDate": "class.media-body@tag.p.1@tag.span.0@textNodes",
    "ruleTitle": "class.media-body@tag.p.0@textNodes",
    "singleUrl": false,
    "sortUrl": "新闻::http://www.ubuntukylin.com/news/list-2-cn.html\n优麒麟动态::http://www.ubuntukylin.com/news/list-5-cn.html\n技术分享::http://www.ubuntukylin.com/news/list-559-cn.html",
    "sourceGroup": "资讯·JD.Z",
    "sourceIcon": "https://www.ubuntukylin.com/favicon.ico",
    "sourceName": "优麒麟",
    "sourceUrl": "https://www.ubuntukylin.com/"
  },
  {
    "articleStyle": 0,
    "customOrder": 0,
    "enableJs": true,
    "enabled": true,
    "enabledCookieJar": false,
    "header": "{\n  \"User-Agent\": \"Mozilla/5.0 (X11; Linux x86_64) AppleWebKit/537.36 (KHTML, like Gecko) Chrome/127.0.0.0 Safari/537.36\"\n}",
    "lastUpdateTime": 0,
    "loadWithBaseUrl": true,
    "ruleArticles": "class.anews_left@tag.ul@tag.li",
    "ruleContent": "class.jkl@html",
    "ruleImage": "class.anews_left_left@tag.a@tag.img@src",
    "ruleLink": "class.anews_left_top@tag.a@href",
    "ruleNextPage": "class.bot@tag.ul@tag.li.-3@tag.a@href",
    "ruleTitle": "class.anews_left_top@tag.a@textNodes",
    "singleUrl": false,
    "sortUrl": "新闻::http://www.gd-linux.com/html/news/",
    "sourceGroup": "资讯·JD.Z",
    "sourceIcon": "http://www.gd-linux.com/favicon.ico",
    "sourceName": "中兴新支点官网_国产操作系统_CPI物联网平台_NewStart_广东Linux中心",
    "sourceUrl": "http://www.gd-linux.com/"
  },
  {
    "articleStyle": 0,
    "customOrder": 0,
    "enableJs": true,
    "enabled": true,
    "enabledCookieJar": false,
    "header": "{\n  \"User-Agent\": \"Mozilla/5.0 (X11; Linux x86_64) AppleWebKit/537.36 (KHTML, like Gecko) Chrome/127.0.0.0 Safari/537.36\"\n}",
    "lastUpdateTime": 0,
    "loadWithBaseUrl": true,
    "ruleArticles": "class.newsitem",
    "ruleContent": "class.article@html",
    "ruleImage": "class.cover-box@tag.img@src",
    "ruleLink": "class.newsitem@href",
    "ruleNextPage": "class.n_page@tag.a.-1",
    "rulePubDate": "class.newsitem@tag.span@textNodes",
    "ruleTitle": "class.newsitem@tag.p@textNodes",
    "singleUrl": false,
    "sortUrl": "公司新闻::https://www.loongson.cn/news/list",
    "sourceGroup": "资讯·JD.Z",
    "sourceIcon": "https://www.loongson.cn/images/favicon.ico",
    "sourceName": "龙芯中科",
    "sourceUrl": "https://www.loongson.cn/"
  },
  {
    "articleStyle": 0,
    "customOrder": 0,
    "enableJs": true,
    "enabled": true,
    "enabledCookieJar": false,
    "header": "{\n  \"User-Agent\": \"Mozilla/5.0 (X11; Linux x86_64) AppleWebKit/537.36 (KHTML, like Gecko) Chrome/127.0.0.0 Safari/537.36\"\n}",
    "lastUpdateTime": 0,
    "loadWithBaseUrl": true,
    "ruleArticles": "class.news",
    "ruleContent": "class.postentry@tag.p@html",
    "ruleLink": "class.news@tag.a@href",
    "ruleNextPage": "id.news@tag.a.-1@href",
    "ruleTitle": "class.news@tag.a@textNodes",
    "singleUrl": false,
    "sortUrl": "新闻::https://www.archlinuxcn.org/",
    "sourceGroup": "资讯·JD.Z",
    "sourceIcon": "https://www.archlinuxcn.org/wp-content/themes/askin2010/images/favicon.ico",
    "sourceName": "Arch Linux CN",
    "sourceUrl": "https://www.archlinuxcn.org/"
  },
  {
    "articleStyle": 0,
    "customOrder": 0,
    "enableJs": true,
    "enabled": true,
    "enabledCookieJar": true,
    "header": "{\n  \"User-Agent\": \"Mozilla/5.0 (X11; Linux x86_64) AppleWebKit/537.36 (KHTML, like Gecko) Chrome/127.0.0.0 Safari/537.36\"\n}",
    "lastUpdateTime": 0,
    "loadWithBaseUrl": true,
    "ruleArticles": "class.fxlist_Conday@tag.ul@tag.li",
    "ruleContent": "class.artBcon@tag.p@html",
    "ruleLink": "li > a@href",
    "ruleNextPage": "class.coursePage@tag.li.-3@tag.a@href",
    "rulePubDate": "time@font@textNodes",
    "ruleTitle": "a@textNodes",
    "singleUrl": false,
    "sortUrl": "公务员::https://sd.huatu.com/gwy/kaoshi/\n事业单位::https://sd.huatu.com/sydw/kaoshi/\n三支一扶::https://sd.huatu.com/szyf/kaoshi/\n公安招警::https://sd.huatu.com/zhaojing/kaoshi/\n国企招聘::https://sd.huatu.com/gqzp/kaoshi/",
    "sourceGroup": "资讯·JD.Z",
    "sourceIcon": "https://www.huatu.com/favicon.ico",
    "sourceName": "华图教育",
    "sourceUrl": "https://www.huatu.com"
  },
  {
    "articleStyle": 0,
    "customOrder": 0,
    "enableJs": true,
    "enabled": true,
    "enabledCookieJar": true,
    "header": "{\n  \"User-Agent\": \"Mozilla/5.0 (X11; Linux x86_64) AppleWebKit/537.36 (KHTML, like Gecko) Chrome/127.0.0.0 Safari/537.36\"\n}",
    "lastUpdateTime": 0,
    "loadWithBaseUrl": true,
    "ruleArticles": "class.album__list-item js_album_item js_wx_tap_highlight wx_tap_cell",
    "ruleContent": "section@p@html",
    "ruleLink": "class.album__list-item js_album_item js_wx_tap_highlight wx_tap_cell@data-link",
    "rulePubDate": "class.js_article_create_time album__item-info-item@textNodes",
    "ruleTitle": "class.album__item-title-wrp.0@textNodes",
    "singleUrl": false,
    "sortUrl": "泰安招聘信息汇总::https://mp.weixin.qq.com/mp/appmsgalbum?__biz=MzIzNjQ3NzE3MA==&action=getalbum&album_id=3487489444427579398&scene=173&subscene=227&sessionid=1717557691&enterid=1717557694&from_msgid=2247611661&from_itemidx=1&count=3&nolastread=1#wechat_redirect\n最新事业单位招聘::https://mp.weixin.qq.com/mp/appmsgalbum?__biz=MzIzNjQ3NzE3MA==&action=getalbum&album_id=3487490195946192899&scene=173&subscene=227&sessionid=1717557691&enterid=1717557777&from_msgid=2247611661&from_itemidx=1&count=3&nolastread=1#wechat_redirect\n最新国企招聘::https://mp.weixin.qq.com/mp/appmsgalbum?__biz=MzIzNjQ3NzE3MA==&action=getalbum&album_id=3487490739595100166&scene=173&subscene=227&sessionid=1717557887&enterid=1717557891&from_msgid=2247610111&from_itemidx=1&count=3&nolastread=1#wechat_redirect\n最新大厂招聘::https://mp.weixin.qq.com/mp/appmsgalbum?__biz=MzIzNjQ3NzE3MA==&action=getalbum&album_id=3487491693933477891&scene=173&subscene=227&sessionid=1717558031&enterid=1717558039&from_msgid=2247606702&from_itemidx=1&count=3&nolastread=1#wechat_redirect",
    "sourceGroup": "资讯·JD.Z",
    "sourceIcon": "http://m.ta.bendibao.com/images/logo_small.png",
    "sourceName": "泰安本地宝",
    "sourceUrl": "http://m.ta.bendibao.com/"
  },
  {
    "articleStyle": 0,
    "customOrder": 0,
    "enableJs": true,
    "enabled": true,
    "enabledCookieJar": false,
    "header": "{\n  \"User-Agent\": \"Mozilla/5.0 (X11; Linux x86_64) AppleWebKit/537.36 (KHTML, like Gecko) Chrome/127.0.0.0 Safari/537.36\"\n}",
    "lastUpdateTime": 0,
    "loadWithBaseUrl": true,
    "ruleArticles": "class.news-list@tag.li",
    "ruleContent": "id.NIE-art@html",
    "ruleLink": "a@href",
    "ruleNextPage": "class.nextUrl@href",
    "rulePubDate": "class.time@textNodes",
    "ruleTitle": "a@textNodes",
    "singleUrl": false,
    "sortUrl": "最新::https://moba.163.com/m/news/index.html\n新闻::https://moba.163.com/m/news/official/\n公告::https://moba.163.com/m/news/update/\n活动::https://moba.163.com/m/news/activity/\n媒体::https://moba.163.com/m/news/media/\n攻略::https://moba.163.com/m/strategy/",
    "sourceGroup": "资讯·JD.Z",
    "sourceIcon": "https://moba.163.com/favicon.ico",
    "sourceName": "决战！平安京",
    "sourceUrl": "https://moba.163.com/m/"
  },
  {
    "articleStyle": 0,
    "customOrder": 0,
    "enableJs": true,
    "enabled": true,
    "enabledCookieJar": false,
    "header": "{\n  \"User-Agent\": \"Mozilla/5.0 (X11; Linux x86_64) AppleWebKit/537.36 (KHTML, like Gecko) Chrome/127.0.0.0 Safari/537.36\"\n}",
    "lastUpdateTime": 0,
    "loadWithBaseUrl": true,
    "ruleArticles": "class.ul1@tag.li",
    "ruleContent": "class.art_in@html",
    "ruleLink": "class.f_l@tag.a@href",
    "ruleNextPage": "id.pageContents@tag.a.-2@href",
    "rulePubDate": "class.f_r@textNodes",
    "ruleTitle": "class.f_l@tag.a@textNodes",
    "singleUrl": false,
    "sortUrl": "全部::http://t.imop.com/list/0-1.htm\n公告::http://t.imop.com/list/24-1.htm\n新闻::http://t.imop.com/list/23-1.htm\n活动::http://t.imop.com/list/369-1.htm\n维护::http://t.imop.com/list/821-1.htm",
    "sourceGroup": "资讯·JD.Z",
    "sourceIcon": "http://t.imop.com/favicon.ico",
    "sourceName": "天书奇谈",
    "sourceUrl": "http://t.imop.com/"
  },
  {
    "articleStyle": 0,
    "customOrder": 0,
    "enableJs": true,
    "enabled": true,
    "enabledCookieJar": false,
    "header": "{\n  \"User-Agent\": \"Mozilla/5.0 (X11; Linux x86_64) AppleWebKit/537.36 (KHTML, like Gecko) Chrome/127.0.0.0 Safari/537.36\"\n}",
    "lastUpdateTime": 0,
    "loadWithBaseUrl": true,
    "ruleArticles": "class.type-post",
    "ruleContent": "class.entry-content@html",
    "ruleDescription": "",
    "ruleImage": "class.entry-figure@tag.a@tag.img@src",
    "ruleLink": "class.entry-figure@tag.a@href",
    "ruleNextPage": "class.next page-numbers@href",
    "rulePubDate": "",
    "ruleTitle": "class.entry-title@tag.a@textNodes",
    "singleUrl": false,
    "sortUrl": "社区新闻::https://www.deepin.org/zh/community-news/",
    "sourceGroup": "资讯·JD.Z",
    "sourceIcon": "https://www.deepin.org/index/favicon.ico",
    "sourceName": "deepin  - 基于Linux的开源国产操作系统",
    "sourceUrl": "https://www.deepin.org/index/"
  },
  {
    "articleStyle": 0,
    "customOrder": 2,
    "enableJs": true,
    "enabled": true,
    "enabledCookieJar": true,
    "lastUpdateTime": 0,
    "loadWithBaseUrl": true,
    "singleUrl": true,
    "sourceGroup": "legado",
    "sourceIcon": "https://cdn.jsdelivr.net/gh/gedoor/legado@master/app/src/main/res/mipmap-hdpi/ic_launcher.png",
    "sourceName": "使用说明",
    "sourceUrl": "https://www.yuque.com/legado"
  },
  {
    "articleStyle": 0,
    "customOrder": 3,
    "enableJs": true,
    "enabled": true,
    "enabledCookieJar": true,
    "lastUpdateTime": 0,
    "loadWithBaseUrl": true,
    "singleUrl": true,
    "sourceGroup": "legado",
    "sourceIcon": "http://mmbiz.qpic.cn/mmbiz_png/hpfMV8hEuL2eS6vnCxvTzoOiaCAibV6exBzJWq9xMic9xDg3YXAick87tsfafic0icRwkQ5ibV0bJ84JtSuxhPuEDVquA/0?wx_fmt=png",
    "sourceName": "小说拾遗",
    "sourceUrl": "snssdk1128://user/profile/562564899806367"
  },
  {
    "articleStyle": 0,
    "customOrder": 4,
    "enableJs": true,
    "enabled": true,
    "enabledCookieJar": true,
    "lastUpdateTime": 0,
    "loadWithBaseUrl": true,
    "singleUrl": true,
    "sourceGroup": "legado",
    "sourceIcon": "https://cdn.jsdelivr.net/gh/mgz0227/meowcloud/icon.png",
    "sourceName": "Meow云",
    "sourceUrl": "https://pan.miaogongzi.net"
  },
  {
    "articleStyle": 0,
    "customOrder": 5,
    "enableJs": true,
    "enabled": true,
    "enabledCookieJar": true,
    "lastUpdateTime": 0,
    "loadWithBaseUrl": true,
    "singleUrl": true,
    "sourceGroup": "legado",
    "sourceIcon": "https://cdn.jsdelivr.net/gh/gedoor/legado@master/app/src/main/res/mipmap-hdpi/ic_launcher.png",
    "sourceName": "烏雲净化",
    "sourceUrl": "https://www.lanzoux.com/b0bw8jwoh"
  }
]