{"options":{"check_for_updates":false,"comment":null,"compat_foreach":false,"compat_metadata":false,"compat_prototypes":false,"compat_wrappedjsobject":false,"compatopts_for_requires":true,"noframes":null,"override":{"merge_connects":true,"merge_excludes":true,"merge_includes":true,"merge_matches":true,"orig_connects":[],"orig_excludes":[],"orig_includes":[],"orig_matches":["https://yz.chsi.com.cn/zsml/queryAction.do","https://yz.chsi.com.cn/sch/**","http://www.chinadegrees.cn/xwyyjsjyxx/xkpgjg/","http://www.cdgdc.edu.cn/xwyyjsjyxx/xkpgjg/"],"orig_noframes":null,"orig_run_at":"document-idle","use_blockers":[],"use_connects":[],"use_excludes":[],"use_includes":[],"use_matches":[]},"run_at":null},"settings":{"enabled":true,"position":19},"meta":{"name":"985/211/双一流提示","uuid":"008a4d6c-0c30-4735-93b1-49f29e37c5ba","sc_uuid":"008a4d6c-0c30-4735-93b1-49f29e37c5ba","modified":1725504233468,"file_url":"https://update.greasyfork.org/scripts/428193/985211%E5%8F%8C%E4%B8%80%E6%B5%81%E6%8F%90%E7%A4%BA.user.js"}}