{"options":{"check_for_updates":false,"comment":null,"compat_foreach":false,"compat_metadata":false,"compat_prototypes":false,"compat_wrappedjsobject":false,"compatopts_for_requires":true,"noframes":null,"override":{"merge_connects":true,"merge_excludes":true,"merge_includes":true,"merge_matches":true,"orig_connects":["userscript.xiu2.xyz","userscript.h233.eu.org","bitbucket.org","jsd.onmicrosoft.cn","wget.la","cdn.wget.la","ghfast.top","raw.ixnic.net","ghproxy.cfd","raw.github.site","raw.github.store","raw.dgithub.xyz","gh-proxy.ygxz.in","ghproxy.net","github.moeyy.xyz","github.7boe.top","github.starrlzy.cn","cdn.jsdmirror.com","js.cdn.haah.net","gh.akass.cn","raw.kkgithub.com","gcore.jsdelivr.net","fastly.jsdelivr.net","jsd.proxy.aks.moe","jsdelivr.pai233.top","gh-proxy.com","www.xuexiniu.com","bbs.xuexiniu.com","weili.ooopic.com","www.ykmh.com"],"orig_excludes":["https://*.taobao.com/*","https://*.tmall.com/*","https://*.1688.com/*","https://*.jd.com/*","https://*.vip.com/*","https://*.suning.com/*","https://*.aliexpress.com/*","https://*.paypal.com/*","https://*.iqiyi.com/*","https://*.youku.com/*","https://m.v.qq.com/*","https://v.qq.com/*","https://*.acfun.cn/*","https://t.bilibili.com/*","https://www.bilibili.com/*","https://live.bilibili.com/*","https://space.bilibili.com/*","https://manga.bilibili.com/*","https://member.bilibili.com/*","https://message.bilibili.com/*","https://*.youtube.com/*","https://*.youtube-nocookie.com/*","https://*.cnki.net/*","https://mail.qq.com/*","https://weread.qq.com/*","https://*.weread.qq.com/*","https://www.qidian.com/chapter/*","https://bz.zzzmh.cn/*","https://wallhaven.cc/*","https://chrome.zzzmh.cn/*","https://*.guazi.com/*","https://*.liepin.com/*","https://*.58.com/*"],"orig_includes":[],"orig_matches":["*://*/*"],"orig_noframes":null,"orig_run_at":"document-idle","use_blockers":[],"use_connects":[],"use_excludes":[],"use_includes":[],"use_matches":[]},"run_at":null},"settings":{"enabled":false,"position":37},"meta":{"name":"AutoPager","uuid":"0345a681-f9e1-48f6-9f4a-68ceac3759c0","sc_uuid":"0345a681-f9e1-48f6-9f4a-68ceac3759c0","modified":1744706266519,"file_url":"https://update.greasyfork.org/scripts/419215/%E8%87%AA%E5%8A%A8%E6%97%A0%E7%BC%9D%E7%BF%BB%E9%A1%B5.user.js"}}