{"options":{"check_for_updates":false,"comment":null,"compat_foreach":false,"compat_metadata":false,"compat_prototypes":false,"compat_wrappedjsobject":false,"compatopts_for_requires":true,"noframes":null,"override":{"merge_connects":true,"merge_excludes":true,"merge_includes":true,"merge_matches":true,"orig_connects":[],"orig_excludes":[],"orig_includes":[],"orig_matches":["https://www.bilibili.com/bangumi/*"],"orig_noframes":null,"orig_run_at":"document-idle","use_blockers":[],"use_connects":[],"use_excludes":[],"use_includes":[],"use_matches":[]},"run_at":null},"settings":{"enabled":true,"position":12},"meta":{"name":"b站番剧播放页内跳转樱花搜索","uuid":"effa047d-0ea0-4e27-9c5d-c2c5d49d1985","sc_uuid":"effa047d-0ea0-4e27-9c5d-c2c5d49d1985","modified":1729827376138,"file_url":"https://update.greasyfork.org/scripts/429332/b%E7%AB%99%E7%95%AA%E5%89%A7%E6%92%AD%E6%94%BE%E9%A1%B5%E5%86%85%E8%B7%B3%E8%BD%AC%E6%A8%B1%E8%8A%B1%E6%90%9C%E7%B4%A2.user.js"}}