{"options":{"check_for_updates":false,"comment":null,"compat_foreach":false,"compat_metadata":false,"compat_prototypes":false,"compat_wrappedjsobject":false,"compatopts_for_requires":true,"noframes":null,"override":{"merge_connects":true,"merge_excludes":true,"merge_includes":true,"merge_matches":true,"orig_connects":[],"orig_excludes":[],"orig_includes":["*://medium.com/*","*://x.com/*","*://*.x.com/*","*://weibo.com/*","*://*.weibo.com/*","*://*.vmgirls.com/*","*://wallpaperhub.app/*","*://*.bing.com/*","*://*.msn.cn/*","*://instagram.com/*","*://*.instagram.com/*","*://tiktok.com/*","*://*.tiktok.com/*","*://*.douyin.com/*","*://*.kuaishou.com/*","*://*.xiaohongshu.com/*"],"orig_matches":["*://nijijourney.com/*","*://*.midjourney.com/*","*://dribbble.com/*","*://*.dribbble.com/*","*://bsky.app/*","*://mastodon.social/*","*://mastodon.online/*"],"orig_noframes":null,"orig_run_at":"document-idle","use_blockers":[],"use_connects":[],"use_excludes":[],"use_includes":[],"use_matches":[]},"run_at":null},"settings":{"enabled":true,"position":6},"meta":{"name":"Download Original Picture","uuid":"96059185-55f9-43e4-9015-cf8e3aa08491","sc_uuid":"96059185-55f9-43e4-9015-cf8e3aa08491","modified":1741184358347,"file_url":"https://update.greasyfork.org/scripts/396746/Download%20Original%20Picture.user.js"}}