{"options":{"check_for_updates":false,"comment":null,"compat_foreach":false,"compat_metadata":false,"compat_prototypes":false,"compat_wrappedjsobject":false,"compatopts_for_requires":true,"noframes":null,"override":{"merge_connects":true,"merge_excludes":true,"merge_includes":true,"merge_matches":true,"orig_connects":[],"orig_excludes":[],"orig_includes":[],"orig_matches":["https://github.com/*","https://gist.github.com/*"],"orig_noframes":null,"orig_run_at":"document-idle","use_blockers":[],"use_connects":[],"use_excludes":[],"use_includes":[],"use_matches":[]},"run_at":null},"settings":{"enabled":true,"position":11},"meta":{"name":"GitHub Internationalization","uuid":"46a64b84-05d3-48ca-96c0-3e2ea5941264","sc_uuid":"46a64b84-05d3-48ca-96c0-3e2ea5941264","modified":1729827376138,"file_url":"https://update.greasyfork.org/scripts/407485/GitHub%20Internationalization.user.js"}}