{"options":{"check_for_updates":false,"comment":null,"compat_foreach":false,"compat_metadata":false,"compat_prototypes":false,"compat_wrappedjsobject":false,"compatopts_for_requires":true,"noframes":null,"override":{"merge_connects":true,"merge_excludes":true,"merge_includes":true,"merge_matches":true,"orig_connects":[],"orig_excludes":[],"orig_includes":["http://www.google.*/search*","https://www.google.*/search*","https://www.google.*/*","https://encrypted.google.*/search*","https://encrypted.google.*/*","https://spmbt.github.io/googleSearchExtraButtons/saveYourLocalStorage.html","https://www.gstatic.com/sites/p/b9356d/system/services/test.html","https://www.gstatic.com/index.html"],"orig_matches":[],"orig_noframes":null,"orig_run_at":"document-idle","use_blockers":[],"use_connects":[],"use_excludes":[],"use_includes":[],"use_matches":[]},"run_at":null},"settings":{"enabled":true,"position":18},"meta":{"name":"Google Search Extra Buttons","uuid":"c7e19343-50ed-465d-b165-1ec8f5b45a72","sc_uuid":"c7e19343-50ed-465d-b165-1ec8f5b45a72","modified":1729827376139,"file_url":"https://update.greasyfork.org/scripts/7543/Google%20Search%20Extra%20Buttons.user.js"}}