{"options":{"check_for_updates":false,"comment":null,"compat_foreach":false,"compat_metadata":false,"compat_prototypes":false,"compat_wrappedjsobject":false,"compatopts_for_requires":true,"noframes":null,"override":{"merge_connects":true,"merge_excludes":true,"merge_includes":true,"merge_matches":true,"orig_connects":["greasyfork.org","sleazyfork.org"],"orig_excludes":[],"orig_includes":[],"orig_matches":["http*://greasyfork.org/*","http*://www.greasyfork.org/*","http*://sleazyfork.org/*","http*://www.sleazyfork.org/*"],"orig_noframes":null,"orig_run_at":"document-idle","use_blockers":[],"use_connects":[],"use_excludes":[],"use_includes":[],"use_matches":[]},"run_at":null},"settings":{"enabled":false,"position":13},"meta":{"name":"Greasyfork Search with Sleazyfork Results include","uuid":"7b29f0b8-19a9-4c61-a696-cd6ce8c813e7","sc_uuid":"7b29f0b8-19a9-4c61-a696-cd6ce8c813e7","modified":1729827376138,"file_url":"https://update.greasyfork.org/scripts/23840/Greasyfork%20Search%20with%20Sleazyfork%20Results%20include.user.js"}}