{"options":{"check_for_updates":false,"comment":null,"compat_foreach":false,"compat_metadata":false,"compat_prototypes":false,"compat_wrappedjsobject":false,"compatopts_for_requires":true,"noframes":null,"override":{"merge_connects":true,"merge_excludes":true,"merge_includes":true,"merge_matches":true,"orig_connects":["enncy.cn","icodef.com","ocsjs.com","localhost","127.0.0.1"],"orig_excludes":[],"orig_includes":[],"orig_matches":["*://*.zhihuishu.com/*","*://*.chaoxing.com/*","*://*.edu.cn/*","*://*.org.cn/*","*://*.xueyinonline.com/*","*://*.hnsyu.net/*","*://*.qutjxjy.cn/*","*://*.ynny.cn/*","*://*.hnvist.cn/*","*://*.fjlecb.cn/*","*://*.gdhkmooc.com/*","*://*.cugbonline.cn/*","*://*.icve.com.cn/*","*://*.course.icve.com.cn/*","*://*.courshare.cn/*","*://*.webtrn.cn/*","*://*.zjy2.icve.com.cn/*","*://*.zyk.icve.com.cn/*","*://*.icourse163.org/*"],"orig_noframes":null,"orig_run_at":"document-idle","use_blockers":[],"use_connects":[],"use_excludes":[],"use_includes":[],"use_matches":[]},"run_at":null},"settings":{"enabled":false,"position":44},"meta":{"name":"OCS 网课助手","uuid":"b258309e-253b-4fb2-84c9-dee4cb952f12","sc_uuid":"b258309e-253b-4fb2-84c9-dee4cb952f12","modified":1729827376141,"file_url":"https://cdn.ocsjs.com/ocs.user.js"}}