{"options":{"check_for_updates":false,"comment":null,"compat_foreach":false,"compat_metadata":false,"compat_prototypes":false,"compat_wrappedjsobject":false,"compatopts_for_requires":true,"noframes":null,"override":{"merge_connects":true,"merge_excludes":true,"merge_includes":true,"merge_matches":true,"orig_connects":[],"orig_excludes":[],"orig_includes":[],"orig_matches":["https://subhd.tv/d/*"],"orig_noframes":null,"orig_run_at":"document-idle","use_blockers":[],"use_connects":[],"use_excludes":[],"use_includes":[],"use_matches":[]},"run_at":null},"settings":{"enabled":true,"position":29},"meta":{"name":"SubHD资源跳转","uuid":"94c58bf0-c898-4258-9c87-9ae0454f5b23","sc_uuid":"94c58bf0-c898-4258-9c87-9ae0454f5b23","modified":1729827376139,"file_url":"https://update.greasyfork.org/scripts/429362/SubHD%E8%B5%84%E6%BA%90%E8%B7%B3%E8%BD%AC.user.js"}}