{"options":{"check_for_updates":false,"comment":null,"compat_foreach":false,"compat_metadata":false,"compat_prototypes":false,"compat_wrappedjsobject":false,"compatopts_for_requires":true,"noframes":null,"override":{"merge_connects":true,"merge_excludes":true,"merge_includes":true,"merge_matches":true,"orig_connects":[],"orig_excludes":[],"orig_includes":[],"orig_matches":["*://*.docin.com/p-*","*://docimg1.docin.com/?wk=true","*://ishare.iask.sina.com.cn/f/*","*://ishare.iask.com/f/*","*://swf.ishare.down.sina.com.cn/?path=*","*://swf.ishare.down.sina.com.cn/?wk=true","*://www.deliwenku.com/p-*","*://file.deliwenku.com/?num=*","*://file3.deliwenku.com/?num=*","*://www.doc88.com/p-*","*://www.360doc.com/content/*","*://doc.mbalib.com/view/*","*://www.dugen.com/p-*","*://max.book118.com/html/*","*://openapi.book118.com/?*","*://view-cache.book118.com/pptView.html?*","*://*.book118.com/?readpage=*","*://c.gb688.cn/bzgk/gb/showGb?*","*://www.safewk.com/p-*","*://www.renrendoc.com/paper/*","*://www.renrendoc.com/p-*","*://www.yunzhan365.com/basic/*","*://book.yunzhan365.com/*index.html*","*://wenku.so.com/d/*","*://jg.class.com.cn/cms/resourcedetail.htm?contentUid=*","*://preview.imm.aliyuncs.com/index.html?url=*/jgjyw/*","*://www.wenkub.com/p-*.html*","*://*/manuscripts/?*","*://gwfw.sdlib.com:8000/*","*://www.jinchutou.com/shtml/view-*","*://www.jinchutou.com/p-*","*://www.nrsis.org.cn/*/read/*","https://xianxiao.ssap.com.cn/readerpdf/?id=*","https://xianxiao.ssap.com.cn/index/rpdf/read/id/*/catalog_id/0.html?file=*"],"orig_noframes":null,"orig_run_at":"document-idle","use_blockers":[],"use_connects":[],"use_excludes":[],"use_includes":[],"use_matches":[]},"run_at":null},"settings":{"enabled":false,"position":40},"meta":{"name":"Wenku Doc Downloader","uuid":"c2bf8c7f-b019-43dd-a349-79426cdf20de","sc_uuid":"c2bf8c7f-b019-43dd-a349-79426cdf20de","modified":1729827376140,"file_url":"https://update.greasyfork.org/scripts/435884/Wenku%20Doc%20Downloader.user.js"}}