{"options":{"check_for_updates":false,"comment":null,"compat_foreach":false,"compat_metadata":false,"compat_prototypes":false,"compat_wrappedjsobject":false,"compatopts_for_requires":true,"noframes":null,"override":{"merge_connects":true,"merge_excludes":true,"merge_includes":true,"merge_matches":true,"orig_connects":[],"orig_excludes":[],"orig_includes":[],"orig_matches":["*://www.bookmarkearth.com/view/*"],"orig_noframes":null,"orig_run_at":"document-idle","use_blockers":[],"use_connects":[],"use_excludes":[],"use_includes":[],"use_matches":[]},"run_at":null},"settings":{"enabled":false,"position":14},"meta":{"name":"书签地球-不关注公众号自动页面跳转","uuid":"de352c65-e24b-498a-9574-7fe291171188","sc_uuid":"de352c65-e24b-498a-9574-7fe291171188","modified":1729827376138,"file_url":"https://update.greasyfork.org/scripts/436201/%E4%B9%A6%E7%AD%BE%E5%9C%B0%E7%90%83-%E4%B8%8D%E5%85%B3%E6%B3%A8%E5%85%AC%E4%BC%97%E5%8F%B7%E8%87%AA%E5%8A%A8%E9%A1%B5%E9%9D%A2%E8%B7%B3%E8%BD%AC.user.js"}}