{"options":{"check_for_updates":false,"comment":null,"compat_foreach":false,"compat_metadata":false,"compat_prototypes":false,"compat_wrappedjsobject":false,"compatopts_for_requires":true,"noframes":null,"override":{"merge_connects":true,"merge_excludes":true,"merge_includes":true,"merge_matches":true,"orig_connects":["biliplus.com"],"orig_excludes":[],"orig_includes":[],"orig_matches":["https://space.bilibili.com/*"],"orig_noframes":null,"orig_run_at":"document-idle","use_blockers":[],"use_connects":[],"use_excludes":[],"use_includes":[],"use_matches":[]},"run_at":null},"settings":{"enabled":true,"position":31},"meta":{"name":"哔哩哔哩(B站|Bilibili)收藏夹Fix","uuid":"18a6b8eb-97fd-4fd8-9194-3683d24eafa1","sc_uuid":"18a6b8eb-97fd-4fd8-9194-3683d24eafa1","modified":1729827376139,"file_url":"https://update.greasyfork.org/scripts/383143/%E5%93%94%E5%93%A9%E5%93%94%E5%93%A9%28B%E7%AB%99%7CBilibili%29%E6%94%B6%E8%97%8F%E5%A4%B9Fix.user.js"}}