{"options":{"check_for_updates":false,"comment":null,"compat_foreach":false,"compat_metadata":false,"compat_prototypes":false,"compat_wrappedjsobject":false,"compatopts_for_requires":true,"noframes":null,"override":{"merge_connects":true,"merge_excludes":true,"merge_includes":true,"merge_matches":true,"orig_connects":["bdimg.com"],"orig_excludes":[],"orig_includes":[],"orig_matches":["*://wenku.baidu.com/*","*://wk.baidu.com/*"],"orig_noframes":null,"orig_run_at":"document-idle","use_blockers":[],"use_connects":[],"use_excludes":[],"use_includes":[],"use_matches":[]},"run_at":null},"settings":{"enabled":false,"position":21},"meta":{"name":"百度文库净化·下载·解禁·VIP","uuid":"caff4f36-e929-4b07-8cdc-24a44e3ac83d","sc_uuid":"caff4f36-e929-4b07-8cdc-24a44e3ac83d","modified":1729827376139,"file_url":"https://update.greasyfork.org/scripts/438420/%E7%99%BE%E5%BA%A6%E6%96%87%E5%BA%93%E5%87%80%E5%8C%96%C2%B7%E4%B8%8B%E8%BD%BD%C2%B7%E8%A7%A3%E7%A6%81%C2%B7VIP.user.js"}}