{"options":{"check_for_updates":false,"comment":null,"compat_foreach":false,"compat_metadata":false,"compat_prototypes":false,"compat_wrappedjsobject":false,"compatopts_for_requires":true,"noframes":null,"override":{"merge_connects":true,"merge_excludes":true,"merge_includes":true,"merge_matches":true,"orig_connects":["cnki.net"],"orig_excludes":[],"orig_includes":["*/DefaultResult/Index*","*/KNS8/AdvSearch*","*/detail.aspx*","*/CatalogViewPage.aspx*","*/Article/*"],"orig_matches":["https://www.cnki.net/"],"orig_noframes":null,"orig_run_at":"document-idle","use_blockers":[],"use_connects":[],"use_excludes":[],"use_includes":[],"use_matches":[]},"run_at":null},"settings":{"enabled":false,"position":24},"meta":{"name":"知网下载助手","uuid":"cdaebe5d-b0a5-4dd5-a92c-241c4b45e85a","sc_uuid":"cdaebe5d-b0a5-4dd5-a92c-241c4b45e85a","modified":1729827376139,"file_url":"https://update.greasyfork.org/scripts/371938/%E7%9F%A5%E7%BD%91%E4%B8%8B%E8%BD%BD%E5%8A%A9%E6%89%8B.user.js"}}