{"options":{"check_for_updates":false,"comment":null,"compat_foreach":false,"compat_metadata":false,"compat_prototypes":false,"compat_wrappedjsobject":false,"compatopts_for_requires":true,"noframes":null,"override":{"merge_connects":true,"merge_excludes":true,"merge_includes":true,"merge_matches":true,"orig_connects":[],"orig_excludes":[],"orig_includes":[],"orig_matches":["*://music.163.com/*"],"orig_noframes":null,"orig_run_at":"document-idle","use_blockers":[],"use_connects":[],"use_excludes":[],"use_includes":[],"use_matches":[]},"run_at":null},"settings":{"enabled":true,"position":27},"meta":{"name":"网易云下载","uuid":"a685c615-69f6-4941-8a20-83bf4919da72","sc_uuid":"a685c615-69f6-4941-8a20-83bf4919da72","modified":1729827376139,"file_url":"https://update.greasyfork.org/scripts/431185/%E7%BD%91%E6%98%93%E4%BA%91%E4%B8%8B%E8%BD%BD.user.js"}}