{"options":{"check_for_updates":false,"comment":null,"compat_foreach":false,"compat_metadata":false,"compat_prototypes":false,"compat_wrappedjsobject":false,"compatopts_for_requires":true,"noframes":null,"override":{"merge_connects":true,"merge_excludes":true,"merge_includes":true,"merge_matches":true,"orig_connects":["baidu.com","baidupcs.com","aliyundrive.com","alipan.com","189.cn","xunlei.com","quark.cn","youxiaohou.com","yun.139.com","caiyun.139.com","localhost","*"],"orig_excludes":[],"orig_includes":[],"orig_matches":["*://pan.baidu.com/disk/home*","*://yun.baidu.com/disk/home*","*://pan.baidu.com/disk/main*","*://yun.baidu.com/disk/main*","*://pan.baidu.com/s/*","*://yun.baidu.com/s/*","*://pan.baidu.com/share/*","*://yun.baidu.com/share/*","*://openapi.baidu.com/*","*://www.aliyundrive.com/s/*","*://www.aliyundrive.com/drive*","*://www.alipan.com/s/*","*://www.alipan.com/drive*","*://cloud.189.cn/web/*","*://pan.xunlei.com/*","*://pan.quark.cn/*","*://yun.139.com/*","*://caiyun.139.com/*"],"orig_noframes":null,"orig_run_at":"document-idle","use_blockers":[],"use_connects":[],"use_excludes":[],"use_includes":[],"use_matches":[]},"run_at":null},"settings":{"enabled":true,"position":0},"meta":{"name":"网盘直链下载助手","uuid":"b6165906-8ae9-4de9-94cd-06511d4f0885","sc_uuid":"b6165906-8ae9-4de9-94cd-06511d4f0885","modified":1732784111312,"file_url":"https://www.youxiaohou.com/panlinker.user.js"}}