{"data":{"rwl_userData":"o{\"status\":1,\"version\":0.1,\"message\":\"啦啦啦,啦啦啦,我是卖报的小行家\",\"positionTop\":0,\"positionLeft\":0,\"positionRight\":\"auto\",\"addBtn\":true,\"connectToTheServer\":false,\"waitUpload\":[\"www.xiaohongshu.com\",\"www.jb51.net\",\"pan.baidu.com\",\"cn.youshibeike.com\",\"discord.com\",\"www.rg35xx.com\",\"fullgame666.com\",\"www.wlgooo.com\",\"www.gbarom.cn\",\"gjx.aionyp.cn\"],\"currentURL\":\"https://gjx.aionyp.cn/\",\"shortcut\":3,\"rules\":{\"rule_def\":{\"name\":\"default\",\"hook_eventNames\":\"contextmenu|select|selectstart|copy|cut|dragstart|mousemove|beforeunload\",\"unhook_eventNames\":\"mousedown|mouseup|keydown|keyup\",\"dom0\":true,\"hook_addEventListener\":true,\"hook_preventDefault\":true,\"hook_set_returnValue\":true,\"add_css\":true},\"rule_plus\":{\"name\":\"default\",\"hook_eventNames\":\"contextmenu|select|selectstart|copy|cut|dragstart|mousedown|mouseup|mousemove|beforeunload\",\"unhook_eventNames\":\"keydown|keyup\",\"dom0\":true,\"hook_addEventListener\":true,\"hook_preventDefault\":true,\"hook_set_returnValue\":true,\"add_css\":true},\"rule_zhihu\":{\"name\":\"default\",\"hook_eventNames\":\"contextmenu|select|selectstart|copy|cut|dragstart|mousemove\",\"unhook_eventNames\":\"keydown|keyup\",\"dom0\":true,\"hook_addEventListener\":true,\"hook_preventDefault\":true,\"hook_set_returnValue\":true,\"add_css\":true}},\"data\":[\"3g.163.com\",\"b.faloo.com\",\"bbs.coocaa.com\",\"boke112.com\",\"book.hjsm.tom.com\",\"book.zhulang.com\",\"book.zongheng.com\",\"chokstick.com\",\"chuangshi.qq.com\",\"chuangshi.qq.com\",\"city.udn.com\",\"cn.youshibeike.com\",\"cutelisa55.pixnet.net\",\"discord.com\",\"doc.guandang.net\",\"fullgame666.com\",\"gjx.aionyp.cn\",\"huayu.baidu.com\",\"imac.hk\",\"leetcode.cn\",\"life.tw\",\"luxmuscles.com\",\"m.haodf.com\",\"movie.douban.com\",\"news.missevan.com\",\"origenapellido.com\",\"pan.baidu.com\",\"read.qidian.com\",\"vipreader.qidian.com\",\"votetw.com\",\"www.15yan.com\",\"www.17k.com\",\"www.18183.com\",\"www.360doc.com\",\"www.51dongshi.com\",\"www.alphapolis.co.jp\",\"www.bimiacg.net\",\"www.coco01.net\",\"www.daodoc.com\",\"www.dianyuan.com\",\"www.eyu.com\",\"www.gbarom.cn\",\"www.hongshu.com\",\"www.hongxiu.com\",\"www.imooc.com\",\"www.jb51.net\",\"www.jianbiaoku.com\",\"www.jjwxc.net\",\"www.longmabookcn.com\",\"www.lu-xu.com\",\"www.myhtebooks.com\",\"www.myhtlmebook.com\",\"www.pigai.org\",\"www.ppkao.com\",\"www.readnovel.com\",\"www.rg35xx.com\",\"www.ruiwen.com\",\"www.sdifen.com\",\"www.shangc.net\",\"www.soyoung.com\",\"www.szxx.com.cn\",\"www.tadu.com\",\"www.uta-net.com\",\"www.wcqjyw.com\",\"www.wlgooo.com\",\"www.xiaohongshu.com\",\"www.xiegw.cn\",\"www.xxsy.net\",\"www.yuque.com\",\"www.z3z4.com\",\"www.zhihu.com\",\"yuedu.163.com\"]}"},"ts":1747625310385}