{"options":{"check_for_updates":false,"comment":null,"compat_foreach":false,"compat_metadata":false,"compat_prototypes":false,"compat_wrappedjsobject":false,"compatopts_for_requires":true,"noframes":null,"override":{"merge_connects":true,"merge_excludes":true,"merge_includes":true,"merge_matches":true,"orig_connects":[],"orig_excludes":[],"orig_includes":["*"],"orig_matches":[],"orig_noframes":null,"orig_run_at":"document-idle","use_blockers":[],"use_connects":[],"use_excludes":[],"use_includes":[],"use_matches":[]},"run_at":null},"settings":{"enabled":true,"position":9},"meta":{"name":"计时器掌控者|视频广告跳过|视频广告加速器","uuid":"52f60f9a-0a89-482e-8e1c-f0a699aa699e","sc_uuid":"52f60f9a-0a89-482e-8e1c-f0a699aa699e","modified":1729827376138,"file_url":"https://palerock.cn/node-service/scripts/install/@hook-js_timer/hook.timer.user.js"}}