{"options":{"check_for_updates":false,"comment":null,"compat_foreach":false,"compat_metadata":false,"compat_prototypes":false,"compat_wrappedjsobject":false,"compatopts_for_requires":true,"noframes":null,"override":{"merge_connects":true,"merge_excludes":true,"merge_includes":true,"merge_matches":true,"orig_connects":[],"orig_excludes":["*://www.kdocs.cn/p/*","*://docs.google.com/document/d/*","*://www.notion.so/*","*://www.wolai.com/*","*://yiqixie.qingque.cn/d/home/*","*://www.yuque.com/*/edit","*://*.cqaso.com/*","*://xiezuocat.com/#/doc/*","*://mail.*"],"orig_includes":["*"],"orig_matches":[],"orig_noframes":null,"orig_run_at":"document-idle","use_blockers":[],"use_connects":[],"use_excludes":[],"use_includes":[],"use_matches":[]},"run_at":null},"settings":{"enabled":false,"position":36},"meta":{"name":"链接助手","uuid":"88f32e8b-2d0a-4702-82c5-5cb82d58780c","sc_uuid":"88f32e8b-2d0a-4702-82c5-5cb82d58780c","modified":1732783654807,"file_url":"https://github.com/oneNorth7/LinkHelper/raw/main/%E9%93%BE%E6%8E%A5%E5%8A%A9%E6%89%8B.user.js"}}