{"options":{"check_for_updates":false,"comment":null,"compat_foreach":false,"compat_metadata":false,"compat_prototypes":false,"compat_wrappedjsobject":false,"compatopts_for_requires":true,"noframes":null,"override":{"merge_connects":true,"merge_excludes":true,"merge_includes":true,"merge_matches":true,"orig_connects":[],"orig_excludes":["https://www.baidu.com/*","*://tieba.baidu.com/*","*://pan.baidu.com/*","*://wen.baidu.com/*"],"orig_includes":[],"orig_matches":["https://*.csdn.net/*","*://*.github.io/*","*://www.iocoder.cn/*","*://*.jianshu.com/p/*","*://m.sohu.com/a/*","*://*.xz577.com/*","*://*.javascriptcn.com/*","*://*.baidu.com/*","*://*.iteye.com/*","*://*.720ui.com/*","*://*.goodreads.com/book/show/*","*://www.wukong.com/question/*","*://cloud.tencent.com/developer/article/*","*://m.leju.com/*","*://*.didispace.com/*","*://*.sina.cn/*","*://*.toutiao.com/*","*://weibo.com/ttarticle/p/show*","*://card.weibo.com/article/m/show/id/*","*://3g.163.com/*","*://*.*.163.com/news/*","*://*.inews.qq.com/*","*://*.36kr.com/p/*","*://*.elecfans.com/*","*://inews.qq.com/*","*://xw.qq.com/*","*://blog.51cto.com/*","*://*.zhihu.com/question/*","*://*.guokr.com/*","*://*.awesomes.cn/*","*://*.javazhiyin.com/*","*://m.hupu.com/bbs/*","*://bugstack.cn/md/*","*://wap.peopleapp.com/article/*","*://jingyan.baidu.com/article/*","*://*.ifeng.com/c/*","*://*.360doc.com/content/*","*://www.hi-linux.com/posts/*","*://www.ddkk.com/zhuanlan/*","*://ddkk.com/zhuanlan/*","*://www.tapd.cn/*"],"orig_noframes":null,"orig_run_at":"document-idle","use_blockers":[],"use_connects":[],"use_excludes":[],"use_includes":[],"use_matches":[]},"run_at":null},"settings":{"enabled":false,"position":5},"meta":{"name":"阅读全文、自动展开全文、自动移除万恶弹框","uuid":"7f35df1c-16d2-4a7c-b33b-d0948c419074","sc_uuid":"7f35df1c-16d2-4a7c-b33b-d0948c419074","modified":1729827376138,"file_url":"https://update.greasyfork.org/scripts/414010/%E9%98%85%E8%AF%BB%E5%85%A8%E6%96%87%E3%80%81%E8%87%AA%E5%8A%A8%E5%B1%95%E5%BC%80%E5%85%A8%E6%96%87%E3%80%81%E8%87%AA%E5%8A%A8%E7%A7%BB%E9%99%A4%E4%B8%87%E6%81%B6%E5%BC%B9%E6%A1%86.user.js"}}